index,valore
2014-04-24 10:00:00,38.0107
2014-04-24 11:00:00,37.8223
2014-04-24 12:00:00,37.3976
2014-04-24 13:00:00,37.677
2014-04-24 14:00:00,37.4452
2014-04-24 15:00:00,426.0
2014-04-24 16:00:00,276.0
2014-04-24 17:00:00,299.0
2014-04-24 18:00:00,371.0
2014-04-24 19:00:00,325.0
2014-04-24 20:00:00,282.0
2014-04-24 21:00:00,241.0
2014-04-24 22:00:00,287.0
2014-04-24 23:00:00,232.0
2014-04-25 00:00:00,244.0
2014-04-25 01:00:00,230.0
2014-04-25 02:00:00,354.0
2014-04-25 03:00:00,323.0
2014-04-25 04:00:00,233.0
2014-04-25 05:00:00,249.0
2014-04-25 06:00:00,432.0
2014-04-25 07:00:00,288.0
2014-04-25 08:00:00,370.0
2014-04-25 09:00:00,213.0
2014-04-25 10:00:00,38.0107
2014-04-25 11:00:00,37.8223
2014-04-25 12:00:00,37.3976
2014-04-25 13:00:00,37.677
2014-04-25 14:00:00,37.4452
2014-04-25 15:00:00,426.0
2014-04-25 16:00:00,276.0
2014-04-25 17:00:00,299.0
2014-04-25 18:00:00,371.0
2014-04-25 19:00:00,325.0
2014-04-25 20:00:00,282.0
2014-04-25 21:00:00,241.0
2014-04-25 22:00:00,287.0
2014-04-25 23:00:00,232.0
2014-04-26 00:00:00,244.0
2014-04-26 01:00:00,230.0
2014-04-26 02:00:00,354.0
2014-04-26 03:00:00,323.0
2014-04-26 04:00:00,233.0
2014-04-26 05:00:00,249.0
2014-04-26 06:00:00,432.0
2014-04-26 07:00:00,288.0
2014-04-26 08:00:00,370.0
2014-04-26 09:00:00,213.0
2014-04-26 10:00:00,38.0107
2014-04-26 11:00:00,37.8223
2014-04-26 12:00:00,37.3976
2014-04-26 13:00:00,37.677
2014-04-26 14:00:00,37.4452
2014-04-26 15:00:00,426.0
2014-04-26 16:00:00,276.0
2014-04-26 17:00:00,299.0
2014-04-26 18:00:00,371.0
2014-04-26 19:00:00,325.0
2014-04-26 20:00:00,282.0
2014-04-26 21:00:00,241.0
2014-04-26 22:00:00,287.0
2014-04-26 23:00:00,232.0
2014-04-27 00:00:00,244.0
2014-04-27 01:00:00,230.0
2014-04-27 02:00:00,354.0
2014-04-27 03:00:00,323.0
2014-04-27 04:00:00,233.0
2014-04-27 05:00:00,249.0
2014-04-27 06:00:00,432.0
2014-04-27 07:00:00,288.0
2014-04-27 08:00:00,370.0
2014-04-27 09:00:00,213.0
2014-04-27 10:00:00,38.0107
2014-04-27 11:00:00,37.8223
2014-04-27 12:00:00,37.3976
2014-04-27 13:00:00,37.677
2014-04-27 14:00:00,37.4452
2014-04-27 15:00:00,426.0
2014-04-27 16:00:00,276.0
2014-04-27 17:00:00,299.0
2014-04-27 18:00:00,371.0
2014-04-27 19:00:00,325.0
2014-04-27 20:00:00,282.0
2014-04-27 21:00:00,241.0
2014-04-27 22:00:00,287.0
2014-04-27 23:00:00,232.0
2014-04-28 00:00:00,244.0
2014-04-28 01:00:00,230.0
2014-04-28 02:00:00,354.0
2014-04-28 03:00:00,323.0
2014-04-28 04:00:00,233.0
2014-04-28 05:00:00,249.0
2014-04-28 06:00:00,432.0
2014-04-28 07:00:00,288.0
2014-04-28 08:00:00,370.0
2014-04-28 09:00:00,213.0
2014-04-28 10:00:00,38.0107
2014-04-28 11:00:00,37.8223
2014-04-28 12:00:00,37.3976
2014-04-28 13:00:00,37.677
2014-04-28 14:00:00,37.4452
2014-04-28 15:00:00,426.0
2014-04-28 16:00:00,276.0
2014-04-28 17:00:00,299.0
2014-04-28 18:00:00,371.0
2014-04-28 19:00:00,325.0
2014-04-28 20:00:00,282.0
2014-04-28 21:00:00,241.0
2014-04-28 22:00:00,287.0
2014-04-28 23:00:00,232.0
2014-04-29 00:00:00,244.0
2014-04-29 01:00:00,230.0
2014-04-29 02:00:00,354.0
2014-04-29 03:00:00,323.0
2014-04-29 04:00:00,233.0
2014-04-29 05:00:00,249.0
2014-04-29 06:00:00,432.0
2014-04-29 07:00:00,288.0
2014-04-29 08:00:00,370.0
2014-04-29 09:00:00,213.0
2014-04-29 10:00:00,38.0107
2014-04-29 11:00:00,37.8223
2014-04-29 12:00:00,37.3976
2014-04-29 13:00:00,37.677
2014-04-29 14:00:00,37.4452
2014-04-29 15:00:00,426.0
2014-04-29 16:00:00,276.0
2014-04-29 17:00:00,299.0
2014-04-29 18:00:00,371.0
2014-04-29 19:00:00,325.0
2014-04-29 20:00:00,282.0
2014-04-29 21:00:00,241.0
2014-04-29 22:00:00,287.0
2014-04-29 23:00:00,232.0
2014-04-30 00:00:00,244.0
2014-04-30 01:00:00,230.0
2014-04-30 02:00:00,354.0
2014-04-30 03:00:00,323.0
2014-04-30 04:00:00,233.0
2014-04-30 05:00:00,249.0
2014-04-30 06:00:00,432.0
2014-04-30 07:00:00,288.0
2014-04-30 08:00:00,370.0
2014-04-30 09:00:00,213.0
2014-04-30 10:00:00,38.0107
2014-04-30 11:00:00,37.8223
2014-04-30 12:00:00,37.3976
2014-04-30 13:00:00,37.677
2014-04-30 14:00:00,37.4452
2014-04-30 15:00:00,426.0
2014-04-30 16:00:00,276.0
2014-04-30 17:00:00,299.0
2014-04-30 18:00:00,371.0
2014-04-30 19:00:00,325.0
2014-04-30 20:00:00,282.0
2014-04-30 21:00:00,241.0
2014-04-30 22:00:00,287.0
2014-04-30 23:00:00,232.0
2014-05-01 00:00:00,244.0
2014-05-01 01:00:00,230.0
2014-05-01 02:00:00,354.0
2014-05-01 03:00:00,323.0
2014-05-01 04:00:00,233.0
2014-05-01 05:00:00,249.0
2014-05-01 06:00:00,432.0
2014-05-01 07:00:00,288.0
2014-05-01 08:00:00,370.0
2014-05-01 09:00:00,213.0
2014-05-01 10:00:00,38.0107
2014-05-01 11:00:00,37.8223
2014-05-01 12:00:00,37.3976
2014-05-01 13:00:00,37.677
2014-05-01 14:00:00,37.4452
2014-05-01 15:00:00,426.0
2014-05-01 16:00:00,276.0
2014-05-01 17:00:00,299.0
2014-05-01 18:00:00,371.0
2014-05-01 19:00:00,325.0
2014-05-01 20:00:00,282.0
2014-05-01 21:00:00,241.0
2014-05-01 22:00:00,287.0
2014-05-01 23:00:00,232.0
2014-05-02 00:00:00,244.0
2014-05-02 01:00:00,230.0
2014-05-02 02:00:00,354.0
2014-05-02 03:00:00,323.0
2014-05-02 04:00:00,233.0
2014-05-02 05:00:00,249.0
2014-05-02 06:00:00,432.0
2014-05-02 07:00:00,288.0
2014-05-02 08:00:00,370.0
2014-05-02 09:00:00,213.0
2014-05-02 10:00:00,38.0107
2014-05-02 11:00:00,37.8223
2014-05-02 12:00:00,37.3976
2014-05-02 13:00:00,37.677
2014-05-02 14:00:00,37.4452
2014-05-02 15:00:00,426.0
2014-05-02 16:00:00,276.0
2014-05-02 17:00:00,299.0
2014-05-02 18:00:00,371.0
2014-05-02 19:00:00,325.0
2014-05-02 20:00:00,282.0
2014-05-02 21:00:00,241.0
2014-05-02 22:00:00,287.0
2014-05-02 23:00:00,232.0
2014-05-03 00:00:00,244.0
2014-05-03 01:00:00,230.0
2014-05-03 02:00:00,354.0
2014-05-03 03:00:00,323.0
2014-05-03 04:00:00,233.0
2014-05-03 05:00:00,249.0
2014-05-03 06:00:00,432.0
2014-05-03 07:00:00,288.0
2014-05-03 08:00:00,370.0
2014-05-03 09:00:00,213.0
2014-05-03 10:00:00,38.0107
2014-05-03 11:00:00,37.8223
2014-05-03 12:00:00,37.3976
2014-05-03 13:00:00,37.677
2014-05-03 14:00:00,37.4452
2014-05-03 15:00:00,426.0
2014-05-03 16:00:00,276.0
2014-05-03 17:00:00,299.0
2014-05-03 18:00:00,371.0
2014-05-03 19:00:00,325.0
2014-05-03 20:00:00,282.0
2014-05-03 21:00:00,241.0
2014-05-03 22:00:00,287.0
2014-05-03 23:00:00,232.0
2014-05-04 00:00:00,244.0
2014-05-04 01:00:00,230.0
2014-05-04 02:00:00,354.0
2014-05-04 03:00:00,323.0
2014-05-04 04:00:00,233.0
2014-05-04 05:00:00,249.0
2014-05-04 06:00:00,432.0
2014-05-04 07:00:00,288.0
2014-05-04 08:00:00,370.0
2014-05-04 09:00:00,213.0
2014-05-04 10:00:00,38.0107
2014-05-04 11:00:00,37.8223
2014-05-04 12:00:00,37.3976
2014-05-04 13:00:00,37.677
2014-05-04 14:00:00,37.4452
2014-05-04 15:00:00,426.0
2014-05-04 16:00:00,276.0
2014-05-04 17:00:00,299.0
2014-05-04 18:00:00,371.0
2014-05-04 19:00:00,325.0
2014-05-04 20:00:00,282.0
2014-05-04 21:00:00,241.0
2014-05-04 22:00:00,287.0
2014-05-04 23:00:00,232.0
2014-05-05 00:00:00,244.0
2014-05-05 01:00:00,230.0
2014-05-05 02:00:00,354.0
2014-05-05 03:00:00,323.0
2014-05-05 04:00:00,233.0
2014-05-05 05:00:00,249.0
2014-05-05 06:00:00,432.0
2014-05-05 07:00:00,288.0
2014-05-05 08:00:00,370.0
2014-05-05 09:00:00,213.0
2014-05-05 10:00:00,38.0107
2014-05-05 11:00:00,37.8223
2014-05-05 12:00:00,37.3976
2014-05-05 13:00:00,37.677
2014-05-05 14:00:00,37.4452
2014-05-05 15:00:00,426.0
2014-05-05 16:00:00,276.0
2014-05-05 17:00:00,299.0
2014-05-05 18:00:00,371.0
2014-05-05 19:00:00,325.0
2014-05-05 20:00:00,282.0
2014-05-05 21:00:00,241.0
2014-05-05 22:00:00,287.0
2014-05-05 23:00:00,232.0
2014-05-06 00:00:00,244.0
2014-05-06 01:00:00,230.0
2014-05-06 02:00:00,354.0
2014-05-06 03:00:00,323.0
2014-05-06 04:00:00,233.0
2014-05-06 05:00:00,249.0
2014-05-06 06:00:00,432.0
2014-05-06 07:00:00,288.0
2014-05-06 08:00:00,370.0
2014-05-06 09:00:00,213.0
2014-05-06 10:00:00,38.0107
2014-05-06 11:00:00,37.8223
2014-05-06 12:00:00,37.3976
2014-05-06 13:00:00,37.677
2014-05-06 14:00:00,37.4452
2014-05-06 15:00:00,426.0
2014-05-06 16:00:00,276.0
2014-05-06 17:00:00,299.0
2014-05-06 18:00:00,371.0
2014-05-06 19:00:00,325.0
2014-05-06 20:00:00,282.0
2014-05-06 21:00:00,241.0
2014-05-06 22:00:00,287.0
2014-05-06 23:00:00,232.0
2014-05-07 00:00:00,244.0
2014-05-07 01:00:00,230.0
2014-05-07 02:00:00,354.0
2014-05-07 03:00:00,323.0
2014-05-07 04:00:00,233.0
2014-05-07 05:00:00,249.0
2014-05-07 06:00:00,432.0
2014-05-07 07:00:00,288.0
2014-05-07 08:00:00,370.0
2014-05-07 09:00:00,213.0
2014-05-07 10:00:00,38.0107
2014-05-07 11:00:00,37.8223
2014-05-07 12:00:00,37.3976
2014-05-07 13:00:00,37.677
2014-05-07 14:00:00,37.4452
2014-05-07 15:00:00,426.0
2014-05-07 16:00:00,276.0
2014-05-07 17:00:00,299.0
2014-05-07 18:00:00,371.0
2014-05-07 19:00:00,325.0
2014-05-07 20:00:00,282.0
2014-05-07 21:00:00,241.0
2014-05-07 22:00:00,287.0
2014-05-07 23:00:00,232.0
2014-05-08 00:00:00,244.0
2014-05-08 01:00:00,230.0
2014-05-08 02:00:00,354.0
2014-05-08 03:00:00,323.0
2014-05-08 04:00:00,233.0
2014-05-08 05:00:00,249.0
2014-05-08 06:00:00,432.0
2014-05-08 07:00:00,288.0
2014-05-08 08:00:00,370.0
2014-05-08 09:00:00,213.0
2014-05-08 10:00:00,38.0107
2014-05-08 11:00:00,37.8223
2014-05-08 12:00:00,37.3976
2014-05-08 13:00:00,37.677
2014-05-08 14:00:00,37.4452
2014-05-08 15:00:00,426.0
2014-05-08 16:00:00,276.0
2014-05-08 17:00:00,299.0
2014-05-08 18:00:00,371.0
2014-05-08 19:00:00,325.0
2014-05-08 20:00:00,282.0
2014-05-08 21:00:00,241.0
2014-05-08 22:00:00,287.0
2014-05-08 23:00:00,232.0
2014-05-09 00:00:00,244.0
2014-05-09 01:00:00,230.0
2014-05-09 02:00:00,354.0
2014-05-09 03:00:00,323.0
2014-05-09 04:00:00,233.0
2014-05-09 05:00:00,249.0
2014-05-09 06:00:00,432.0
2014-05-09 07:00:00,288.0
2014-05-09 08:00:00,370.0
2014-05-09 09:00:00,213.0
2014-05-09 10:00:00,38.0107
2014-05-09 11:00:00,37.8223
2014-05-09 12:00:00,37.3976
2014-05-09 13:00:00,37.677
2014-05-09 14:00:00,37.4452
2014-05-09 15:00:00,426.0
2014-05-09 16:00:00,276.0
2014-05-09 17:00:00,299.0
2014-05-09 18:00:00,371.0
2014-05-09 19:00:00,325.0
2014-05-09 20:00:00,282.0
2014-05-09 21:00:00,241.0
2014-05-09 22:00:00,287.0
2014-05-09 23:00:00,232.0
2014-05-10 00:00:00,244.0
2014-05-10 01:00:00,230.0
2014-05-10 02:00:00,354.0
2014-05-10 03:00:00,323.0
2014-05-10 04:00:00,233.0
2014-05-10 05:00:00,249.0
2014-05-10 06:00:00,432.0
2014-05-10 07:00:00,288.0
2014-05-10 08:00:00,370.0
2014-05-10 09:00:00,213.0
2014-05-10 10:00:00,38.0107
2014-05-10 11:00:00,37.8223
2014-05-10 12:00:00,37.3976
2014-05-10 13:00:00,37.677
2014-05-10 14:00:00,37.4452
2014-05-10 15:00:00,426.0
2014-05-10 16:00:00,276.0
2014-05-10 17:00:00,299.0
2014-05-10 18:00:00,371.0
2014-05-10 19:00:00,325.0
2014-05-10 20:00:00,282.0
2014-05-10 21:00:00,241.0
2014-05-10 22:00:00,287.0
2014-05-10 23:00:00,232.0
2014-05-11 00:00:00,244.0
2014-05-11 01:00:00,230.0
2014-05-11 02:00:00,354.0
2014-05-11 03:00:00,323.0
2014-05-11 04:00:00,233.0
2014-05-11 05:00:00,249.0
2014-05-11 06:00:00,432.0
2014-05-11 07:00:00,288.0
2014-05-11 08:00:00,370.0
2014-05-11 09:00:00,213.0
2014-05-11 10:00:00,38.0107
2014-05-11 11:00:00,37.8223
2014-05-11 12:00:00,37.3976
2014-05-11 13:00:00,37.677
2014-05-11 14:00:00,37.4452
2014-05-11 15:00:00,426.0
2014-05-11 16:00:00,276.0
2014-05-11 17:00:00,299.0
2014-05-11 18:00:00,371.0
2014-05-11 19:00:00,325.0
2014-05-11 20:00:00,282.0
2014-05-11 21:00:00,241.0
2014-05-11 22:00:00,287.0
2014-05-11 23:00:00,232.0
2014-05-12 00:00:00,244.0
2014-05-12 01:00:00,230.0
2014-05-12 02:00:00,354.0
2014-05-12 03:00:00,323.0
2014-05-12 04:00:00,233.0
2014-05-12 05:00:00,249.0
2014-05-12 06:00:00,432.0
2014-05-12 07:00:00,288.0
2014-05-12 08:00:00,370.0
2014-05-12 09:00:00,213.0
2014-05-12 10:00:00,38.0107
2014-05-12 11:00:00,37.8223
2014-05-12 12:00:00,37.3976
2014-05-12 13:00:00,37.677
2014-05-12 14:00:00,37.4452
2014-05-12 15:00:00,426.0
2014-05-12 16:00:00,276.0
2014-05-12 17:00:00,299.0
2014-05-12 18:00:00,371.0
2014-05-12 19:00:00,325.0
2014-05-12 20:00:00,282.0
2014-05-12 21:00:00,241.0
2014-05-12 22:00:00,287.0
2014-05-12 23:00:00,232.0
2014-05-13 00:00:00,244.0
2014-05-13 01:00:00,230.0
2014-05-13 02:00:00,354.0
2014-05-13 03:00:00,323.0
2014-05-13 04:00:00,233.0
2014-05-13 05:00:00,249.0
2014-05-13 06:00:00,432.0
2014-05-13 07:00:00,288.0
2014-05-13 08:00:00,370.0
2014-05-13 09:00:00,213.0
2014-05-13 10:00:00,38.0107
2014-05-13 11:00:00,37.8223
2014-05-13 12:00:00,37.3976
2014-05-13 13:00:00,37.677
2014-05-13 14:00:00,37.4452
2014-05-13 15:00:00,426.0
2014-05-13 16:00:00,276.0
2014-05-13 17:00:00,299.0
2014-05-13 18:00:00,371.0
2014-05-13 19:00:00,325.0
2014-05-13 20:00:00,282.0
2014-05-13 21:00:00,241.0
2014-05-13 22:00:00,287.0
2014-05-13 23:00:00,232.0
2014-05-14 00:00:00,244.0
2014-05-14 01:00:00,230.0
2014-05-14 02:00:00,354.0
2014-05-14 03:00:00,323.0
2014-05-14 04:00:00,233.0
2014-05-14 05:00:00,249.0
2014-05-14 06:00:00,432.0
2014-05-14 07:00:00,288.0
2014-05-14 08:00:00,370.0
2014-05-14 09:00:00,213.0
2014-05-14 10:00:00,38.0107
2014-05-14 11:00:00,37.8223
2014-05-14 12:00:00,37.3976
2014-05-14 13:00:00,37.677
2014-05-14 14:00:00,37.4452
2014-05-14 15:00:00,426.0
2014-05-14 16:00:00,276.0
2014-05-14 17:00:00,299.0
2014-05-14 18:00:00,371.0
2014-05-14 19:00:00,325.0
2014-05-14 20:00:00,282.0
2014-05-14 21:00:00,241.0
2014-05-14 22:00:00,287.0
2014-05-14 23:00:00,232.0
2014-05-15 00:00:00,244.0
2014-05-15 01:00:00,230.0
2014-05-15 02:00:00,354.0
2014-05-15 03:00:00,323.0
2014-05-15 04:00:00,233.0
2014-05-15 05:00:00,249.0
2014-05-15 06:00:00,432.0
2014-05-15 07:00:00,288.0
2014-05-15 08:00:00,370.0
2014-05-15 09:00:00,213.0
2014-05-15 10:00:00,38.0107
2014-05-15 11:00:00,37.8223
2014-05-15 12:00:00,37.3976
2014-05-15 13:00:00,37.677
2014-05-15 14:00:00,37.4452
2014-05-15 15:00:00,426.0
2014-05-15 16:00:00,276.0
2014-05-15 17:00:00,299.0
2014-05-15 18:00:00,371.0
2014-05-15 19:00:00,325.0
2014-05-15 20:00:00,282.0
2014-05-15 21:00:00,241.0
2014-05-15 22:00:00,287.0
2014-05-15 23:00:00,232.0
2014-05-16 00:00:00,244.0
2014-05-16 01:00:00,230.0
2014-05-16 02:00:00,354.0
2014-05-16 03:00:00,323.0
2014-05-16 04:00:00,233.0
2014-05-16 05:00:00,249.0
2014-05-16 06:00:00,432.0
2014-05-16 07:00:00,288.0
2014-05-16 08:00:00,370.0
2014-05-16 09:00:00,213.0
2014-05-16 10:00:00,38.0107
2014-05-16 11:00:00,37.8223
2014-05-16 12:00:00,37.3976
2014-05-16 13:00:00,37.677
2014-05-16 14:00:00,37.4452
2014-05-16 15:00:00,426.0
2014-05-16 16:00:00,276.0
2014-05-16 17:00:00,299.0
2014-05-16 18:00:00,371.0
2014-05-16 19:00:00,325.0
2014-05-16 20:00:00,282.0
2014-05-16 21:00:00,241.0
2014-05-16 22:00:00,287.0
2014-05-16 23:00:00,232.0
2014-05-17 00:00:00,244.0
2014-05-17 01:00:00,230.0
2014-05-17 02:00:00,354.0
2014-05-17 03:00:00,323.0
2014-05-17 04:00:00,233.0
2014-05-17 05:00:00,249.0
2014-05-17 06:00:00,432.0
2014-05-17 07:00:00,288.0
2014-05-17 08:00:00,370.0
2014-05-17 09:00:00,213.0
2014-05-17 10:00:00,38.0107
2014-05-17 11:00:00,37.8223
2014-05-17 12:00:00,37.3976
2014-05-17 13:00:00,37.677
2014-05-17 14:00:00,37.4452
2014-05-17 15:00:00,426.0
2014-05-17 16:00:00,276.0
2014-05-17 17:00:00,299.0
2014-05-17 18:00:00,371.0
2014-05-17 19:00:00,325.0
2014-05-17 20:00:00,282.0
2014-05-17 21:00:00,241.0
2014-05-17 22:00:00,287.0
2014-05-17 23:00:00,232.0
2014-05-18 00:00:00,244.0
2014-05-18 01:00:00,230.0
2014-05-18 02:00:00,354.0
2014-05-18 03:00:00,323.0
2014-05-18 04:00:00,233.0
2014-05-18 05:00:00,249.0
2014-05-18 06:00:00,432.0
2014-05-18 07:00:00,288.0
2014-05-18 08:00:00,370.0
2014-05-18 09:00:00,213.0
2014-05-18 10:00:00,38.0107
2014-05-18 11:00:00,37.8223
2014-05-18 12:00:00,37.3976
2014-05-18 13:00:00,37.677
2014-05-18 14:00:00,37.4452
2014-05-18 15:00:00,426.0
2014-05-18 16:00:00,276.0
2014-05-18 17:00:00,299.0
2014-05-18 18:00:00,371.0
2014-05-18 19:00:00,325.0
2014-05-18 20:00:00,282.0
2014-05-18 21:00:00,241.0
2014-05-18 22:00:00,287.0
2014-05-18 23:00:00,232.0
2014-05-19 00:00:00,244.0
2014-05-19 01:00:00,230.0
2014-05-19 02:00:00,354.0
2014-05-19 03:00:00,323.0
2014-05-19 04:00:00,233.0
2014-05-19 05:00:00,249.0
2014-05-19 06:00:00,432.0
2014-05-19 07:00:00,288.0
2014-05-19 08:00:00,370.0
2014-05-19 09:00:00,213.0
2014-05-19 10:00:00,38.0107
2014-05-19 11:00:00,37.8223
2014-05-19 12:00:00,37.3976
2014-05-19 13:00:00,37.677
2014-05-19 14:00:00,37.4452
2014-05-19 15:00:00,426.0
2014-05-19 16:00:00,276.0
2014-05-19 17:00:00,299.0
2014-05-19 18:00:00,371.0
2014-05-19 19:00:00,325.0
2014-05-19 20:00:00,282.0
2014-05-19 21:00:00,241.0
2014-05-19 22:00:00,287.0
2014-05-19 23:00:00,232.0
2014-05-20 00:00:00,244.0
2014-05-20 01:00:00,230.0
2014-05-20 02:00:00,354.0
2014-05-20 03:00:00,323.0
2014-05-20 04:00:00,233.0
2014-05-20 05:00:00,249.0
2014-05-20 06:00:00,432.0
2014-05-20 07:00:00,288.0
2014-05-20 08:00:00,370.0
2014-05-20 09:00:00,213.0
2014-05-20 10:00:00,38.0107
2014-05-20 11:00:00,37.8223
2014-05-20 12:00:00,37.3976
2014-05-20 13:00:00,37.677
2014-05-20 14:00:00,37.4452
2014-05-20 15:00:00,426.0
2014-05-20 16:00:00,276.0
2014-05-20 17:00:00,299.0
2014-05-20 18:00:00,371.0
2014-05-20 19:00:00,325.0
2014-05-20 20:00:00,282.0
2014-05-20 21:00:00,241.0
2014-05-20 22:00:00,287.0
2014-05-20 23:00:00,232.0
2014-05-21 00:00:00,244.0
2014-05-21 01:00:00,230.0
2014-05-21 02:00:00,354.0
2014-05-21 03:00:00,323.0
2014-05-21 04:00:00,233.0
2014-05-21 05:00:00,249.0
2014-05-21 06:00:00,432.0
2014-05-21 07:00:00,288.0
2014-05-21 08:00:00,370.0
2014-05-21 09:00:00,213.0
2014-05-21 10:00:00,38.0107
2014-05-21 11:00:00,37.8223
2014-05-21 12:00:00,37.3976
2014-05-21 13:00:00,37.677
2014-05-21 14:00:00,37.4452
2014-05-21 15:00:00,426.0
2014-05-21 16:00:00,276.0
2014-05-21 17:00:00,299.0
2014-05-21 18:00:00,371.0
2014-05-21 19:00:00,325.0
2014-05-21 20:00:00,282.0
2014-05-21 21:00:00,241.0
2014-05-21 22:00:00,287.0
2014-05-21 23:00:00,232.0
2014-05-22 00:00:00,244.0
2014-05-22 01:00:00,230.0
2014-05-22 02:00:00,354.0
2014-05-22 03:00:00,323.0
2014-05-22 04:00:00,233.0
2014-05-22 05:00:00,249.0
2014-05-22 06:00:00,432.0
2014-05-22 07:00:00,288.0
2014-05-22 08:00:00,370.0
2014-05-22 09:00:00,213.0
2014-05-22 10:00:00,38.0107
2014-05-22 11:00:00,37.8223
2014-05-22 12:00:00,37.3976
2014-05-22 13:00:00,37.677
2014-05-22 14:00:00,37.4452
2014-05-22 15:00:00,426.0
2014-05-22 16:00:00,276.0
2014-05-22 17:00:00,299.0
2014-05-22 18:00:00,371.0
2014-05-22 19:00:00,325.0
2014-05-22 20:00:00,282.0
2014-05-22 21:00:00,241.0
2014-05-22 22:00:00,287.0
2014-05-22 23:00:00,232.0
2014-05-23 00:00:00,244.0
2014-05-23 01:00:00,230.0
2014-05-23 02:00:00,354.0
2014-05-23 03:00:00,323.0
2014-05-23 04:00:00,233.0
2014-05-23 05:00:00,249.0
2014-05-23 06:00:00,432.0
2014-05-23 07:00:00,288.0
2014-05-23 08:00:00,370.0
2014-05-23 09:00:00,213.0
2014-05-23 10:00:00,38.0107
2014-05-23 11:00:00,37.8223
2014-05-23 12:00:00,37.3976
2014-05-23 13:00:00,37.677
2014-05-23 14:00:00,37.4452
2014-05-23 15:00:00,426.0
2014-05-23 16:00:00,276.0
2014-05-23 17:00:00,299.0
2014-05-23 18:00:00,371.0
2014-05-23 19:00:00,325.0
2014-05-23 20:00:00,282.0
2014-05-23 21:00:00,241.0
2014-05-23 22:00:00,287.0
2014-05-23 23:00:00,232.0
2014-05-24 00:00:00,244.0
2014-05-24 01:00:00,230.0
2014-05-24 02:00:00,354.0
2014-05-24 03:00:00,323.0
2014-05-24 04:00:00,233.0
2014-05-24 05:00:00,249.0
2014-05-24 06:00:00,432.0
2014-05-24 07:00:00,288.0
2014-05-24 08:00:00,370.0
2014-05-24 09:00:00,213.0
2014-05-24 10:00:00,38.0107
2014-05-24 11:00:00,37.8223
2014-05-24 12:00:00,37.3976
2014-05-24 13:00:00,37.677
2014-05-24 14:00:00,37.4452
2014-05-24 15:00:00,426.0
2014-05-24 16:00:00,276.0
2014-05-24 17:00:00,299.0
2014-05-24 18:00:00,371.0
2014-05-24 19:00:00,325.0
2014-05-24 20:00:00,282.0
2014-05-24 21:00:00,241.0
2014-05-24 22:00:00,287.0
2014-05-24 23:00:00,232.0
2014-05-25 00:00:00,244.0
2014-05-25 01:00:00,230.0
2014-05-25 02:00:00,354.0
2014-05-25 03:00:00,323.0
2014-05-25 04:00:00,233.0
2014-05-25 05:00:00,249.0
2014-05-25 06:00:00,432.0
2014-05-25 07:00:00,288.0
2014-05-25 08:00:00,370.0
2014-05-25 09:00:00,213.0
2014-05-25 10:00:00,38.0107
2014-05-25 11:00:00,37.8223
2014-05-25 12:00:00,37.3976
2014-05-25 13:00:00,37.677
2014-05-25 14:00:00,37.4452
2014-05-25 15:00:00,426.0
2014-05-25 16:00:00,276.0
2014-05-25 17:00:00,299.0
2014-05-25 18:00:00,371.0
2014-05-25 19:00:00,325.0
2014-05-25 20:00:00,282.0
2014-05-25 21:00:00,241.0
2014-05-25 22:00:00,287.0
2014-05-25 23:00:00,232.0
2014-05-26 00:00:00,244.0
2014-05-26 01:00:00,230.0
2014-05-26 02:00:00,354.0
2014-05-26 03:00:00,323.0
2014-05-26 04:00:00,233.0
2014-05-26 05:00:00,249.0
2014-05-26 06:00:00,432.0
2014-05-26 07:00:00,288.0
2014-05-26 08:00:00,370.0
2014-05-26 09:00:00,213.0
2014-05-26 10:00:00,38.0107
2014-05-26 11:00:00,37.8223
2014-05-26 12:00:00,37.3976
2014-05-26 13:00:00,37.677
2014-05-26 14:00:00,37.4452
2014-05-26 15:00:00,426.0
2014-05-26 16:00:00,276.0
2014-05-26 17:00:00,299.0
2014-05-26 18:00:00,371.0
2014-05-26 19:00:00,325.0
2014-05-26 20:00:00,282.0
2014-05-26 21:00:00,241.0
2014-05-26 22:00:00,287.0
2014-05-26 23:00:00,232.0
2014-05-27 00:00:00,244.0
2014-05-27 01:00:00,230.0
2014-05-27 02:00:00,354.0
2014-05-27 03:00:00,323.0
2014-05-27 04:00:00,233.0
2014-05-27 05:00:00,249.0
2014-05-27 06:00:00,432.0
2014-05-27 07:00:00,288.0
2014-05-27 08:00:00,370.0
2014-05-27 09:00:00,213.0
2014-05-27 10:00:00,38.0107
2014-05-27 11:00:00,37.8223
2014-05-27 12:00:00,37.3976
2014-05-27 13:00:00,37.677
2014-05-27 14:00:00,37.4452
2014-05-27 15:00:00,426.0
2014-05-27 16:00:00,276.0
2014-05-27 17:00:00,299.0
2014-05-27 18:00:00,371.0
2014-05-27 19:00:00,325.0
2014-05-27 20:00:00,282.0
2014-05-27 21:00:00,241.0
2014-05-27 22:00:00,287.0
2014-05-27 23:00:00,232.0
2014-05-28 00:00:00,244.0
2014-05-28 01:00:00,230.0
2014-05-28 02:00:00,354.0
2014-05-28 03:00:00,323.0
2014-05-28 04:00:00,233.0
2014-05-28 05:00:00,249.0
2014-05-28 06:00:00,432.0
2014-05-28 07:00:00,288.0
2014-05-28 08:00:00,370.0
2014-05-28 09:00:00,213.0
2014-05-28 10:00:00,38.0107
2014-05-28 11:00:00,37.8223
2014-05-28 12:00:00,37.3976
2014-05-28 13:00:00,37.677
2014-05-28 14:00:00,37.4452
2014-05-28 15:00:00,426.0
2014-05-28 16:00:00,276.0
2014-05-28 17:00:00,299.0
2014-05-28 18:00:00,371.0
2014-05-28 19:00:00,325.0
2014-05-28 20:00:00,282.0
2014-05-28 21:00:00,241.0
2014-05-28 22:00:00,287.0
2014-05-28 23:00:00,232.0
2014-05-29 00:00:00,244.0
2014-05-29 01:00:00,230.0
2014-05-29 02:00:00,354.0
2014-05-29 03:00:00,323.0
2014-05-29 04:00:00,233.0
2014-05-29 05:00:00,249.0
2014-05-29 06:00:00,432.0
2014-05-29 07:00:00,288.0
2014-05-29 08:00:00,370.0
2014-05-29 09:00:00,213.0
2014-05-29 10:00:00,38.0107
2014-05-29 11:00:00,37.8223
2014-05-29 12:00:00,37.3976
2014-05-29 13:00:00,37.677
2014-05-29 14:00:00,37.4452
2014-05-29 15:00:00,426.0
2014-05-29 16:00:00,276.0
2014-05-29 17:00:00,299.0
2014-05-29 18:00:00,371.0
2014-05-29 19:00:00,325.0
2014-05-29 20:00:00,282.0
2014-05-29 21:00:00,241.0
2014-05-29 22:00:00,287.0
2014-05-29 23:00:00,232.0
2014-05-30 00:00:00,244.0
2014-05-30 01:00:00,230.0
2014-05-30 02:00:00,354.0
2014-05-30 03:00:00,323.0
2014-05-30 04:00:00,233.0
2014-05-30 05:00:00,249.0
2014-05-30 06:00:00,432.0
2014-05-30 07:00:00,288.0
2014-05-30 08:00:00,370.0
2014-05-30 09:00:00,213.0
2014-05-30 10:00:00,38.0107
2014-05-30 11:00:00,37.8223
2014-05-30 12:00:00,37.3976
2014-05-30 13:00:00,37.677
2014-05-30 14:00:00,37.4452
2014-05-30 15:00:00,426.0
2014-05-30 16:00:00,276.0
2014-05-30 17:00:00,299.0
2014-05-30 18:00:00,371.0
2014-05-30 19:00:00,325.0
2014-05-30 20:00:00,282.0
2014-05-30 21:00:00,241.0
2014-05-30 22:00:00,287.0
2014-05-30 23:00:00,232.0
2014-05-31 00:00:00,244.0
2014-05-31 01:00:00,230.0
2014-05-31 02:00:00,354.0
2014-05-31 03:00:00,323.0
2014-05-31 04:00:00,233.0
2014-05-31 05:00:00,249.0
2014-05-31 06:00:00,432.0
2014-05-31 07:00:00,288.0
2014-05-31 08:00:00,370.0
2014-05-31 09:00:00,213.0
2014-05-31 10:00:00,38.0107
2014-05-31 11:00:00,37.8223
2014-05-31 12:00:00,37.3976
2014-05-31 13:00:00,37.677
2014-05-31 14:00:00,37.4452
2014-05-31 15:00:00,426.0
2014-05-31 16:00:00,276.0
2014-05-31 17:00:00,299.0
2014-05-31 18:00:00,371.0
2014-05-31 19:00:00,325.0
2014-05-31 20:00:00,282.0
2014-05-31 21:00:00,241.0
2014-05-31 22:00:00,287.0
2014-05-31 23:00:00,232.0
2014-06-01 00:00:00,244.0
2014-06-01 01:00:00,230.0
2014-06-01 02:00:00,354.0
2014-06-01 03:00:00,323.0
2014-06-01 04:00:00,233.0
2014-06-01 05:00:00,249.0
2014-06-01 06:00:00,432.0
2014-06-01 07:00:00,288.0
2014-06-01 08:00:00,370.0
2014-06-01 09:00:00,213.0
2014-06-01 10:00:00,38.0107
2014-06-01 11:00:00,37.8223
2014-06-01 12:00:00,37.3976
2014-06-01 13:00:00,37.677
2014-06-01 14:00:00,37.4452
2014-06-01 15:00:00,426.0
2014-06-01 16:00:00,276.0
2014-06-01 17:00:00,299.0
2014-06-01 18:00:00,371.0
2014-06-01 19:00:00,325.0
2014-06-01 20:00:00,282.0
2014-06-01 21:00:00,241.0
2014-06-01 22:00:00,287.0
2014-06-01 23:00:00,232.0
2014-06-02 00:00:00,244.0
2014-06-02 01:00:00,230.0
2014-06-02 02:00:00,354.0
2014-06-02 03:00:00,323.0
2014-06-02 04:00:00,233.0
2014-06-02 05:00:00,249.0
2014-06-02 06:00:00,432.0
2014-06-02 07:00:00,288.0
2014-06-02 08:00:00,370.0
2014-06-02 09:00:00,213.0
2014-06-02 10:00:00,38.0107
2014-06-02 11:00:00,37.8223
2014-06-02 12:00:00,37.3976
2014-06-02 13:00:00,37.677
2014-06-02 14:00:00,37.4452
2014-06-02 15:00:00,426.0
2014-06-02 16:00:00,276.0
2014-06-02 17:00:00,299.0
2014-06-02 18:00:00,371.0
2014-06-02 19:00:00,325.0
2014-06-02 20:00:00,282.0
2014-06-02 21:00:00,241.0
2014-06-02 22:00:00,287.0
2014-06-02 23:00:00,232.0
2014-06-03 00:00:00,244.0
2014-06-03 01:00:00,230.0
2014-06-03 02:00:00,354.0
2014-06-03 03:00:00,323.0
2014-06-03 04:00:00,233.0
2014-06-03 05:00:00,249.0
2014-06-03 06:00:00,432.0
2014-06-03 07:00:00,288.0
2014-06-03 08:00:00,370.0
2014-06-03 09:00:00,213.0
2014-06-03 10:00:00,38.0107
2014-06-03 11:00:00,37.8223
2014-06-03 12:00:00,37.3976
2014-06-03 13:00:00,37.677
2014-06-03 14:00:00,37.4452
2014-06-03 15:00:00,426.0
2014-06-03 16:00:00,276.0
2014-06-03 17:00:00,299.0
2014-06-03 18:00:00,371.0
2014-06-03 19:00:00,325.0
2014-06-03 20:00:00,282.0
2014-06-03 21:00:00,241.0
2014-06-03 22:00:00,287.0
2014-06-03 23:00:00,232.0
2014-06-04 00:00:00,244.0
2014-06-04 01:00:00,230.0
2014-06-04 02:00:00,354.0
2014-06-04 03:00:00,323.0
2014-06-04 04:00:00,233.0
2014-06-04 05:00:00,249.0
2014-06-04 06:00:00,432.0
2014-06-04 07:00:00,288.0
2014-06-04 08:00:00,370.0
2014-06-04 09:00:00,213.0
2014-06-04 10:00:00,38.0107
2014-06-04 11:00:00,37.8223
2014-06-04 12:00:00,37.3976
2014-06-04 13:00:00,37.677
2014-06-04 14:00:00,37.4452
2014-06-04 15:00:00,426.0
2014-06-04 16:00:00,276.0
2014-06-04 17:00:00,299.0
2014-06-04 18:00:00,371.0
2014-06-04 19:00:00,325.0
2014-06-04 20:00:00,282.0
2014-06-04 21:00:00,241.0
2014-06-04 22:00:00,287.0
2014-06-04 23:00:00,232.0
2014-06-05 00:00:00,244.0
2014-06-05 01:00:00,230.0
2014-06-05 02:00:00,354.0
2014-06-05 03:00:00,323.0
2014-06-05 04:00:00,233.0
2014-06-05 05:00:00,249.0
2014-06-05 06:00:00,432.0
2014-06-05 07:00:00,288.0
2014-06-05 08:00:00,370.0
2014-06-05 09:00:00,213.0
2014-06-05 10:00:00,38.0107
2014-06-05 11:00:00,37.8223
2014-06-05 12:00:00,37.3976
2014-06-05 13:00:00,37.677
2014-06-05 14:00:00,37.4452
2014-06-05 15:00:00,426.0
2014-06-05 16:00:00,276.0
2014-06-05 17:00:00,299.0
2014-06-05 18:00:00,371.0
2014-06-05 19:00:00,325.0
2014-06-05 20:00:00,282.0
2014-06-05 21:00:00,241.0
2014-06-05 22:00:00,287.0
2014-06-05 23:00:00,232.0
2014-06-06 00:00:00,244.0
2014-06-06 01:00:00,230.0
2014-06-06 02:00:00,354.0
2014-06-06 03:00:00,323.0
2014-06-06 04:00:00,233.0
2014-06-06 05:00:00,249.0
2014-06-06 06:00:00,432.0
2014-06-06 07:00:00,288.0
2014-06-06 08:00:00,370.0
2014-06-06 09:00:00,213.0
2014-06-06 10:00:00,38.0107
2014-06-06 11:00:00,37.8223
2014-06-06 12:00:00,37.3976
2014-06-06 13:00:00,37.677
2014-06-06 14:00:00,37.4452
2014-06-06 15:00:00,426.0
2014-06-06 16:00:00,276.0
2014-06-06 17:00:00,299.0
2014-06-06 18:00:00,371.0
2014-06-06 19:00:00,325.0
2014-06-06 20:00:00,282.0
2014-06-06 21:00:00,241.0
2014-06-06 22:00:00,287.0
2014-06-06 23:00:00,232.0
2014-06-07 00:00:00,244.0
2014-06-07 01:00:00,230.0
2014-06-07 02:00:00,354.0
2014-06-07 03:00:00,323.0
2014-06-07 04:00:00,233.0
2014-06-07 05:00:00,249.0
2014-06-07 06:00:00,432.0
2014-06-07 07:00:00,288.0
2014-06-07 08:00:00,370.0
2014-06-07 09:00:00,213.0
2014-06-07 10:00:00,38.0107
2014-06-07 11:00:00,37.8223
2014-06-07 12:00:00,37.3976
2014-06-07 13:00:00,37.677
2014-06-07 14:00:00,37.4452
2014-06-07 15:00:00,426.0
2014-06-07 16:00:00,276.0
2014-06-07 17:00:00,299.0
2014-06-07 18:00:00,371.0
2014-06-07 19:00:00,325.0
2014-06-07 20:00:00,282.0
2014-06-07 21:00:00,241.0
2014-06-07 22:00:00,287.0
2014-06-07 23:00:00,232.0
2014-06-08 00:00:00,244.0
2014-06-08 01:00:00,230.0
2014-06-08 02:00:00,354.0
2014-06-08 03:00:00,323.0
2014-06-08 04:00:00,233.0
2014-06-08 05:00:00,249.0
2014-06-08 06:00:00,432.0
2014-06-08 07:00:00,288.0
2014-06-08 08:00:00,370.0
2014-06-08 09:00:00,213.0
2014-06-08 10:00:00,38.0107
2014-06-08 11:00:00,37.8223
2014-06-08 12:00:00,37.3976
2014-06-08 13:00:00,37.677
2014-06-08 14:00:00,37.4452
2014-06-08 15:00:00,426.0
2014-06-08 16:00:00,276.0
2014-06-08 17:00:00,299.0
2014-06-08 18:00:00,371.0
2014-06-08 19:00:00,325.0
2014-06-08 20:00:00,282.0
2014-06-08 21:00:00,241.0
2014-06-08 22:00:00,287.0
2014-06-08 23:00:00,232.0
2014-06-09 00:00:00,244.0
2014-06-09 01:00:00,230.0
2014-06-09 02:00:00,354.0
2014-06-09 03:00:00,323.0
2014-06-09 04:00:00,233.0
2014-06-09 05:00:00,249.0
2014-06-09 06:00:00,432.0
2014-06-09 07:00:00,288.0
2014-06-09 08:00:00,370.0
2014-06-09 09:00:00,213.0
2014-06-09 10:00:00,38.0107
2014-06-09 11:00:00,37.8223
2014-06-09 12:00:00,37.3976
2014-06-09 13:00:00,37.677
2014-06-09 14:00:00,37.4452
2014-06-09 15:00:00,426.0
2014-06-09 16:00:00,276.0
2014-06-09 17:00:00,299.0
2014-06-09 18:00:00,371.0
2014-06-09 19:00:00,325.0
2014-06-09 20:00:00,282.0
2014-06-09 21:00:00,241.0
2014-06-09 22:00:00,287.0
2014-06-09 23:00:00,232.0
2014-06-10 00:00:00,244.0
2014-06-10 01:00:00,230.0
2014-06-10 02:00:00,354.0
2014-06-10 03:00:00,323.0
2014-06-10 04:00:00,233.0
2014-06-10 05:00:00,249.0
2014-06-10 06:00:00,432.0
2014-06-10 07:00:00,288.0
2014-06-10 08:00:00,370.0
2014-06-10 09:00:00,213.0
2014-06-10 10:00:00,38.0107
2014-06-10 11:00:00,37.8223
2014-06-10 12:00:00,37.3976
2014-06-10 13:00:00,37.677
2014-06-10 14:00:00,37.4452
2014-06-10 15:00:00,426.0
2014-06-10 16:00:00,276.0
2014-06-10 17:00:00,299.0
2014-06-10 18:00:00,371.0
2014-06-10 19:00:00,325.0
2014-06-10 20:00:00,282.0
2014-06-10 21:00:00,241.0
2014-06-10 22:00:00,287.0
2014-06-10 23:00:00,232.0
2014-06-11 00:00:00,244.0
2014-06-11 01:00:00,230.0
2014-06-11 02:00:00,354.0
2014-06-11 03:00:00,323.0
2014-06-11 04:00:00,233.0
2014-06-11 05:00:00,249.0
2014-06-11 06:00:00,432.0
2014-06-11 07:00:00,288.0
2014-06-11 08:00:00,370.0
2014-06-11 09:00:00,213.0
2014-06-11 10:00:00,38.0107
2014-06-11 11:00:00,37.8223
2014-06-11 12:00:00,37.3976
2014-06-11 13:00:00,37.677
2014-06-11 14:00:00,37.4452
2014-06-11 15:00:00,426.0
2014-06-11 16:00:00,276.0
2014-06-11 17:00:00,299.0
2014-06-11 18:00:00,371.0
2014-06-11 19:00:00,325.0
2014-06-11 20:00:00,282.0
2014-06-11 21:00:00,241.0
2014-06-11 22:00:00,287.0
2014-06-11 23:00:00,232.0
2014-06-12 00:00:00,244.0
2014-06-12 01:00:00,230.0
2014-06-12 02:00:00,354.0
2014-06-12 03:00:00,323.0
2014-06-12 04:00:00,233.0
2014-06-12 05:00:00,249.0
2014-06-12 06:00:00,432.0
2014-06-12 07:00:00,288.0
2014-06-12 08:00:00,370.0
2014-06-12 09:00:00,213.0
2014-06-12 10:00:00,38.0107
2014-06-12 11:00:00,37.8223
2014-06-12 12:00:00,37.3976
2014-06-12 13:00:00,37.677
2014-06-12 14:00:00,37.4452
2014-06-12 15:00:00,426.0
2014-06-12 16:00:00,276.0
2014-06-12 17:00:00,299.0
2014-06-12 18:00:00,371.0
2014-06-12 19:00:00,325.0
2014-06-12 20:00:00,282.0
2014-06-12 21:00:00,241.0
2014-06-12 22:00:00,287.0
2014-06-12 23:00:00,232.0
2014-06-13 00:00:00,244.0
2014-06-13 01:00:00,230.0
2014-06-13 02:00:00,354.0
2014-06-13 03:00:00,323.0
2014-06-13 04:00:00,233.0
2014-06-13 05:00:00,249.0
2014-06-13 06:00:00,432.0
2014-06-13 07:00:00,288.0
2014-06-13 08:00:00,370.0
2014-06-13 09:00:00,213.0
2014-06-13 10:00:00,38.0107
2014-06-13 11:00:00,37.8223
2014-06-13 12:00:00,37.3976
2014-06-13 13:00:00,37.677
2014-06-13 14:00:00,37.4452
2014-06-13 15:00:00,426.0
2014-06-13 16:00:00,276.0
2014-06-13 17:00:00,299.0
2014-06-13 18:00:00,371.0
2014-06-13 19:00:00,325.0
2014-06-13 20:00:00,282.0
2014-06-13 21:00:00,241.0
2014-06-13 22:00:00,287.0
2014-06-13 23:00:00,232.0
2014-06-14 00:00:00,244.0
2014-06-14 01:00:00,230.0
2014-06-14 02:00:00,354.0
2014-06-14 03:00:00,323.0
2014-06-14 04:00:00,233.0
2014-06-14 05:00:00,249.0
2014-06-14 06:00:00,432.0
2014-06-14 07:00:00,288.0
2014-06-14 08:00:00,370.0
2014-06-14 09:00:00,213.0
2014-06-14 10:00:00,38.0107
2014-06-14 11:00:00,37.8223
2014-06-14 12:00:00,37.3976
2014-06-14 13:00:00,37.677
2014-06-14 14:00:00,37.4452
2014-06-14 15:00:00,426.0
2014-06-14 16:00:00,276.0
2014-06-14 17:00:00,299.0
2014-06-14 18:00:00,371.0
2014-06-14 19:00:00,325.0
2014-06-14 20:00:00,282.0
2014-06-14 21:00:00,241.0
2014-06-14 22:00:00,287.0
2014-06-14 23:00:00,232.0
2014-06-15 00:00:00,244.0
2014-06-15 01:00:00,230.0
2014-06-15 02:00:00,354.0
2014-06-15 03:00:00,323.0
2014-06-15 04:00:00,233.0
2014-06-15 05:00:00,249.0
2014-06-15 06:00:00,432.0
2014-06-15 07:00:00,288.0
2014-06-15 08:00:00,370.0
2014-06-15 09:00:00,213.0
2014-06-15 10:00:00,38.0107
2014-06-15 11:00:00,37.8223
2014-06-15 12:00:00,37.3976
2014-06-15 13:00:00,37.677
2014-06-15 14:00:00,37.4452
2014-06-15 15:00:00,426.0
2014-06-15 16:00:00,276.0
2014-06-15 17:00:00,299.0
2014-06-15 18:00:00,371.0
2014-06-15 19:00:00,325.0
2014-06-15 20:00:00,282.0
2014-06-15 21:00:00,241.0
2014-06-15 22:00:00,287.0
2014-06-15 23:00:00,232.0
2014-06-16 00:00:00,244.0
2014-06-16 01:00:00,230.0
2014-06-16 02:00:00,354.0
2014-06-16 03:00:00,323.0
2014-06-16 04:00:00,233.0
2014-06-16 05:00:00,249.0
2014-06-16 06:00:00,432.0
2014-06-16 07:00:00,288.0
2014-06-16 08:00:00,370.0
2014-06-16 09:00:00,213.0
2014-06-16 10:00:00,38.0107
2014-06-16 11:00:00,37.8223
2014-06-16 12:00:00,37.3976
2014-06-16 13:00:00,37.677
2014-06-16 14:00:00,37.4452
2014-06-16 15:00:00,426.0
2014-06-16 16:00:00,276.0
2014-06-16 17:00:00,299.0
2014-06-16 18:00:00,371.0
2014-06-16 19:00:00,325.0
2014-06-16 20:00:00,282.0
2014-06-16 21:00:00,241.0
2014-06-16 22:00:00,287.0
2014-06-16 23:00:00,232.0
2014-06-17 00:00:00,244.0
2014-06-17 01:00:00,230.0
2014-06-17 02:00:00,354.0
2014-06-17 03:00:00,323.0
2014-06-17 04:00:00,233.0
2014-06-17 05:00:00,249.0
2014-06-17 06:00:00,432.0
2014-06-17 07:00:00,288.0
2014-06-17 08:00:00,370.0
2014-06-17 09:00:00,213.0
2014-06-17 10:00:00,38.0107
2014-06-17 11:00:00,37.8223
2014-06-17 12:00:00,37.3976
2014-06-17 13:00:00,37.677
2014-06-17 14:00:00,37.4452
2014-06-17 15:00:00,426.0
2014-06-17 16:00:00,276.0
2014-06-17 17:00:00,299.0
2014-06-17 18:00:00,371.0
2014-06-17 19:00:00,325.0
2014-06-17 20:00:00,282.0
2014-06-17 21:00:00,241.0
2014-06-17 22:00:00,287.0
2014-06-17 23:00:00,232.0
2014-06-18 00:00:00,244.0
2014-06-18 01:00:00,230.0
2014-06-18 02:00:00,354.0
2014-06-18 03:00:00,323.0
2014-06-18 04:00:00,233.0
2014-06-18 05:00:00,249.0
2014-06-18 06:00:00,432.0
2014-06-18 07:00:00,288.0
2014-06-18 08:00:00,370.0
2014-06-18 09:00:00,213.0
2014-06-18 10:00:00,38.0107
2014-06-18 11:00:00,37.8223
2014-06-18 12:00:00,37.3976
2014-06-18 13:00:00,37.677
2014-06-18 14:00:00,37.4452
2014-06-18 15:00:00,426.0
2014-06-18 16:00:00,276.0
2014-06-18 17:00:00,299.0
2014-06-18 18:00:00,371.0
2014-06-18 19:00:00,325.0
2014-06-18 20:00:00,282.0
2014-06-18 21:00:00,241.0
2014-06-18 22:00:00,287.0
2014-06-18 23:00:00,232.0
2014-06-19 00:00:00,244.0
2014-06-19 01:00:00,230.0
2014-06-19 02:00:00,354.0
2014-06-19 03:00:00,323.0
2014-06-19 04:00:00,233.0
2014-06-19 05:00:00,249.0
2014-06-19 06:00:00,432.0
2014-06-19 07:00:00,288.0
2014-06-19 08:00:00,370.0
2014-06-19 09:00:00,213.0
2014-06-19 10:00:00,38.0107
2014-06-19 11:00:00,37.8223
2014-06-19 12:00:00,37.3976
2014-06-19 13:00:00,37.677
2014-06-19 14:00:00,37.4452
2014-06-19 15:00:00,426.0
2014-06-19 16:00:00,276.0
2014-06-19 17:00:00,299.0
2014-06-19 18:00:00,371.0
2014-06-19 19:00:00,325.0
2014-06-19 20:00:00,282.0
2014-06-19 21:00:00,241.0
2014-06-19 22:00:00,287.0
2014-06-19 23:00:00,232.0
2014-06-20 00:00:00,244.0
2014-06-20 01:00:00,230.0
2014-06-20 02:00:00,354.0
2014-06-20 03:00:00,323.0
2014-06-20 04:00:00,233.0
2014-06-20 05:00:00,249.0
2014-06-20 06:00:00,432.0
2014-06-20 07:00:00,288.0
2014-06-20 08:00:00,370.0
2014-06-20 09:00:00,213.0
2014-06-20 10:00:00,38.0107
2014-06-20 11:00:00,37.8223
2014-06-20 12:00:00,37.3976
2014-06-20 13:00:00,37.677
2014-06-20 14:00:00,37.4452
2014-06-20 15:00:00,426.0
2014-06-20 16:00:00,276.0
2014-06-20 17:00:00,299.0
2014-06-20 18:00:00,371.0
2014-06-20 19:00:00,325.0
2014-06-20 20:00:00,282.0
2014-06-20 21:00:00,241.0
2014-06-20 22:00:00,287.0
2014-06-20 23:00:00,232.0
2014-06-21 00:00:00,244.0
2014-06-21 01:00:00,230.0
2014-06-21 02:00:00,354.0
2014-06-21 03:00:00,323.0
2014-06-21 04:00:00,233.0
2014-06-21 05:00:00,249.0
2014-06-21 06:00:00,432.0
2014-06-21 07:00:00,288.0
2014-06-21 08:00:00,370.0
2014-06-21 09:00:00,213.0
2014-06-21 10:00:00,38.0107
2014-06-21 11:00:00,37.8223
2014-06-21 12:00:00,37.3976
2014-06-21 13:00:00,37.677
2014-06-21 14:00:00,37.4452
2014-06-21 15:00:00,426.0
2014-06-21 16:00:00,276.0
2014-06-21 17:00:00,299.0
2014-06-21 18:00:00,371.0
2014-06-21 19:00:00,325.0
2014-06-21 20:00:00,282.0
2014-06-21 21:00:00,241.0
2014-06-21 22:00:00,287.0
2014-06-21 23:00:00,232.0
2014-06-22 00:00:00,244.0
2014-06-22 01:00:00,230.0
2014-06-22 02:00:00,354.0
2014-06-22 03:00:00,323.0
2014-06-22 04:00:00,233.0
2014-06-22 05:00:00,249.0
2014-06-22 06:00:00,432.0
2014-06-22 07:00:00,288.0
2014-06-22 08:00:00,370.0
2014-06-22 09:00:00,213.0
2014-06-22 10:00:00,38.0107
2014-06-22 11:00:00,37.8223
2014-06-22 12:00:00,37.3976
2014-06-22 13:00:00,37.677
2014-06-22 14:00:00,37.4452
2014-06-22 15:00:00,426.0
2014-06-22 16:00:00,276.0
2014-06-22 17:00:00,299.0
2014-06-22 18:00:00,371.0
2014-06-22 19:00:00,325.0
2014-06-22 20:00:00,282.0
2014-06-22 21:00:00,241.0
2014-06-22 22:00:00,287.0
2014-06-22 23:00:00,232.0
2014-06-23 00:00:00,244.0
2014-06-23 01:00:00,230.0
2014-06-23 02:00:00,354.0
2014-06-23 03:00:00,323.0
2014-06-23 04:00:00,233.0
2014-06-23 05:00:00,249.0
2014-06-23 06:00:00,432.0
2014-06-23 07:00:00,288.0
2014-06-23 08:00:00,370.0
2014-06-23 09:00:00,213.0
2014-06-23 10:00:00,38.0107
2014-06-23 11:00:00,37.8223
2014-06-23 12:00:00,37.3976
2014-06-23 13:00:00,37.677
2014-06-23 14:00:00,37.4452
2014-06-23 15:00:00,426.0
2014-06-23 16:00:00,276.0
2014-06-23 17:00:00,299.0
2014-06-23 18:00:00,371.0
2014-06-23 19:00:00,325.0
2014-06-23 20:00:00,282.0
2014-06-23 21:00:00,241.0
2014-06-23 22:00:00,287.0
2014-06-23 23:00:00,232.0
2014-06-24 00:00:00,244.0
2014-06-24 01:00:00,230.0
2014-06-24 02:00:00,354.0
2014-06-24 03:00:00,323.0
2014-06-24 04:00:00,233.0
2014-06-24 05:00:00,249.0
2014-06-24 06:00:00,432.0
2014-06-24 07:00:00,288.0
2014-06-24 08:00:00,370.0
2014-06-24 09:00:00,213.0
2014-06-24 10:00:00,38.0107
2014-06-24 11:00:00,37.8223
2014-06-24 12:00:00,37.3976
2014-06-24 13:00:00,37.677
2014-06-24 14:00:00,37.4452
2014-06-24 15:00:00,426.0
2014-06-24 16:00:00,276.0
2014-06-24 17:00:00,299.0
2014-06-24 18:00:00,371.0
2014-06-24 19:00:00,325.0
2014-06-24 20:00:00,282.0
2014-06-24 21:00:00,241.0
2014-06-24 22:00:00,287.0
2014-06-24 23:00:00,232.0
2014-06-25 00:00:00,244.0
2014-06-25 01:00:00,230.0
2014-06-25 02:00:00,354.0
2014-06-25 03:00:00,323.0
2014-06-25 04:00:00,233.0
2014-06-25 05:00:00,249.0
2014-06-25 06:00:00,432.0
2014-06-25 07:00:00,288.0
2014-06-25 08:00:00,370.0
2014-06-25 09:00:00,213.0
2014-06-25 10:00:00,38.0107
2014-06-25 11:00:00,37.8223
2014-06-25 12:00:00,37.3692
2014-06-25 13:00:00,37.677
2014-06-25 14:00:00,37.4452
2014-06-25 15:00:00,426.0
2014-06-25 16:00:00,276.0
2014-06-25 17:00:00,299.0
2014-06-25 18:00:00,371.0
2014-06-25 19:00:00,325.0
2014-06-25 20:00:00,282.0
2014-06-25 21:00:00,241.0
2014-06-25 22:00:00,287.0
2014-06-25 23:00:00,232.0
2014-06-26 00:00:00,244.0
2014-06-26 01:00:00,230.0
2014-06-26 02:00:00,354.0
2014-06-26 03:00:00,323.0
2014-06-26 04:00:00,233.0
2014-06-26 05:00:00,249.0
2014-06-26 06:00:00,432.0
2014-06-26 07:00:00,288.0
2014-06-26 08:00:00,370.0
2014-06-26 09:00:00,213.0
2014-06-26 10:00:00,38.0107
2014-06-26 11:00:00,37.8223
2014-06-26 12:00:00,37.3692
2014-06-26 13:00:00,37.677
2014-06-26 14:00:00,37.4452
2014-06-26 15:00:00,426.0
2014-06-26 16:00:00,276.0
2014-06-26 17:00:00,299.0
2014-06-26 18:00:00,371.0
2014-06-26 19:00:00,325.0
2014-06-26 20:00:00,282.0
2014-06-26 21:00:00,241.0
2014-06-26 22:00:00,287.0
2014-06-26 23:00:00,232.0
2014-06-27 00:00:00,244.0
2014-06-27 01:00:00,230.0
2014-06-27 02:00:00,354.0
2014-06-27 03:00:00,323.0
2014-06-27 04:00:00,233.0
2014-06-27 05:00:00,249.0
2014-06-27 06:00:00,432.0
2014-06-27 07:00:00,288.0
2014-06-27 08:00:00,370.0
2014-06-27 09:00:00,213.0
2014-06-27 10:00:00,38.0107
2014-06-27 11:00:00,37.8223
2014-06-27 12:00:00,37.3692
2014-06-27 13:00:00,37.677
2014-06-27 14:00:00,37.4452
2014-06-27 15:00:00,426.0
2014-06-27 16:00:00,276.0
2014-06-27 17:00:00,299.0
2014-06-27 18:00:00,371.0
2014-06-27 19:00:00,325.0
2014-06-27 20:00:00,282.0
2014-06-27 21:00:00,241.0
2014-06-27 22:00:00,287.0
2014-06-27 23:00:00,232.0
2014-06-28 00:00:00,244.0
2014-06-28 01:00:00,230.0
2014-06-28 02:00:00,354.0
2014-06-28 03:00:00,323.0
2014-06-28 04:00:00,233.0
2014-06-28 05:00:00,249.0
2014-06-28 06:00:00,432.0
2014-06-28 07:00:00,288.0
2014-06-28 08:00:00,370.0
2014-06-28 09:00:00,213.0
2014-06-28 10:00:00,38.0107
2014-06-28 11:00:00,37.8223
2014-06-28 12:00:00,37.3692
2014-06-28 13:00:00,37.677
2014-06-28 14:00:00,37.4452
2014-06-28 15:00:00,426.0
2014-06-28 16:00:00,276.0
2014-06-28 17:00:00,299.0
2014-06-28 18:00:00,371.0
2014-06-28 19:00:00,325.0
2014-06-28 20:00:00,282.0
2014-06-28 21:00:00,241.0
2014-06-28 22:00:00,287.0
2014-06-28 23:00:00,232.0
2014-06-29 00:00:00,244.0
2014-06-29 01:00:00,230.0
2014-06-29 02:00:00,354.0
2014-06-29 03:00:00,323.0
2014-06-29 04:00:00,233.0
2014-06-29 05:00:00,249.0
2014-06-29 06:00:00,432.0
2014-06-29 07:00:00,288.0
2014-06-29 08:00:00,370.0
2014-06-29 09:00:00,213.0
2014-06-29 10:00:00,38.0107
2014-06-29 11:00:00,37.8223
2014-06-29 12:00:00,37.3692
2014-06-29 13:00:00,37.677
2014-06-29 14:00:00,37.4452
2014-06-29 15:00:00,426.0
2014-06-29 16:00:00,276.0
2014-06-29 17:00:00,299.0
2014-06-29 18:00:00,371.0
2014-06-29 19:00:00,325.0
2014-06-29 20:00:00,282.0
2014-06-29 21:00:00,241.0
2014-06-29 22:00:00,287.0
2014-06-29 23:00:00,232.0
2014-06-30 00:00:00,244.0
2014-06-30 01:00:00,230.0
2014-06-30 02:00:00,354.0
2014-06-30 03:00:00,323.0
2014-06-30 04:00:00,233.0
2014-06-30 05:00:00,249.0
2014-06-30 06:00:00,432.0
2014-06-30 07:00:00,288.0
2014-06-30 08:00:00,370.0
2014-06-30 09:00:00,213.0
2014-06-30 10:00:00,38.0107
2014-06-30 11:00:00,37.8223
2014-06-30 12:00:00,37.3692
2014-06-30 13:00:00,37.677
2014-06-30 14:00:00,37.4452
2014-06-30 15:00:00,426.0
2014-06-30 16:00:00,276.0
2014-06-30 17:00:00,299.0
2014-06-30 18:00:00,371.0
2014-06-30 19:00:00,325.0
2014-06-30 20:00:00,282.0
2014-06-30 21:00:00,241.0
2014-06-30 22:00:00,287.0
2014-06-30 23:00:00,232.0
2014-07-01 00:00:00,244.0
2014-07-01 01:00:00,230.0
2014-07-01 02:00:00,354.0
2014-07-01 03:00:00,323.0
2014-07-01 04:00:00,233.0
2014-07-01 05:00:00,249.0
2014-07-01 06:00:00,432.0
2014-07-01 07:00:00,288.0
2014-07-01 08:00:00,370.0
2014-07-01 09:00:00,213.0
2014-07-01 10:00:00,38.0107
2014-07-01 11:00:00,37.8223
2014-07-01 12:00:00,37.3692
2014-07-01 13:00:00,37.677
2014-07-01 14:00:00,37.4452
2014-07-01 15:00:00,426.0
2014-07-01 16:00:00,276.0
2014-07-01 17:00:00,299.0
2014-07-01 18:00:00,371.0
2014-07-01 19:00:00,325.0
2014-07-01 20:00:00,282.0
2014-07-01 21:00:00,241.0
2014-07-01 22:00:00,287.0
2014-07-01 23:00:00,232.0
2014-07-02 00:00:00,244.0
2014-07-02 01:00:00,230.0
2014-07-02 02:00:00,354.0
2014-07-02 03:00:00,323.0
2014-07-02 04:00:00,233.0
2014-07-02 05:00:00,249.0
2014-07-02 06:00:00,432.0
2014-07-02 07:00:00,288.0
2014-07-02 08:00:00,370.0
2014-07-02 09:00:00,213.0
2014-07-02 10:00:00,38.0107
2014-07-02 11:00:00,37.8223
2014-07-02 12:00:00,37.3692
2014-07-02 13:00:00,37.677
2014-07-02 14:00:00,37.4452
2014-07-02 15:00:00,426.0
2014-07-02 16:00:00,276.0
2014-07-02 17:00:00,299.0
2014-07-02 18:00:00,371.0
2014-07-02 19:00:00,325.0
2014-07-02 20:00:00,282.0
2014-07-02 21:00:00,241.0
2014-07-02 22:00:00,287.0
2014-07-02 23:00:00,232.0
2014-07-03 00:00:00,244.0
2014-07-03 01:00:00,230.0
2014-07-03 02:00:00,354.0
2014-07-03 03:00:00,323.0
2014-07-03 04:00:00,233.0
2014-07-03 05:00:00,249.0
2014-07-03 06:00:00,432.0
2014-07-03 07:00:00,288.0
2014-07-03 08:00:00,370.0
2014-07-03 09:00:00,213.0
2014-07-03 10:00:00,38.0107
2014-07-03 11:00:00,37.8223
2014-07-03 12:00:00,37.3692
2014-07-03 13:00:00,37.677
2014-07-03 14:00:00,37.4452
2014-07-03 15:00:00,426.0
2014-07-03 16:00:00,276.0
2014-07-03 17:00:00,299.0
2014-07-03 18:00:00,371.0
2014-07-03 19:00:00,325.0
2014-07-03 20:00:00,282.0
2014-07-03 21:00:00,241.0
2014-07-03 22:00:00,287.0
2014-07-03 23:00:00,232.0
2014-07-04 00:00:00,244.0
2014-07-04 01:00:00,230.0
2014-07-04 02:00:00,354.0
2014-07-04 03:00:00,323.0
2014-07-04 04:00:00,233.0
2014-07-04 05:00:00,249.0
2014-07-04 06:00:00,432.0
2014-07-04 07:00:00,288.0
2014-07-04 08:00:00,370.0
2014-07-04 09:00:00,213.0
2014-07-04 10:00:00,38.0107
2014-07-04 11:00:00,37.8223
2014-07-04 12:00:00,37.3692
2014-07-04 13:00:00,37.677
2014-07-04 14:00:00,37.4452
2014-07-04 15:00:00,426.0
2014-07-04 16:00:00,276.0
2014-07-04 17:00:00,299.0
2014-07-04 18:00:00,371.0
2014-07-04 19:00:00,325.0
2014-07-04 20:00:00,282.0
2014-07-04 21:00:00,241.0
2014-07-04 22:00:00,287.0
2014-07-04 23:00:00,232.0
2014-07-05 00:00:00,244.0
2014-07-05 01:00:00,230.0
2014-07-05 02:00:00,354.0
2014-07-05 03:00:00,323.0
2014-07-05 04:00:00,233.0
2014-07-05 05:00:00,249.0
2014-07-05 06:00:00,432.0
2014-07-05 07:00:00,288.0
2014-07-05 08:00:00,370.0
2014-07-05 09:00:00,213.0
2014-07-05 10:00:00,38.0107
2014-07-05 11:00:00,37.8223
2014-07-05 12:00:00,37.3692
2014-07-05 13:00:00,37.677
2014-07-05 14:00:00,37.4452
2014-07-05 15:00:00,426.0
2014-07-05 16:00:00,276.0
2014-07-05 17:00:00,299.0
2014-07-05 18:00:00,371.0
2014-07-05 19:00:00,325.0
2014-07-05 20:00:00,282.0
2014-07-05 21:00:00,241.0
2014-07-05 22:00:00,287.0
2014-07-05 23:00:00,232.0
2014-07-06 00:00:00,244.0
2014-07-06 01:00:00,230.0
2014-07-06 02:00:00,354.0
2014-07-06 03:00:00,323.0
2014-07-06 04:00:00,233.0
2014-07-06 05:00:00,249.0
2014-07-06 06:00:00,432.0
2014-07-06 07:00:00,288.0
2014-07-06 08:00:00,370.0
2014-07-06 09:00:00,213.0
2014-07-06 10:00:00,38.0107
2014-07-06 11:00:00,37.8223
2014-07-06 12:00:00,37.3692
2014-07-06 13:00:00,37.677
2014-07-06 14:00:00,37.4452
2014-07-06 15:00:00,426.0
2014-07-06 16:00:00,276.0
2014-07-06 17:00:00,299.0
2014-07-06 18:00:00,371.0
2014-07-06 19:00:00,325.0
2014-07-06 20:00:00,282.0
2014-07-06 21:00:00,241.0
2014-07-06 22:00:00,287.0
2014-07-06 23:00:00,232.0
2014-07-07 00:00:00,244.0
2014-07-07 01:00:00,230.0
2014-07-07 02:00:00,354.0
2014-07-07 03:00:00,323.0
2014-07-07 04:00:00,233.0
2014-07-07 05:00:00,249.0
2014-07-07 06:00:00,432.0
2014-07-07 07:00:00,288.0
2014-07-07 08:00:00,370.0
2014-07-07 09:00:00,213.0
2014-07-07 10:00:00,38.0107
2014-07-07 11:00:00,37.8223
2014-07-07 12:00:00,37.3692
2014-07-07 13:00:00,37.677
2014-07-07 14:00:00,37.4452
2014-07-07 15:00:00,426.0
2014-07-07 16:00:00,276.0
2014-07-07 17:00:00,299.0
2014-07-07 18:00:00,371.0
2014-07-07 19:00:00,325.0
2014-07-07 20:00:00,282.0
2014-07-07 21:00:00,241.0
2014-07-07 22:00:00,287.0
2014-07-07 23:00:00,232.0
2014-07-08 00:00:00,244.0
2014-07-08 01:00:00,230.0
2014-07-08 02:00:00,354.0
2014-07-08 03:00:00,323.0
2014-07-08 04:00:00,233.0
2014-07-08 05:00:00,249.0
2014-07-08 06:00:00,432.0
2014-07-08 07:00:00,288.0
2014-07-08 08:00:00,370.0
2014-07-08 09:00:00,213.0
2014-07-08 10:00:00,38.0107
2014-07-08 11:00:00,37.8223
2014-07-08 12:00:00,37.3692
2014-07-08 13:00:00,37.677
2014-07-08 14:00:00,37.4452
2014-07-08 15:00:00,426.0
2014-07-08 16:00:00,276.0
2014-07-08 17:00:00,299.0
2014-07-08 18:00:00,371.0
2014-07-08 19:00:00,325.0
2014-07-08 20:00:00,282.0
2014-07-08 21:00:00,241.0
2014-07-08 22:00:00,287.0
2014-07-08 23:00:00,232.0
2014-07-09 00:00:00,244.0
2014-07-09 01:00:00,230.0
2014-07-09 02:00:00,354.0
2014-07-09 03:00:00,323.0
2014-07-09 04:00:00,233.0
2014-07-09 05:00:00,249.0
2014-07-09 06:00:00,432.0
2014-07-09 07:00:00,288.0
2014-07-09 08:00:00,370.0
2014-07-09 09:00:00,213.0
2014-07-09 10:00:00,38.0107
2014-07-09 11:00:00,37.8223
2014-07-09 12:00:00,37.3692
2014-07-09 13:00:00,37.677
2014-07-09 14:00:00,37.4452
2014-07-09 15:00:00,426.0
2014-07-09 16:00:00,276.0
2014-07-09 17:00:00,299.0
2014-07-09 18:00:00,371.0
2014-07-09 19:00:00,325.0
2014-07-09 20:00:00,282.0
2014-07-09 21:00:00,241.0
2014-07-09 22:00:00,287.0
2014-07-09 23:00:00,232.0
2014-07-10 00:00:00,244.0
2014-07-10 01:00:00,230.0
2014-07-10 02:00:00,354.0
2014-07-10 03:00:00,323.0
2014-07-10 04:00:00,233.0
2014-07-10 05:00:00,249.0
2014-07-10 06:00:00,432.0
2014-07-10 07:00:00,288.0
2014-07-10 08:00:00,370.0
2014-07-10 09:00:00,213.0
2014-07-10 10:00:00,38.0107
2014-07-10 11:00:00,37.8223
2014-07-10 12:00:00,37.3692
2014-07-10 13:00:00,37.677
2014-07-10 14:00:00,37.4452
2014-07-10 15:00:00,426.0
2014-07-10 16:00:00,276.0
2014-07-10 17:00:00,299.0
2014-07-10 18:00:00,371.0
2014-07-10 19:00:00,325.0
2014-07-10 20:00:00,282.0
2014-07-10 21:00:00,241.0
2014-07-10 22:00:00,287.0
2014-07-10 23:00:00,232.0
2014-07-11 00:00:00,244.0
2014-07-11 01:00:00,230.0
2014-07-11 02:00:00,354.0
2014-07-11 03:00:00,323.0
2014-07-11 04:00:00,233.0
2014-07-11 05:00:00,249.0
2014-07-11 06:00:00,432.0
2014-07-11 07:00:00,288.0
2014-07-11 08:00:00,370.0
2014-07-11 09:00:00,213.0
2014-07-11 10:00:00,38.0107
2014-07-11 11:00:00,37.8223
2014-07-11 12:00:00,37.3692
2014-07-11 13:00:00,37.677
2014-07-11 14:00:00,37.4452
2014-07-11 15:00:00,426.0
2014-07-11 16:00:00,276.0
2014-07-11 17:00:00,299.0
2014-07-11 18:00:00,371.0
2014-07-11 19:00:00,325.0
2014-07-11 20:00:00,282.0
2014-07-11 21:00:00,241.0
2014-07-11 22:00:00,287.0
2014-07-11 23:00:00,232.0
2014-07-12 00:00:00,244.0
2014-07-12 01:00:00,230.0
2014-07-12 02:00:00,354.0
2014-07-12 03:00:00,323.0
2014-07-12 04:00:00,233.0
2014-07-12 05:00:00,249.0
2014-07-12 06:00:00,432.0
2014-07-12 07:00:00,288.0
2014-07-12 08:00:00,370.0
2014-07-12 09:00:00,213.0
2014-07-12 10:00:00,38.0107
2014-07-12 11:00:00,37.8223
2014-07-12 12:00:00,37.3692
2014-07-12 13:00:00,37.677
2014-07-12 14:00:00,37.4452
2014-07-12 15:00:00,426.0
2014-07-12 16:00:00,276.0
2014-07-12 17:00:00,299.0
2014-07-12 18:00:00,371.0
2014-07-12 19:00:00,325.0
2014-07-12 20:00:00,282.0
2014-07-12 21:00:00,241.0
2014-07-12 22:00:00,287.0
2014-07-12 23:00:00,232.0
2014-07-13 00:00:00,244.0
2014-07-13 01:00:00,230.0
2014-07-13 02:00:00,354.0
2014-07-13 03:00:00,323.0
2014-07-13 04:00:00,233.0
2014-07-13 05:00:00,249.0
2014-07-13 06:00:00,432.0
2014-07-13 07:00:00,288.0
2014-07-13 08:00:00,370.0
2014-07-13 09:00:00,213.0
2014-07-13 10:00:00,38.0107
2014-07-13 11:00:00,37.8223
2014-07-13 12:00:00,37.3692
2014-07-13 13:00:00,37.677
2014-07-13 14:00:00,37.4452
2014-07-13 15:00:00,426.0
2014-07-13 16:00:00,276.0
2014-07-13 17:00:00,299.0
2014-07-13 18:00:00,371.0
2014-07-13 19:00:00,325.0
2014-07-13 20:00:00,282.0
2014-07-13 21:00:00,241.0
2014-07-13 22:00:00,287.0
2014-07-13 23:00:00,232.0
2014-07-14 00:00:00,244.0
2014-07-14 01:00:00,230.0
2014-07-14 02:00:00,354.0
2014-07-14 03:00:00,323.0
2014-07-14 04:00:00,233.0
2014-07-14 05:00:00,249.0
2014-07-14 06:00:00,432.0
2014-07-14 07:00:00,288.0
2014-07-14 08:00:00,370.0
2014-07-14 09:00:00,213.0
2014-07-14 10:00:00,38.0107
2014-07-14 11:00:00,37.8223
2014-07-14 12:00:00,37.3692
2014-07-14 13:00:00,37.677
2014-07-14 14:00:00,37.4452
2014-07-14 15:00:00,426.0
2014-07-14 16:00:00,276.0
2014-07-14 17:00:00,299.0
2014-07-14 18:00:00,371.0
2014-07-14 19:00:00,325.0
2014-07-14 20:00:00,282.0
2014-07-14 21:00:00,241.0
2014-07-14 22:00:00,287.0
2014-07-14 23:00:00,232.0
2014-07-15 00:00:00,244.0
2014-07-15 01:00:00,230.0
2014-07-15 02:00:00,354.0
2014-07-15 03:00:00,323.0
2014-07-15 04:00:00,233.0
2014-07-15 05:00:00,249.0
2014-07-15 06:00:00,432.0
2014-07-15 07:00:00,288.0
2014-07-15 08:00:00,370.0
2014-07-15 09:00:00,213.0
2014-07-15 10:00:00,38.0107
2014-07-15 11:00:00,37.8223
2014-07-15 12:00:00,37.3692
2014-07-15 13:00:00,106.2257
2014-07-15 14:00:00,172.4073
2014-07-15 15:00:00,155.5217
2014-07-15 16:00:00,133.6411
2014-07-15 17:00:00,129.693
2014-07-15 18:00:00,125.8422
2014-07-15 19:00:00,135.7881
2014-07-15 20:00:00,221.4921
2014-07-15 21:00:00,339.6218
2014-07-15 22:00:00,685.4756
2014-07-15 23:00:00,149.794
2014-07-16 00:00:00,143.2626
2014-07-16 01:00:00,139.5435
2014-07-16 02:00:00,165.2135
2014-07-16 03:00:00,208.7654
2014-07-16 04:00:00,159.9375
2014-07-16 05:00:00,131.2521
2014-07-16 06:00:00,144.5469
2014-07-16 07:00:00,161.3115
2014-07-16 08:00:00,149.5013
2014-07-16 09:00:00,142.6431
2014-07-16 10:00:00,149.4724
2014-07-16 11:00:00,200.4622
2014-07-16 12:00:00,220.5808
2014-07-16 13:00:00,219.446
2014-07-16 14:00:00,226.4167
2014-07-16 15:00:00,234.3299
2014-07-16 16:00:00,279.7626
2014-07-16 17:00:00,159.3792
2014-07-16 18:00:00,149.0427
2014-07-16 19:00:00,153.2132
2014-07-16 20:00:00,153.0107
2014-07-16 21:00:00,282.7462
2014-07-16 22:00:00,149.4065
2014-07-16 23:00:00,154.0213
2014-07-17 00:00:00,150.4028
2014-07-17 01:00:00,151.3633
2014-07-17 02:00:00,146.3985
2014-07-17 03:00:00,185.6056
2014-07-17 04:00:00,199.7623
2014-07-17 05:00:00,151.5151
2014-07-17 06:00:00,156.5827
2014-07-17 07:00:00,158.0425
2014-07-17 08:00:00,101.804
2014-07-17 09:00:00,151.7219
2014-07-17 10:00:00,141.551
2014-07-17 11:00:00,107.7831
2014-07-17 12:00:00,124.7793
2014-07-17 13:00:00,97.4362
2014-07-17 14:00:00,95.6876
2014-07-17 15:00:00,114.1199
2014-07-17 16:00:00,253.0459
2014-07-17 17:00:00,102.1786
2014-07-17 18:00:00,94.42
2014-07-17 19:00:00,90.1033
2014-07-17 20:00:00,91.889
2014-07-17 21:00:00,221.2307
2014-07-17 22:00:00,95.12
2014-07-17 23:00:00,93.8473
2014-07-18 00:00:00,90.5313
2014-07-18 01:00:00,87.7191
2014-07-18 02:00:00,91.3921
2014-07-18 03:00:00,94.2005
2014-07-18 04:00:00,92.8061
2014-07-18 05:00:00,86.8335
2014-07-18 06:00:00,87.5798
2014-07-18 07:00:00,94.3251
2014-07-18 08:00:00,93.1996
2014-07-18 09:00:00,91.4593
2014-07-18 10:00:00,86.9236
2014-07-18 11:00:00,88.4631
2014-07-18 12:00:00,94.9283
2014-07-18 13:00:00,91.2935
2014-07-18 14:00:00,93.5353
2014-07-18 15:00:00,86.7412
2014-07-18 16:00:00,145.2931
2014-07-18 17:00:00,128.3267
2014-07-18 18:00:00,94.0326
2014-07-18 19:00:00,93.5461
2014-07-18 20:00:00,93.726
2014-07-18 21:00:00,228.5488
2014-07-18 22:00:00,89.1599
2014-07-18 23:00:00,91.3546
2014-07-19 00:00:00,94.7176
2014-07-19 01:00:00,93.2695
2014-07-19 02:00:00,87.6343
2014-07-19 03:00:00,88.3686
2014-07-19 04:00:00,93.9285
2014-07-19 05:00:00,154.0968
2014-07-19 06:00:00,111.4914
2014-07-19 07:00:00,94.0671
2014-07-19 08:00:00,211.9983
2014-07-19 09:00:00,89.4393
2014-07-19 10:00:00,188.7089
2014-07-19 11:00:00,90.3416
2014-07-19 12:00:00,91.0678
2014-07-19 13:00:00,93.1114
2014-07-19 14:00:00,93.9286
2014-07-19 15:00:00,91.9846
2014-07-19 16:00:00,88.0708
2014-07-19 17:00:00,87.8262
2014-07-19 18:00:00,191.4097
2014-07-19 19:00:00,93.9431
2014-07-19 20:00:00,93.2937
2014-07-19 21:00:00,190.9683
2014-07-19 22:00:00,89.4177
2014-07-19 23:00:00,89.2279
2014-07-20 00:00:00,93.509
2014-07-20 01:00:00,93.6164
2014-07-20 02:00:00,93.6256
2014-07-20 03:00:00,88.9355
2014-07-20 04:00:00,90.5993
2014-07-20 05:00:00,102.5124
2014-07-20 06:00:00,163.3072
2014-07-20 07:00:00,109.5135
2014-07-20 08:00:00,92.9707
2014-07-20 09:00:00,92.8987
2014-07-20 10:00:00,89.6787
2014-07-20 11:00:00,90.3103
2014-07-20 12:00:00,92.4905
2014-07-20 13:00:00,94.7815
2014-07-20 14:00:00,94.5219
2014-07-20 15:00:00,91.1778
2014-07-20 16:00:00,87.2273
2014-07-20 17:00:00,87.9845
2014-07-20 18:00:00,93.3589
2014-07-20 19:00:00,93.2259
2014-07-20 20:00:00,96.0306
2014-07-20 21:00:00,190.4465
2014-07-20 22:00:00,89.5609
2014-07-20 23:00:00,91.1961
2014-07-21 00:00:00,93.5778
2014-07-21 01:00:00,94.8907
2014-07-21 02:00:00,91.2687
2014-07-21 03:00:00,89.5246
2014-07-21 04:00:00,91.386
2014-07-21 05:00:00,89.5621
2014-07-21 06:00:00,142.7047
2014-07-21 07:00:00,128.634
2014-07-21 08:00:00,104.0779
2014-07-21 09:00:00,92.2515
2014-07-21 10:00:00,91.9984
2014-07-21 11:00:00,90.5161
2014-07-21 12:00:00,93.1745
2014-07-21 13:00:00,95.1543
2014-07-21 14:00:00,94.2629
2014-07-21 15:00:00,88.7676
2014-07-21 16:00:00,90.1342
2014-07-21 17:00:00,156.7693
2014-07-21 18:00:00,218.3562
2014-07-21 19:00:00,248.9442
2014-07-21 20:00:00,218.0648
2014-07-21 21:00:00,306.9817
2014-07-21 22:00:00,91.1583
2014-07-21 23:00:00,96.2851
2014-07-22 00:00:00,95.5791
2014-07-22 01:00:00,96.0931
2014-07-22 02:00:00,90.6839
2014-07-22 03:00:00,92.3109
2014-07-22 04:00:00,101.7192
2014-07-22 05:00:00,168.5915
2014-07-22 06:00:00,98.953
2014-07-22 07:00:00,155.0131
2014-07-22 08:00:00,143.4282
2014-07-22 09:00:00,179.0437
2014-07-22 10:00:00,120.252
2014-07-22 11:00:00,132.7299
2014-07-22 12:00:00,144.526
2014-07-22 13:00:00,157.3966
2014-07-22 14:00:00,142.5655
2014-07-22 15:00:00,125.5471
2014-07-22 16:00:00,129.4669
2014-07-22 17:00:00,225.3659
2014-07-22 18:00:00,265.3425
2014-07-22 19:00:00,230.8766
2014-07-22 20:00:00,100.8528
2014-07-22 21:00:00,179.3742
2014-07-22 22:00:00,109.2568
2014-07-22 23:00:00,102.3087
2014-07-23 00:00:00,98.4125
2014-07-23 01:00:00,100.7741
2014-07-23 02:00:00,97.2788
2014-07-23 03:00:00,99.2807
2014-07-23 04:00:00,142.0494
2014-07-23 05:00:00,230.0718
2014-07-23 06:00:00,189.2794
2014-07-23 07:00:00,160.3766
2014-07-23 08:00:00,87.5643
2014-07-23 09:00:00,106.6496
2014-07-23 10:00:00,329.1153
2014-07-23 11:00:00,1198.3536
2014-07-23 12:00:00,167.4807
2014-07-23 13:00:00,97.8675
2014-07-23 14:00:00,95.4351
2014-07-23 15:00:00,146.6617
2014-07-23 16:00:00,148.3919
2014-07-23 17:00:00,112.6439
2014-07-23 18:00:00,111.0499
2014-07-23 19:00:00,181.8807
2014-07-23 20:00:00,179.7604
2014-07-23 21:00:00,216.7301
2014-07-23 22:00:00,90.5192
2014-07-23 23:00:00,92.163
2014-07-24 00:00:00,94.1876
2014-07-24 01:00:00,91.3766
2014-07-24 02:00:00,115.2705
2014-07-24 03:00:00,154.8843
2014-07-24 04:00:00,119.3226
2014-07-24 05:00:00,165.0278
2014-07-24 06:00:00,120.0754
2014-07-24 07:00:00,81.8651
2014-07-24 08:00:00,93.3709
2014-07-24 09:00:00,92.1376
2014-07-24 10:00:00,135.4208
2014-07-24 11:00:00,170.9762
2014-07-24 12:00:00,123.5205
2014-07-24 13:00:00,87.3145
2014-07-24 14:00:00,118.6006
2014-07-24 15:00:00,155.1012
2014-07-24 16:00:00,109.544
2014-07-24 17:00:00,95.0787
2014-07-24 18:00:00,92.429
2014-07-24 19:00:00,91.9006
2014-07-24 20:00:00,100.3573
2014-07-24 21:00:00,211.3432
2014-07-24 22:00:00,89.5116
2014-07-24 23:00:00,89.0478
2014-07-25 00:00:00,88.7427
2014-07-25 01:00:00,94.6736
2014-07-25 02:00:00,92.5431
2014-07-25 03:00:00,155.4495
2014-07-25 04:00:00,146.9667
2014-07-25 05:00:00,165.2237
2014-07-25 06:00:00,160.028
2014-07-25 07:00:00,98.8689
2014-07-25 08:00:00,136.9341
2014-07-25 09:00:00,128.0986
2014-07-25 10:00:00,142.7615
2014-07-25 11:00:00,200.9659
2014-07-25 12:00:00,210.606
2014-07-25 13:00:00,136.9896
2014-07-25 14:00:00,164.9117
2014-07-25 15:00:00,209.1704
2014-07-25 16:00:00,145.3955
2014-07-25 17:00:00,136.3297
2014-07-25 18:00:00,130.984
2014-07-25 19:00:00,176.3874
2014-07-25 20:00:00,184.6888
2014-07-25 21:00:00,214.9365
2014-07-25 22:00:00,89.5721
2014-07-25 23:00:00,93.2113
2014-07-26 00:00:00,93.924
2014-07-26 01:00:00,144.055
2014-07-26 02:00:00,138.8927
2014-07-26 03:00:00,95.0184
2014-07-26 04:00:00,101.7576
2014-07-26 05:00:00,165.2797
2014-07-26 06:00:00,266.2911
2014-07-26 07:00:00,164.1063
2014-07-26 08:00:00,242.1397
2014-07-26 09:00:00,75.7081
2014-07-26 10:00:00,126.2431
2014-07-26 11:00:00,167.929
2014-07-26 12:00:00,111.5693
2014-07-26 13:00:00,143.3658
2014-07-26 14:00:00,203.4386
2014-07-26 15:00:00,174.5541
2014-07-26 16:00:00,168.9785
2014-07-26 17:00:00,107.3004
2014-07-26 18:00:00,185.1949
2014-07-26 19:00:00,181.0467
2014-07-26 20:00:00,164.4918
2014-07-26 21:00:00,372.3038
2014-07-26 22:00:00,94.4244
2014-07-26 23:00:00,88.2253
2014-07-27 00:00:00,86.152
2014-07-27 01:00:00,164.9523
2014-07-27 02:00:00,109.2545
2014-07-27 03:00:00,92.8299
2014-07-27 04:00:00,87.9506
2014-07-27 05:00:00,126.675
2014-07-27 06:00:00,161.8235
2014-07-27 07:00:00,159.0361
2014-07-27 08:00:00,242.1397
2014-07-27 09:00:00,75.7081
2014-07-27 10:00:00,126.2431
2014-07-27 11:00:00,167.929
2014-07-27 12:00:00,111.5693
2014-07-27 13:00:00,143.3658
2014-07-27 14:00:00,203.4386
2014-07-27 15:00:00,174.5541
2014-07-27 16:00:00,168.9785
2014-07-27 17:00:00,107.3004
2014-07-27 18:00:00,185.1949
2014-07-27 19:00:00,181.0467
2014-07-27 20:00:00,164.4918
2014-07-27 21:00:00,372.3038
2014-07-27 22:00:00,94.4244
2014-07-27 23:00:00,88.2253
2014-07-28 00:00:00,86.152
2014-07-28 01:00:00,164.9523
2014-07-28 02:00:00,109.2545
2014-07-28 03:00:00,92.8299
2014-07-28 04:00:00,87.9506
2014-07-28 05:00:00,126.675
2014-07-28 06:00:00,161.8235
2014-07-28 07:00:00,159.0361
2014-07-28 08:00:00,242.1397
2014-07-28 09:00:00,75.7081
2014-07-28 10:00:00,126.2431
2014-07-28 11:00:00,167.929
2014-07-28 12:00:00,111.5693
2014-07-28 13:00:00,143.3658
2014-07-28 14:00:00,203.4386
2014-07-28 15:00:00,174.5541
2014-07-28 16:00:00,168.9785
2014-07-28 17:00:00,107.3004
2014-07-28 18:00:00,185.1949
2014-07-28 19:00:00,181.0467
2014-07-28 20:00:00,164.4918
2014-07-28 21:00:00,372.3038
2014-07-28 22:00:00,94.4244
2014-07-28 23:00:00,88.2253
2014-07-29 00:00:00,86.152
2014-07-29 01:00:00,164.9523
2014-07-29 02:00:00,109.2545
2014-07-29 03:00:00,92.8299
2014-07-29 04:00:00,87.9506
2014-07-29 05:00:00,126.675
2014-07-29 06:00:00,161.8235
2014-07-29 07:00:00,159.0361
2014-07-29 08:00:00,108.5222
2014-07-29 09:00:00,139.4858
2014-07-29 10:00:00,130.5983
2014-07-29 11:00:00,200.8983
2014-07-29 12:00:00,193.4798
2014-07-29 13:00:00,195.0157
2014-07-29 14:00:00,113.8581
2014-07-29 15:00:00,171.218
2014-07-29 16:00:00,117.7237
2014-07-29 17:00:00,144.6452
2014-07-29 18:00:00,190.0334
2014-07-29 19:00:00,207.3324
2014-07-29 20:00:00,90.8037
2014-07-29 21:00:00,195.2426
2014-07-29 22:00:00,95.3349
2014-07-29 23:00:00,92.067
2014-07-30 00:00:00,87.7185
2014-07-30 01:00:00,84.5299
2014-07-30 02:00:00,111.3235
2014-07-30 03:00:00,156.1007
2014-07-30 04:00:00,136.1677
2014-07-30 05:00:00,202.3222
2014-07-30 06:00:00,159.0949
2014-07-30 07:00:00,159.5545
2014-07-30 08:00:00,170.0369
2014-07-30 09:00:00,173.9196
2014-07-30 10:00:00,1192.2955
2014-07-30 11:00:00,405.6042
2014-07-30 12:00:00,116.7762
2014-07-30 13:00:00,113.863
2014-07-30 14:00:00,162.5629
2014-07-30 15:00:00,146.8734
2014-07-30 16:00:00,95.6855
2014-07-30 17:00:00,102.3986
2014-07-30 18:00:00,171.8962
2014-07-30 19:00:00,172.9743
2014-07-30 20:00:00,185.451
2014-07-30 21:00:00,395.8808
2014-07-30 22:00:00,102.0259
2014-07-30 23:00:00,91.5137
2014-07-31 00:00:00,108.3485
2014-07-31 01:00:00,166.0459
2014-07-31 02:00:00,110.3503
2014-07-31 03:00:00,96.952
2014-07-31 04:00:00,94.6312
2014-07-31 05:00:00,125.3372
2014-07-31 06:00:00,167.0105
2014-07-31 07:00:00,72.3982
2014-07-31 08:00:00,88.7451
2014-07-31 09:00:00,103.656
2014-07-31 10:00:00,121.8262
2014-07-31 11:00:00,177.5684
2014-07-31 12:00:00,221.2555
2014-07-31 13:00:00,246.3951
2014-07-31 14:00:00,141.2606
2014-07-31 15:00:00,107.2958
2014-07-31 16:00:00,90.681
2014-07-31 17:00:00,87.0645
2014-07-31 18:00:00,90.3785
2014-07-31 19:00:00,102.5252
2014-07-31 20:00:00,169.7535
2014-07-31 21:00:00,168.7819
2014-07-31 22:00:00,83.2154
2014-07-31 23:00:00,91.8885
2014-08-01 00:00:00,89.5823
2014-08-01 01:00:00,88.3287
2014-08-01 02:00:00,163.1714
2014-08-01 03:00:00,115.0637
2014-08-01 04:00:00,76.3967
2014-08-01 05:00:00,88.6105
2014-08-01 06:00:00,90.1235
2014-08-01 07:00:00,82.0775
2014-08-01 08:00:00,84.6864
2014-08-01 09:00:00,91.6762
2014-08-01 10:00:00,80.2843
2014-08-01 11:00:00,102.4549
2014-08-01 12:00:00,99.3494
2014-08-01 13:00:00,89.1481
2014-08-01 14:00:00,89.5917
2014-08-01 15:00:00,155.7404
2014-08-01 16:00:00,108.8654
2014-08-01 17:00:00,85.048
2014-08-01 18:00:00,84.4907
2014-08-01 19:00:00,152.9971
2014-08-01 20:00:00,117.1412
2014-08-01 21:00:00,138.3826
2014-08-01 22:00:00,86.7196
2014-08-01 23:00:00,91.2645
2014-08-02 00:00:00,83.0225
2014-08-02 01:00:00,86.7824
2014-08-02 02:00:00,88.4102
2014-08-02 03:00:00,79.9021
2014-08-02 04:00:00,153.2748
2014-08-02 05:00:00,164.3298
2014-08-02 06:00:00,142.6812
2014-08-02 07:00:00,79.1061
2014-08-02 08:00:00,94.4913
2014-08-02 09:00:00,90.1445
2014-08-02 10:00:00,86.1877
2014-08-02 11:00:00,120.8847
2014-08-02 12:00:00,99.276
2014-08-02 13:00:00,90.53
2014-08-02 14:00:00,88.7097
2014-08-02 15:00:00,89.5839
2014-08-02 16:00:00,110.5837
2014-08-02 17:00:00,150.1905
2014-08-02 18:00:00,98.1593
2014-08-02 19:00:00,168.2009
2014-08-02 20:00:00,169.2025
2014-08-02 21:00:00,276.5529
2014-08-02 22:00:00,122.1547
2014-08-02 23:00:00,80.0866
2014-08-03 00:00:00,91.8463
2014-08-03 01:00:00,92.6496
2014-08-03 02:00:00,84.1057
2014-08-03 03:00:00,87.1948
2014-08-03 04:00:00,92.1892
2014-08-03 05:00:00,155.4223
2014-08-03 06:00:00,160.037
2014-08-03 07:00:00,128.3419
2014-08-03 08:00:00,81.6525
2014-08-03 09:00:00,90.5403
2014-08-03 10:00:00,175.1959
2014-08-03 11:00:00,181.9255
2014-08-03 12:00:00,170.2846
2014-08-03 13:00:00,198.4665
2014-08-03 14:00:00,215.8871
2014-08-03 15:00:00,195.7071
2014-08-03 16:00:00,261.7161
2014-08-03 17:00:00,220.4293
2014-08-03 18:00:00,204.7764
2014-08-03 19:00:00,180.9025
2014-08-03 20:00:00,137.8612
2014-08-03 21:00:00,208.5072
2014-08-03 22:00:00,93.5862
2014-08-03 23:00:00,91.0478
2014-08-04 00:00:00,88.0561
2014-08-04 01:00:00,87.8907
2014-08-04 02:00:00,90.1684
2014-08-04 03:00:00,113.9059
2014-08-04 04:00:00,154.1064
2014-08-04 05:00:00,139.7918
2014-08-04 06:00:00,173.012
2014-08-04 07:00:00,136.8623
2014-08-04 08:00:00,93.8172
2014-08-04 09:00:00,95.0361
2014-08-04 10:00:00,96.9874
2014-08-04 11:00:00,91.5223
2014-08-04 12:00:00,86.5232
2014-08-04 13:00:00,94.1871
2014-08-04 14:00:00,95.5113
2014-08-04 15:00:00,87.9548
2014-08-04 16:00:00,134.8616
2014-08-04 17:00:00,129.1873
2014-08-04 18:00:00,97.2874
2014-08-04 19:00:00,97.6308
2014-08-04 20:00:00,131.3823
2014-08-04 21:00:00,140.6008
2014-08-04 22:00:00,80.74
2014-08-04 23:00:00,87.4156
2014-08-05 00:00:00,81.4531
2014-08-05 01:00:00,90.2258
2014-08-05 02:00:00,89.1227
2014-08-05 03:00:00,81.6381
2014-08-05 04:00:00,85.8044
2014-08-05 05:00:00,134.5878
2014-08-05 06:00:00,199.8734
2014-08-05 07:00:00,97.362
2014-08-05 08:00:00,113.0061
2014-08-05 09:00:00,114.9701
2014-08-05 10:00:00,118.8035
2014-08-05 11:00:00,174.4211
2014-08-05 12:00:00,158.5395
2014-08-05 13:00:00,160.5008
2014-08-05 14:00:00,74.5941
2014-08-05 15:00:00,85.8122
2014-08-05 16:00:00,83.9486
2014-08-05 17:00:00,101.8519
2014-08-05 18:00:00,159.4584
2014-08-05 19:00:00,98.318
2014-08-05 20:00:00,86.5604
2014-08-05 21:00:00,200.0756
2014-08-05 22:00:00,81.8129
2014-08-05 23:00:00,87.1403
2014-08-06 00:00:00,79.6351
2014-08-06 01:00:00,85.803
2014-08-06 02:00:00,80.7908
2014-08-06 03:00:00,83.6844
2014-08-06 04:00:00,79.2786
2014-08-06 05:00:00,144.3161
2014-08-06 06:00:00,150.7232
2014-08-06 07:00:00,158.9115
2014-08-06 08:00:00,193.9954
2014-08-06 09:00:00,94.7229
2014-08-06 10:00:00,86.1411
2014-08-06 11:00:00,100.8404
2014-08-06 12:00:00,137.0875
2014-08-06 13:00:00,90.3562
2014-08-06 14:00:00,140.5951
2014-08-06 15:00:00,131.3467
2014-08-06 16:00:00,121.2237
2014-08-06 17:00:00,92.8204
2014-08-06 18:00:00,105.7496
2014-08-06 19:00:00,165.518
2014-08-06 20:00:00,184.1734
2014-08-06 21:00:00,333.0112
2014-08-06 22:00:00,88.7374
2014-08-06 23:00:00,88.2077
2014-08-07 00:00:00,84.6394
2014-08-07 01:00:00,92.9007
2014-08-07 02:00:00,82.9783
2014-08-07 03:00:00,85.8796
2014-08-07 04:00:00,85.5603
2014-08-07 05:00:00,144.8834
2014-08-07 06:00:00,139.0004
2014-08-07 07:00:00,66.6412
2014-08-07 08:00:00,84.56
2014-08-07 09:00:00,89.4275
2014-08-07 10:00:00,165.3191
2014-08-07 11:00:00,200.0278
2014-08-07 12:00:00,112.387
2014-08-07 13:00:00,91.1003
2014-08-07 14:00:00,93.1045
2014-08-07 15:00:00,90.6403
2014-08-07 16:00:00,82.1563
2014-08-07 17:00:00,86.2272
2014-08-07 18:00:00,87.2447
2014-08-07 19:00:00,151.79
2014-08-07 20:00:00,75.6037
2014-08-07 21:00:00,154.7113
2014-08-07 22:00:00,107.0819
2014-08-07 23:00:00,156.4689
2014-08-08 00:00:00,100.0353
2014-08-08 01:00:00,84.8497
2014-08-08 02:00:00,89.965
2014-08-08 03:00:00,82.9022
2014-08-08 04:00:00,95.7807
2014-08-08 05:00:00,75.2986
2014-08-08 06:00:00,90.9764
2014-08-08 07:00:00,87.9966
2014-08-08 08:00:00,82.6174
2014-08-08 09:00:00,89.7865
2014-08-08 10:00:00,96.8493
2014-08-08 11:00:00,177.4667
2014-08-08 12:00:00,140.4599
2014-08-08 13:00:00,109.1175
2014-08-08 14:00:00,90.5022
2014-08-08 15:00:00,85.596
2014-08-08 16:00:00,84.0622
2014-08-08 17:00:00,87.0216
2014-08-08 18:00:00,87.2447
2014-08-08 19:00:00,151.79
2014-08-08 20:00:00,75.6037
2014-08-08 21:00:00,154.7113
2014-08-08 22:00:00,107.0819
2014-08-08 23:00:00,156.4689
2014-08-09 00:00:00,100.0353
2014-08-09 01:00:00,84.8497
2014-08-09 02:00:00,89.965
2014-08-09 03:00:00,82.9022
2014-08-09 04:00:00,95.7807
2014-08-09 05:00:00,75.2986
2014-08-09 06:00:00,90.9764
2014-08-09 07:00:00,87.9966
2014-08-09 08:00:00,82.6174
2014-08-09 09:00:00,89.7865
2014-08-09 10:00:00,96.8493
2014-08-09 11:00:00,177.4667
2014-08-09 12:00:00,140.4599
2014-08-09 13:00:00,109.1175
2014-08-09 14:00:00,90.5022
2014-08-09 15:00:00,85.596
2014-08-09 16:00:00,84.0622
2014-08-09 17:00:00,87.0216
2014-08-09 18:00:00,87.2447
2014-08-09 19:00:00,151.79
2014-08-09 20:00:00,75.6037
2014-08-09 21:00:00,154.7113
2014-08-09 22:00:00,107.0819
2014-08-09 23:00:00,156.4689
2014-08-10 00:00:00,100.0353
2014-08-10 01:00:00,84.8497
2014-08-10 02:00:00,89.965
2014-08-10 03:00:00,82.9022
2014-08-10 04:00:00,95.7807
2014-08-10 05:00:00,75.2986
2014-08-10 06:00:00,90.9764
2014-08-10 07:00:00,87.9966
2014-08-10 08:00:00,82.6174
2014-08-10 09:00:00,89.7865
2014-08-10 10:00:00,96.8493
2014-08-10 11:00:00,177.4667
2014-08-10 12:00:00,140.4599
2014-08-10 13:00:00,109.1175
2014-08-10 14:00:00,90.5022
2014-08-10 15:00:00,85.596
2014-08-10 16:00:00,84.0622
2014-08-10 17:00:00,87.0216
2014-08-10 18:00:00,87.2447
2014-08-10 19:00:00,151.79
2014-08-10 20:00:00,75.6037
2014-08-10 21:00:00,154.7113
2014-08-10 22:00:00,107.0819
2014-08-10 23:00:00,156.4689
2014-08-11 00:00:00,100.0353
2014-08-11 01:00:00,84.8497
2014-08-11 02:00:00,89.965
2014-08-11 03:00:00,82.9022
2014-08-11 04:00:00,95.7807
2014-08-11 05:00:00,75.2986
2014-08-11 06:00:00,90.9764
2014-08-11 07:00:00,87.9966
2014-08-11 08:00:00,82.6174
2014-08-11 09:00:00,89.7865
2014-08-11 10:00:00,96.8493
2014-08-11 11:00:00,177.4667
2014-08-11 12:00:00,140.4599
2014-08-11 13:00:00,109.1175
2014-08-11 14:00:00,90.5022
2014-08-11 15:00:00,85.596
2014-08-11 16:00:00,84.0622
2014-08-11 17:00:00,87.0216
2014-08-11 18:00:00,87.2447
2014-08-11 19:00:00,151.79
2014-08-11 20:00:00,75.6037
2014-08-11 21:00:00,154.7113
2014-08-11 22:00:00,107.0819
2014-08-11 23:00:00,156.4689
2014-08-12 00:00:00,100.0353
2014-08-12 01:00:00,84.8497
2014-08-12 02:00:00,89.965
2014-08-12 03:00:00,82.9022
2014-08-12 04:00:00,95.7807
2014-08-12 05:00:00,75.2986
2014-08-12 06:00:00,90.9764
2014-08-12 07:00:00,87.9966
2014-08-12 08:00:00,82.6174
2014-08-12 09:00:00,89.7865
2014-08-12 10:00:00,156.0467
2014-08-12 11:00:00,182.297
2014-08-12 12:00:00,92.1687
2014-08-12 13:00:00,99.2416
2014-08-12 14:00:00,98.0777
2014-08-12 15:00:00,100.9906
2014-08-12 16:00:00,94.3714
2014-08-12 17:00:00,100.7254
2014-08-12 18:00:00,216.7608
2014-08-12 19:00:00,201.371
2014-08-12 20:00:00,108.418
2014-08-12 21:00:00,240.4548
2014-08-12 22:00:00,99.4666
2014-08-12 23:00:00,93.2027
2014-08-13 00:00:00,91.2028
2014-08-13 01:00:00,97.9294
2014-08-13 02:00:00,94.5791
2014-08-13 03:00:00,90.0215
2014-08-13 04:00:00,90.944
2014-08-13 05:00:00,126.8694
2014-08-13 06:00:00,80.0357
2014-08-13 07:00:00,164.6497
2014-08-13 08:00:00,115.4085
2014-08-13 09:00:00,98.55
2014-08-13 10:00:00,97.5032
2014-08-13 11:00:00,105.7762
2014-08-13 12:00:00,79.7209
2014-08-13 13:00:00,97.7698
2014-08-13 14:00:00,89.6553
2014-08-13 15:00:00,89.9602
2014-08-13 16:00:00,93.8794
2014-08-13 17:00:00,223.5854
2014-08-13 18:00:00,198.0023
2014-08-13 19:00:00,93.9623
2014-08-13 20:00:00,171.9775
2014-08-13 21:00:00,260.398
2014-08-13 22:00:00,99.2486
2014-08-13 23:00:00,94.7051
2014-08-14 00:00:00,89.7079
2014-08-14 01:00:00,93.4885
2014-08-14 02:00:00,94.4039
2014-08-14 03:00:00,91.205
2014-08-14 04:00:00,88.9151
2014-08-14 05:00:00,139.5711
2014-08-14 06:00:00,166.5641
2014-08-14 07:00:00,164.5273
2014-08-14 08:00:00,112.0839
2014-08-14 09:00:00,141.1143
2014-08-14 10:00:00,196.6704
2014-08-14 11:00:00,104.726
2014-08-14 12:00:00,99.378
2014-08-14 13:00:00,93.5872
2014-08-14 14:00:00,88.949
2014-08-14 15:00:00,179.3592
2014-08-14 16:00:00,160.3587
2014-08-14 17:00:00,163.4311
2014-08-14 18:00:00,164.4746
2014-08-14 19:00:00,168.5718
2014-08-14 20:00:00,178.2894
2014-08-14 21:00:00,2668.0374
2014-08-14 22:00:00,270.5913
2014-08-14 23:00:00,150.1381
2014-08-15 00:00:00,136.2317
2014-08-15 01:00:00,97.6013
2014-08-15 02:00:00,89.9532
2014-08-15 03:00:00,96.0994
2014-08-15 04:00:00,128.8443
2014-08-15 05:00:00,157.8852
2014-08-15 06:00:00,158.3888
2014-08-15 07:00:00,133.656
2014-08-15 08:00:00,63.4823
2014-08-15 09:00:00,62.3164
2014-08-15 10:00:00,58.8016
2014-08-15 11:00:00,61.0964
2014-08-15 12:00:00,59.3103
2014-08-15 13:00:00,57.7991
2014-08-15 14:00:00,138.9537
2014-08-15 15:00:00,71.8137
2014-08-15 16:00:00,66.2549
2014-08-15 17:00:00,60.4325
2014-08-15 18:00:00,56.1766
2014-08-15 19:00:00,58.7741
2014-08-15 20:00:00,57.0528
2014-08-15 21:00:00,157.3839
2014-08-15 22:00:00,58.1269
2014-08-15 23:00:00,56.6765
2014-08-16 00:00:00,54.5339
2014-08-16 01:00:00,61.8468
2014-08-16 02:00:00,60.3504
2014-08-16 03:00:00,62.7887
2014-08-16 04:00:00,63.7717
2014-08-16 05:00:00,60.3849
2014-08-16 06:00:00,59.4842
2014-08-16 07:00:00,59.0493
2014-08-16 08:00:00,60.5488
2014-08-16 09:00:00,60.4393
2014-08-16 10:00:00,61.7586
2014-08-16 11:00:00,61.5807
2014-08-16 12:00:00,61.9371
2014-08-16 13:00:00,62.5239
2014-08-16 14:00:00,115.9769
2014-08-16 15:00:00,105.0106
2014-08-16 16:00:00,64.6538
2014-08-16 17:00:00,56.8717
2014-08-16 18:00:00,67.7709
2014-08-16 19:00:00,57.7011
2014-08-16 20:00:00,58.2788
2014-08-16 21:00:00,129.332
2014-08-16 22:00:00,62.5429
2014-08-16 23:00:00,61.7993
2014-08-17 00:00:00,57.6513
2014-08-17 01:00:00,57.7588
2014-08-17 02:00:00,58.7274
2014-08-17 03:00:00,61.9428
2014-08-17 04:00:00,60.8782
2014-08-17 05:00:00,60.9585
2014-08-17 06:00:00,59.7805
2014-08-17 07:00:00,59.0515
2014-08-17 08:00:00,58.1595
2014-08-17 09:00:00,58.3603
2014-08-17 10:00:00,58.1424
2014-08-17 11:00:00,59.6247
2014-08-17 12:00:00,60.5863
2014-08-17 13:00:00,59.8532
2014-08-17 14:00:00,59.4176
2014-08-17 15:00:00,131.917
2014-08-17 16:00:00,82.9043
2014-08-17 17:00:00,60.1272
2014-08-17 18:00:00,59.8898
2014-08-17 19:00:00,62.3458
2014-08-17 20:00:00,70.3566
2014-08-17 21:00:00,125.5196
2014-08-17 22:00:00,84.148
2014-08-17 23:00:00,81.8916
2014-08-18 00:00:00,81.1364
2014-08-18 01:00:00,84.6487
2014-08-18 02:00:00,85.8667
2014-08-18 03:00:00,89.4594
2014-08-18 04:00:00,157.6483
2014-08-18 05:00:00,117.8603
2014-08-18 06:00:00,103.7192
2014-08-18 07:00:00,139.2799
2014-08-18 08:00:00,88.6342
2014-08-18 09:00:00,87.6801
2014-08-18 10:00:00,85.6904
2014-08-18 11:00:00,94.0707
2014-08-18 12:00:00,90.1336
2014-08-18 13:00:00,90.0821
2014-08-18 14:00:00,90.4594
2014-08-18 15:00:00,86.2994
2014-08-18 16:00:00,85.4278
2014-08-18 17:00:00,85.2157
2014-08-18 18:00:00,88.4649
2014-08-18 19:00:00,86.4124
2014-08-18 20:00:00,85.4892
2014-08-18 21:00:00,317.1938
2014-08-18 22:00:00,127.169
2014-08-18 23:00:00,96.0549
2014-08-19 00:00:00,88.4305
2014-08-19 01:00:00,85.8432
2014-08-19 02:00:00,86.6165
2014-08-19 03:00:00,94.7548
2014-08-19 04:00:00,86.0502
2014-08-19 05:00:00,82.6698
2014-08-19 06:00:00,87.0577
2014-08-19 07:00:00,85.1597
2014-08-19 08:00:00,88.2206
2014-08-19 09:00:00,87.2865
2014-08-19 10:00:00,83.5614
2014-08-19 11:00:00,88.5681
2014-08-19 12:00:00,87.2165
2014-08-19 13:00:00,82.5849
2014-08-19 14:00:00,84.0617
2014-08-19 15:00:00,84.2993
2014-08-19 16:00:00,82.7346
2014-08-19 17:00:00,82.7925
2014-08-19 18:00:00,413.3215
2014-08-19 19:00:00,200.7734
2014-08-19 20:00:00,82.9955
2014-08-19 21:00:00,215.095
2014-08-19 22:00:00,87.8677
2014-08-19 23:00:00,86.5834
2014-08-20 00:00:00,85.8629
2014-08-20 01:00:00,83.0337
2014-08-20 02:00:00,85.4449
2014-08-20 03:00:00,83.6172
2014-08-20 04:00:00,114.1775
2014-08-20 05:00:00,164.5892
2014-08-20 06:00:00,147.8279
2014-08-20 07:00:00,105.2901
2014-08-20 08:00:00,115.963
2014-08-20 09:00:00,183.8679
2014-08-20 10:00:00,144.441
2014-08-20 11:00:00,186.9624
2014-08-20 12:00:00,191.0667
2014-08-20 13:00:00,200.7842
2014-08-20 14:00:00,199.2725
2014-08-20 15:00:00,196.6501
2014-08-20 16:00:00,193.5527
2014-08-20 17:00:00,198.1125
2014-08-20 18:00:00,186.22
2014-08-20 19:00:00,178.5822
2014-08-20 20:00:00,170.0168
2014-08-20 21:00:00,350.7602
2014-08-20 22:00:00,112.7679
2014-08-20 23:00:00,98.5599
2014-08-21 00:00:00,94.7126
2014-08-21 01:00:00,91.0581
2014-08-21 02:00:00,88.5962
2014-08-21 03:00:00,93.0804
2014-08-21 04:00:00,95.5551
2014-08-21 05:00:00,103.6674
2014-08-21 06:00:00,139.2099
2014-08-21 07:00:00,90.2174
2014-08-21 08:00:00,95.9477
2014-08-21 09:00:00,185.672
2014-08-21 10:00:00,228.6916
2014-08-21 11:00:00,134.5893
2014-08-21 12:00:00,229.5373
2014-08-21 13:00:00,97.388
2014-08-21 14:00:00,97.0024
2014-08-21 15:00:00,195.069
2014-08-21 16:00:00,86.5204
2014-08-21 17:00:00,91.9648
2014-08-21 18:00:00,96.1345
2014-08-21 19:00:00,153.2097
2014-08-21 20:00:00,76.1553
2014-08-21 21:00:00,309.8327
2014-08-21 22:00:00,152.3201
2014-08-21 23:00:00,96.4823
2014-08-22 00:00:00,92.6544
2014-08-22 01:00:00,87.6539
2014-08-22 02:00:00,91.1149
2014-08-22 03:00:00,89.9514
2014-08-22 04:00:00,89.1046
2014-08-22 05:00:00,109.104
2014-08-22 06:00:00,67.6155
2014-08-22 07:00:00,84.9403
2014-08-22 08:00:00,86.369
2014-08-22 09:00:00,83.2973
2014-08-22 10:00:00,85.4003
2014-08-22 11:00:00,87.5334
2014-08-22 12:00:00,134.0773
2014-08-22 13:00:00,129.3585
2014-08-22 14:00:00,86.3335
2014-08-22 15:00:00,86.2108
2014-08-22 16:00:00,83.5459
2014-08-22 17:00:00,84.2417
2014-08-22 18:00:00,84.5088
2014-08-22 19:00:00,85.2607
2014-08-22 20:00:00,86.2002
2014-08-22 21:00:00,140.277
2014-08-22 22:00:00,85.2944
2014-08-22 23:00:00,85.0428
2014-08-23 00:00:00,86.2578
2014-08-23 01:00:00,84.5201
2014-08-23 02:00:00,86.4855
2014-08-23 03:00:00,83.8109
2014-08-23 04:00:00,86.043
2014-08-23 05:00:00,85.8694
2014-08-23 06:00:00,83.9147
2014-08-23 07:00:00,83.8206
2014-08-23 08:00:00,84.9835
2014-08-23 09:00:00,86.2958
2014-08-23 10:00:00,81.4387
2014-08-23 11:00:00,86.6015
2014-08-23 12:00:00,121.5626
2014-08-23 13:00:00,129.6276
2014-08-23 14:00:00,93.4113
2014-08-23 15:00:00,90.0808
2014-08-23 16:00:00,85.7734
2014-08-23 17:00:00,76.8227
2014-08-23 18:00:00,60.5612
2014-08-23 19:00:00,59.6679
2014-08-23 20:00:00,58.6187
2014-08-23 21:00:00,91.7365
2014-08-23 22:00:00,59.0191
2014-08-23 23:00:00,60.349
2014-08-24 00:00:00,58.1406
2014-08-24 01:00:00,60.137
2014-08-24 02:00:00,60.193
2014-08-24 03:00:00,55.4318
2014-08-24 04:00:00,58.3576
2014-08-24 05:00:00,60.9356
2014-08-24 06:00:00,59.5617
2014-08-24 07:00:00,57.4104
2014-08-24 08:00:00,58.8476
2014-08-24 09:00:00,56.0276
2014-08-24 10:00:00,57.7994
2014-08-24 11:00:00,61.3343
2014-08-24 12:00:00,80.7716
2014-08-24 13:00:00,126.5073
2014-08-24 14:00:00,65.7595
2014-08-24 15:00:00,58.5144
2014-08-24 16:00:00,60.2839
2014-08-24 17:00:00,58.8671
2014-08-24 18:00:00,56.9473
2014-08-24 19:00:00,58.6476
2014-08-24 20:00:00,59.8464
2014-08-24 21:00:00,122.3543
2014-08-24 22:00:00,58.7639
2014-08-24 23:00:00,55.2159
2014-08-25 00:00:00,58.6413
2014-08-25 01:00:00,56.8643
2014-08-25 02:00:00,56.9627
2014-08-25 03:00:00,58.9421
2014-08-25 04:00:00,58.26
2014-08-25 05:00:00,58.4901
2014-08-25 06:00:00,59.8099
2014-08-25 07:00:00,60.3491
2014-08-25 08:00:00,59.0763
2014-08-25 09:00:00,59.385
2014-08-25 10:00:00,58.0605
2014-08-25 11:00:00,51.2323
2014-08-25 12:00:00,59.7968
2014-08-25 13:00:00,141.1249
2014-08-25 14:00:00,70.0341
2014-08-25 15:00:00,58.5007
2014-08-25 16:00:00,57.0202
2014-08-25 17:00:00,57.9426
2014-08-25 18:00:00,58.5856
2014-08-25 19:00:00,59.2797
2014-08-25 20:00:00,59.5534
2014-08-25 21:00:00,81.9106
2014-08-25 22:00:00,59.4275
2014-08-25 23:00:00,56.977
2014-08-26 00:00:00,55.6443
2014-08-26 01:00:00,58.1591
2014-08-26 02:00:00,55.6926
2014-08-26 03:00:00,57.482
2014-08-26 04:00:00,102.6849
2014-08-26 05:00:00,120.2608
2014-08-26 06:00:00,92.1248
2014-08-26 07:00:00,84.6338
2014-08-26 08:00:00,84.9437
2014-08-26 09:00:00,80.5119
2014-08-26 10:00:00,82.4863
2014-08-26 11:00:00,129.9711
2014-08-26 12:00:00,67.0834
2014-08-26 13:00:00,84.8707
2014-08-26 14:00:00,79.8882
2014-08-26 15:00:00,80.8103
2014-08-26 16:00:00,82.9183
2014-08-26 17:00:00,81.5781
2014-08-26 18:00:00,167.8289
2014-08-26 19:00:00,164.4368
2014-08-26 20:00:00,202.6381
2014-08-26 21:00:00,231.5637
2014-08-26 22:00:00,84.2753
2014-08-26 23:00:00,87.7574
2014-08-27 00:00:00,85.8837
2014-08-27 01:00:00,86.2013
2014-08-27 02:00:00,84.3199
2014-08-27 03:00:00,83.8673
2014-08-27 04:00:00,101.0986
2014-08-27 05:00:00,160.0603
2014-08-27 06:00:00,160.9485
2014-08-27 07:00:00,192.9815
2014-08-27 08:00:00,137.9521
2014-08-27 09:00:00,135.0802
2014-08-27 10:00:00,120.3603
2014-08-27 11:00:00,243.0444
2014-08-27 12:00:00,220.2073
2014-08-27 13:00:00,206.8241
2014-08-27 14:00:00,125.4264
2014-08-27 15:00:00,182.7506
2014-08-27 16:00:00,166.0454
2014-08-27 17:00:00,191.4393
2014-08-27 18:00:00,285.8805
2014-08-27 19:00:00,214.0879
2014-08-27 20:00:00,184.1468
2014-08-27 21:00:00,189.4148
2014-08-27 22:00:00,162.363
2014-08-27 23:00:00,121.5206
2014-08-28 00:00:00,94.9587
2014-08-28 01:00:00,90.4857
2014-08-28 02:00:00,88.1011
2014-08-28 03:00:00,89.1789
2014-08-28 04:00:00,83.8557
2014-08-28 05:00:00,131.1498
2014-08-28 06:00:00,160.1606
2014-08-28 07:00:00,84.9145
2014-08-28 08:00:00,87.115
2014-08-28 09:00:00,82.2722
2014-08-28 10:00:00,82.0837
2014-08-28 11:00:00,135.8518
2014-08-28 12:00:00,204.5714
2014-08-28 13:00:00,100.9671
2014-08-28 14:00:00,92.3409
2014-08-28 15:00:00,89.4112
2014-08-28 16:00:00,87.8231
2014-08-28 17:00:00,266.0447
2014-08-28 18:00:00,96.329
2014-08-28 19:00:00,158.6906
2014-08-28 20:00:00,159.0881
2014-08-28 21:00:00,121.4904
2014-08-28 22:00:00,87.8463
2014-08-28 23:00:00,87.6091
2014-08-29 00:00:00,86.2013
2014-08-29 01:00:00,138.7533
2014-08-29 02:00:00,131.0292
2014-08-29 03:00:00,88.2948
2014-08-29 04:00:00,87.259
2014-08-29 05:00:00,142.6491
2014-08-29 06:00:00,61.6694
2014-08-29 07:00:00,83.1952
2014-08-29 08:00:00,87.2457
2014-08-29 09:00:00,87.4729
2014-08-29 10:00:00,85.8135
2014-08-29 11:00:00,81.3911
2014-08-29 12:00:00,82.537
2014-08-29 13:00:00,84.4494
2014-08-29 14:00:00,86.6253
2014-08-29 15:00:00,86.3948
2014-08-29 16:00:00,133.9724
2014-08-29 17:00:00,115.8699
2014-08-29 18:00:00,95.3301
2014-08-29 19:00:00,86.0707
2014-08-29 20:00:00,85.4827
2014-08-29 21:00:00,142.5285
2014-08-29 22:00:00,83.8301
2014-08-29 23:00:00,83.2452
2014-08-30 00:00:00,86.8204
2014-08-30 01:00:00,86.5203
2014-08-30 02:00:00,86.5622
2014-08-30 03:00:00,81.6174
2014-08-30 04:00:00,77.6377
2014-08-30 05:00:00,93.5486
2014-08-30 06:00:00,122.3941
2014-08-30 07:00:00,169.4915
2014-08-30 08:00:00,162.2488
2014-08-30 09:00:00,140.765
2014-08-30 10:00:00,131.6013
2014-08-30 11:00:00,176.4289
2014-08-30 12:00:00,113.3465
2014-08-30 13:00:00,124.8823
2014-08-30 14:00:00,124.2128
2014-08-30 15:00:00,95.1796
2014-08-30 16:00:00,86.612
2014-08-30 17:00:00,82.4621
2014-08-30 18:00:00,161.5497
2014-08-30 19:00:00,180.2098
2014-08-30 20:00:00,232.6982
2014-08-30 21:00:00,265.5361
2014-08-30 22:00:00,95.038
2014-08-30 23:00:00,95.3524
2014-08-31 00:00:00,90.2879
2014-08-31 01:00:00,93.4035
2014-08-31 02:00:00,84.6374
2014-08-31 03:00:00,90.9647
2014-08-31 04:00:00,87.6778
2014-08-31 05:00:00,84.2007
2014-08-31 06:00:00,121.0744
2014-08-31 07:00:00,121.1829
2014-08-31 08:00:00,72.8374
2014-08-31 09:00:00,155.4665
2014-08-31 10:00:00,156.0177
2014-08-31 11:00:00,165.3327
2014-08-31 12:00:00,106.7183
2014-08-31 13:00:00,83.4143
2014-08-31 14:00:00,82.3836
2014-08-31 15:00:00,79.6736
2014-08-31 16:00:00,80.8802
2014-08-31 17:00:00,77.4658
2014-08-31 18:00:00,78.2564
2014-08-31 19:00:00,79.6393
2014-08-31 20:00:00,77.3235
2014-08-31 21:00:00,120.297
2014-08-31 22:00:00,79.0657
2014-08-31 23:00:00,129.9607
2014-09-01 00:00:00,124.5088
2014-09-01 01:00:00,84.4191
2014-09-01 02:00:00,77.3851
2014-09-01 03:00:00,82.4941
2014-09-01 04:00:00,78.6134
2014-09-01 05:00:00,83.5459
2014-09-01 06:00:00,77.3416
2014-09-01 07:00:00,74.2787
2014-09-01 08:00:00,74.6902
2014-09-01 09:00:00,77.6296
2014-09-01 10:00:00,76.0949
2014-09-01 11:00:00,76.8353
2014-09-01 12:00:00,75.415
2014-09-01 13:00:00,76.2863
2014-09-01 14:00:00,75.8364
2014-09-01 15:00:00,74.1017
2014-09-01 16:00:00,72.6349
2014-09-01 17:00:00,73.7287
2014-09-01 18:00:00,155.1632
2014-09-01 19:00:00,204.3405
2014-09-01 20:00:00,152.7808
2014-09-01 21:00:00,145.665
2014-09-01 22:00:00,77.9695
2014-09-01 23:00:00,85.6114
2014-09-02 00:00:00,80.6771
2014-09-02 01:00:00,81.0193
2014-09-02 02:00:00,76.2625
2014-09-02 03:00:00,76.2444
2014-09-02 04:00:00,85.2699
2014-09-02 05:00:00,119.7309
2014-09-02 06:00:00,109.3087
2014-09-02 07:00:00,63.2495
2014-09-02 08:00:00,116.0057
2014-09-02 09:00:00,97.2364
2014-09-02 10:00:00,94.6542
2014-09-02 11:00:00,210.8237
2014-09-02 12:00:00,163.2342
2014-09-02 13:00:00,102.3533
2014-09-02 14:00:00,105.0739
2014-09-02 15:00:00,110.2374
2014-09-02 16:00:00,102.9379
2014-09-02 17:00:00,99.6246
2014-09-02 18:00:00,173.0297
2014-09-02 19:00:00,173.455
2014-09-02 20:00:00,171.2628
2014-09-02 21:00:00,163.6636
2014-09-02 22:00:00,72.6339
2014-09-02 23:00:00,73.2109
2014-09-03 00:00:00,70.6832
2014-09-03 01:00:00,75.1594
2014-09-03 02:00:00,75.2282
2014-09-03 03:00:00,79.9241
2014-09-03 04:00:00,79.597
2014-09-03 05:00:00,196.937
2014-09-03 06:00:00,152.0532
2014-09-03 07:00:00,77.1047
2014-09-03 08:00:00,80.2531
2014-09-03 09:00:00,76.33
2014-09-03 10:00:00,76.1545
2014-09-03 11:00:00,135.2047
2014-09-03 12:00:00,148.0909
2014-09-03 13:00:00,106.8777
2014-09-03 14:00:00,69.9087
2014-09-03 15:00:00,77.7601
2014-09-03 16:00:00,76.6646
2014-09-03 17:00:00,77.9901
2014-09-03 18:00:00,72.7168
2014-09-03 19:00:00,74.831
2014-09-03 20:00:00,86.5757
2014-09-03 21:00:00,197.3017
2014-09-03 22:00:00,68.5171
2014-09-03 23:00:00,101.2791
2014-09-04 00:00:00,124.0051
2014-09-04 01:00:00,71.1347
2014-09-04 02:00:00,72.0561
2014-09-04 03:00:00,71.4278
2014-09-04 04:00:00,89.6227
2014-09-04 05:00:00,193.6077
2014-09-04 06:00:00,118.6943
2014-09-04 07:00:00,115.8523
2014-09-04 08:00:00,125.6511
2014-09-04 09:00:00,119.8702
2014-09-04 10:00:00,112.6677
2014-09-04 11:00:00,76.6534
2014-09-04 12:00:00,84.4742
2014-09-04 13:00:00,77.1265
2014-09-04 14:00:00,71.8013
2014-09-04 15:00:00,70.9294
2014-09-04 16:00:00,141.1661
2014-09-04 17:00:00,221.2189
2014-09-04 18:00:00,160.7382
2014-09-04 19:00:00,165.4525
2014-09-04 20:00:00,146.3738
2014-09-04 21:00:00,132.2533
2014-09-04 22:00:00,70.2045
2014-09-04 23:00:00,70.5308
2014-09-05 00:00:00,71.2306
2014-09-05 01:00:00,71.4989
2014-09-05 02:00:00,69.5195
2014-09-05 03:00:00,70.2936
2014-09-05 04:00:00,76.9786
2014-09-05 05:00:00,140.1841
2014-09-05 06:00:00,131.9935
2014-09-05 07:00:00,90.1067
2014-09-05 08:00:00,114.2111
2014-09-05 09:00:00,92.4229
2014-09-05 10:00:00,103.8678
2014-09-05 11:00:00,136.74
2014-09-05 12:00:00,252.0744
2014-09-05 13:00:00,78.9551
2014-09-05 14:00:00,79.4942
2014-09-05 15:00:00,78.9051
2014-09-05 16:00:00,78.4412
2014-09-05 17:00:00,75.7505
2014-09-05 18:00:00,145.3331
2014-09-05 19:00:00,146.439
2014-09-05 20:00:00,87.9264
2014-09-05 21:00:00,121.0766
2014-09-05 22:00:00,82.074
2014-09-05 23:00:00,74.4718
2014-09-06 00:00:00,70.4649
2014-09-06 01:00:00,76.2936
2014-09-06 02:00:00,75.6714
2014-09-06 03:00:00,77.6854
2014-09-06 04:00:00,97.4436
2014-09-06 05:00:00,145.7693
2014-09-06 06:00:00,166.2384
2014-09-06 07:00:00,102.7771
2014-09-06 08:00:00,76.7077
2014-09-06 09:00:00,78.2976
2014-09-06 10:00:00,78.139
2014-09-06 11:00:00,127.2351
2014-09-06 12:00:00,144.8659
2014-09-06 13:00:00,61.4986
2014-09-06 14:00:00,76.3803
2014-09-06 15:00:00,75.8992
2014-09-06 16:00:00,74.7032
2014-09-06 17:00:00,75.9317
2014-09-06 18:00:00,133.9992
2014-09-06 19:00:00,156.3722
2014-09-06 20:00:00,139.4609
2014-09-06 21:00:00,104.1786
2014-09-06 22:00:00,77.0956
2014-09-06 23:00:00,78.1948
2014-09-07 00:00:00,76.1108
2014-09-07 01:00:00,142.7604
2014-09-07 02:00:00,98.0256
2014-09-07 03:00:00,77.2835
2014-09-07 04:00:00,76.8109
2014-09-07 05:00:00,143.6554
2014-09-07 06:00:00,121.8535
2014-09-07 07:00:00,67.4841
2014-09-07 08:00:00,72.4877
2014-09-07 09:00:00,71.2954
2014-09-07 10:00:00,67.0485
2014-09-07 11:00:00,72.3438
2014-09-07 12:00:00,71.5541
2014-09-07 13:00:00,70.1393
2014-09-07 14:00:00,71.3359
2014-09-07 15:00:00,71.6386
2014-09-07 16:00:00,68.8323
2014-09-07 17:00:00,68.3608
2014-09-07 18:00:00,105.5946
2014-09-07 19:00:00,144.9167
2014-09-07 20:00:00,97.8734
2014-09-07 21:00:00,222.4481
2014-09-07 22:00:00,72.8679
2014-09-07 23:00:00,71.3408
2014-09-08 00:00:00,72.2952
2014-09-08 01:00:00,73.2702
2014-09-08 02:00:00,72.0284
2014-09-08 03:00:00,71.3794
2014-09-08 04:00:00,68.581
2014-09-08 05:00:00,124.9484
2014-09-08 06:00:00,121.1913
2014-09-08 07:00:00,59.6963
2014-09-08 08:00:00,73.7547
2014-09-08 09:00:00,80.1469
2014-09-08 10:00:00,73.9849
2014-09-08 11:00:00,72.2598
2014-09-08 12:00:00,77.4352
2014-09-08 13:00:00,71.0261
2014-09-08 14:00:00,75.1423
2014-09-08 15:00:00,78.6927
2014-09-08 16:00:00,160.7171
2014-09-08 17:00:00,80.572
2014-09-08 18:00:00,131.4459
2014-09-08 19:00:00,159.6521
2014-09-08 20:00:00,123.5005
2014-09-08 21:00:00,160.5863
2014-09-08 22:00:00,79.9684
2014-09-08 23:00:00,73.0224
2014-09-09 00:00:00,74.1171
2014-09-09 01:00:00,75.1738
2014-09-09 02:00:00,77.5734
2014-09-09 03:00:00,77.0508
2014-09-09 04:00:00,83.7111
2014-09-09 05:00:00,109.7331
2014-09-09 06:00:00,122.1779
2014-09-09 07:00:00,58.803
2014-09-09 08:00:00,79.2314
2014-09-09 09:00:00,118.8532
2014-09-09 10:00:00,127.4401
2014-09-09 11:00:00,128.429
2014-09-09 12:00:00,151.7503
2014-09-09 13:00:00,76.0606
2014-09-09 14:00:00,76.4127
2014-09-09 15:00:00,75.64
2014-09-09 16:00:00,77.9666
2014-09-09 17:00:00,97.9096
2014-09-09 18:00:00,163.7936
2014-09-09 19:00:00,158.224
2014-09-09 20:00:00,151.1147
2014-09-09 21:00:00,147.7025
2014-09-09 22:00:00,71.0764
2014-09-09 23:00:00,76.6521
2014-09-10 00:00:00,76.1581
2014-09-10 01:00:00,79.5826
2014-09-10 02:00:00,80.0228
2014-09-10 03:00:00,167.8527
2014-09-10 04:00:00,82.8689
2014-09-10 05:00:00,169.935
2014-09-10 06:00:00,62.93
2014-09-10 07:00:00,72.2688
2014-09-10 08:00:00,80.6464
2014-09-10 09:00:00,75.3676
2014-09-10 10:00:00,76.3323
2014-09-10 11:00:00,143.2969
2014-09-10 12:00:00,149.5002
2014-09-10 13:00:00,147.6943
2014-09-10 14:00:00,94.3869
2014-09-10 15:00:00,76.289
2014-09-10 16:00:00,88.2082
2014-09-10 17:00:00,169.099
2014-09-10 18:00:00,150.3037
2014-09-10 19:00:00,154.6694
2014-09-10 20:00:00,128.9776
2014-09-10 21:00:00,200.6434
2014-09-10 22:00:00,76.7428
2014-09-10 23:00:00,71.4789
2014-09-11 00:00:00,72.4025
2014-09-11 01:00:00,71.7722
2014-09-11 02:00:00,67.9808
2014-09-11 03:00:00,76.7478
2014-09-11 04:00:00,94.2249
2014-09-11 05:00:00,140.9242
2014-09-11 06:00:00,124.8813
2014-09-11 07:00:00,30.971
2014-09-11 08:00:00,40.2377
2014-09-11 09:00:00,40.278
2014-09-11 10:00:00,40.3994
2014-09-11 11:00:00,83.6568
2014-09-11 12:00:00,68.0244
2014-09-11 13:00:00,34.3206
2014-09-11 14:00:00,40.515
2014-09-11 15:00:00,40.3174
2014-09-11 16:00:00,40.3577
2014-09-11 17:00:00,40.3226
2014-09-11 18:00:00,93.354
2014-09-11 19:00:00,193.537
2014-09-11 20:00:00,163.4008
2014-09-11 21:00:00,270.1127
2014-09-11 22:00:00,104.792
2014-09-11 23:00:00,83.8763
2014-09-12 00:00:00,88.3134
2014-09-12 01:00:00,86.3714
2014-09-12 02:00:00,78.6866
2014-09-12 03:00:00,87.8862
2014-09-12 04:00:00,114.6141
2014-09-12 05:00:00,216.4412
2014-09-12 06:00:00,107.5954
2014-09-12 07:00:00,79.0467
2014-09-12 08:00:00,123.6543
2014-09-12 09:00:00,113.2074
2014-09-12 10:00:00,106.0493
2014-09-12 11:00:00,167.7148
2014-09-12 12:00:00,179.8406
2014-09-12 13:00:00,73.9577
2014-09-12 14:00:00,94.0738
2014-09-12 15:00:00,142.2896
2014-09-12 16:00:00,125.7995
2014-09-12 17:00:00,117.4926
2014-09-12 18:00:00,224.8736
2014-09-12 19:00:00,120.8134
2014-09-12 20:00:00,81.0442
2014-09-12 21:00:00,129.8141
2014-09-12 22:00:00,97.7364
2014-09-12 23:00:00,84.6705
2014-09-13 00:00:00,84.3542
2014-09-13 01:00:00,89.7881
2014-09-13 02:00:00,119.1923
2014-09-13 03:00:00,131.6433
2014-09-13 04:00:00,144.1158
2014-09-13 05:00:00,198.244
2014-09-13 06:00:00,190.0192
2014-09-13 07:00:00,114.0017
2014-09-13 08:00:00,131.7236
2014-09-13 09:00:00,137.2626
2014-09-13 10:00:00,139.8668
2014-09-13 11:00:00,145.6649
2014-09-13 12:00:00,247.3788
2014-09-13 13:00:00,183.0655
2014-09-13 14:00:00,146.3488
2014-09-13 15:00:00,101.2204
2014-09-13 16:00:00,96.442
2014-09-13 17:00:00,89.8954
2014-09-13 18:00:00,108.8149
2014-09-13 19:00:00,169.1598
2014-09-13 20:00:00,175.7499
2014-09-13 21:00:00,151.4569
2014-09-13 22:00:00,175.8028
2014-09-13 23:00:00,138.0509
2014-09-14 00:00:00,137.8303
2014-09-14 01:00:00,198.6686
2014-09-14 02:00:00,169.6583
2014-09-14 03:00:00,125.5604
2014-09-14 04:00:00,139.8124
2014-09-14 05:00:00,136.9539
2014-09-14 06:00:00,210.3016
2014-09-14 07:00:00,155.4969
2014-09-14 08:00:00,117.665
2014-09-14 09:00:00,109.1578
2014-09-14 10:00:00,87.7472
2014-09-14 11:00:00,96.5407
2014-09-14 12:00:00,95.4554
2014-09-14 13:00:00,113.6196
2014-09-14 14:00:00,147.9479
2014-09-14 15:00:00,120.5911
2014-09-14 16:00:00,164.9861
2014-09-14 17:00:00,82.6959
2014-09-14 18:00:00,86.3833
2014-09-14 19:00:00,86.8033
2014-09-14 20:00:00,138.6537
2014-09-14 21:00:00,235.7388
2014-09-14 22:00:00,84.0717
2014-09-14 23:00:00,90.8453
2014-09-15 00:00:00,91.5698
2014-09-15 01:00:00,82.1791
2014-09-15 02:00:00,133.5708
2014-09-15 03:00:00,128.6543
2014-09-15 04:00:00,94.3658
2014-09-15 05:00:00,139.6685
2014-09-15 06:00:00,114.4506
2014-09-15 07:00:00,82.0502
2014-09-15 08:00:00,145.5082
2014-09-15 09:00:00,93.6798
2014-09-15 10:00:00,120.6986
2014-09-15 11:00:00,123.3038
2014-09-15 12:00:00,145.0342
2014-09-15 13:00:00,119.0627
2014-09-15 14:00:00,115.6001
2014-09-15 15:00:00,163.2571
2014-09-15 16:00:00,114.765
2014-09-15 17:00:00,91.6817
2014-09-15 18:00:00,150.1771
2014-09-15 19:00:00,158.9364
2014-09-15 20:00:00,81.1393
2014-09-15 21:00:00,197.3616
2014-09-15 22:00:00,92.1039
2014-09-15 23:00:00,92.3029
2014-09-16 00:00:00,91.3775
2014-09-16 01:00:00,87.6892
2014-09-16 02:00:00,89.6355
2014-09-16 03:00:00,106.9636
2014-09-16 04:00:00,158.8651
2014-09-16 05:00:00,183.0547
2014-09-16 06:00:00,109.5455
2014-09-16 07:00:00,85.5328
2014-09-16 08:00:00,87.9608
2014-09-16 09:00:00,95.0632
2014-09-16 10:00:00,126.623
2014-09-16 11:00:00,172.2662
2014-09-16 12:00:00,145.5766
2014-09-16 13:00:00,132.7711
2014-09-16 14:00:00,134.1707
2014-09-16 15:00:00,119.5977
2014-09-16 16:00:00,173.5484
2014-09-16 17:00:00,172.5299
2014-09-16 18:00:00,226.7519
2014-09-16 19:00:00,229.9692
2014-09-16 20:00:00,193.7387
2014-09-16 21:00:00,141.8506
2014-09-16 22:00:00,90.3064
2014-09-16 23:00:00,88.8198
2014-09-17 00:00:00,88.9125
2014-09-17 01:00:00,90.4042
2014-09-17 02:00:00,89.3389
2014-09-17 03:00:00,88.1761
2014-09-17 04:00:00,162.1576
2014-09-17 05:00:00,199.4017
2014-09-17 06:00:00,93.6989
2014-09-17 07:00:00,104.7092
2014-09-17 08:00:00,88.2495
2014-09-17 09:00:00,83.8694
2014-09-17 10:00:00,84.8606
2014-09-17 11:00:00,1645.658
2014-09-17 12:00:00,147.7053
2014-09-17 13:00:00,74.3929
2014-09-17 14:00:00,87.8907
2014-09-17 15:00:00,88.4252
2014-09-17 16:00:00,145.597
2014-09-17 17:00:00,176.9601
2014-09-17 18:00:00,227.5599
2014-09-17 19:00:00,166.3565
2014-09-17 20:00:00,139.3899
2014-09-17 21:00:00,140.3733
2014-09-17 22:00:00,90.4706
2014-09-17 23:00:00,86.8657
2014-09-18 00:00:00,85.3576
2014-09-18 01:00:00,80.9487
2014-09-18 02:00:00,87.9073
2014-09-18 03:00:00,87.1864
2014-09-18 04:00:00,135.0286
2014-09-18 05:00:00,178.0305
2014-09-18 06:00:00,161.8538
2014-09-18 07:00:00,99.4571
2014-09-18 08:00:00,86.4803
2014-09-18 09:00:00,85.5618
2014-09-18 10:00:00,103.1469
2014-09-18 11:00:00,151.3918
2014-09-18 12:00:00,145.3942
2014-09-18 13:00:00,94.1413
2014-09-18 14:00:00,98.2037
2014-09-18 15:00:00,114.0485
2014-09-18 16:00:00,151.4739
2014-09-18 17:00:00,108.4074
2014-09-18 18:00:00,136.3757
2014-09-18 19:00:00,215.5795
2014-09-18 20:00:00,167.8633
2014-09-18 21:00:00,156.8392
2014-09-18 22:00:00,81.6183
2014-09-18 23:00:00,89.6748
2014-09-19 00:00:00,89.3779
2014-09-19 01:00:00,89.4959
2014-09-19 02:00:00,88.7571
2014-09-19 03:00:00,152.3949
2014-09-19 04:00:00,105.1746
2014-09-19 05:00:00,135.0059
2014-09-19 06:00:00,165.2219
2014-09-19 07:00:00,84.7874
2014-09-19 08:00:00,89.2888
2014-09-19 09:00:00,89.0183
2014-09-19 10:00:00,83.7635
2014-09-19 11:00:00,705.2921
2014-09-19 12:00:00,115.5363
2014-09-19 13:00:00,88.6716
2014-09-19 14:00:00,102.3303
2014-09-19 15:00:00,155.1292
2014-09-19 16:00:00,105.1954
2014-09-19 17:00:00,116.7991
2014-09-19 18:00:00,178.3887
2014-09-19 19:00:00,156.6845
2014-09-19 20:00:00,74.698
2014-09-19 21:00:00,165.582
2014-09-19 22:00:00,85.9017
2014-09-19 23:00:00,86.4682
2014-09-20 00:00:00,88.7564
2014-09-20 01:00:00,87.4272
2014-09-20 02:00:00,109.3255
2014-09-20 03:00:00,147.6516
2014-09-20 04:00:00,90.5588
2014-09-20 05:00:00,88.1782
2014-09-20 06:00:00,134.4656
2014-09-20 07:00:00,70.7446
2014-09-20 08:00:00,82.8169
2014-09-20 09:00:00,86.0577
2014-09-20 10:00:00,84.3544
2014-09-20 11:00:00,107.6646
2014-09-20 12:00:00,187.9823
2014-09-20 13:00:00,208.7544
2014-09-20 14:00:00,182.4205
2014-09-20 15:00:00,140.3328
2014-09-20 16:00:00,81.1649
2014-09-20 17:00:00,147.9191
2014-09-20 18:00:00,175.9672
2014-09-20 19:00:00,158.8032
2014-09-20 20:00:00,158.9176
2014-09-20 21:00:00,189.4825
2014-09-20 22:00:00,62.702
2014-09-20 23:00:00,62.5327
2014-09-21 00:00:00,63.68
2014-09-21 01:00:00,57.949
2014-09-21 02:00:00,58.5527
2014-09-21 03:00:00,131.7006
2014-09-21 04:00:00,81.2559
2014-09-21 05:00:00,147.9767
2014-09-21 06:00:00,159.175
2014-09-21 07:00:00,158.4204
2014-09-21 08:00:00,179.1483
2014-09-21 09:00:00,163.3534
2014-09-21 10:00:00,199.0531
2014-09-21 11:00:00,187.0293
2014-09-21 12:00:00,171.1511
2014-09-21 13:00:00,177.1012
2014-09-21 14:00:00,211.2448
2014-09-21 15:00:00,289.1189
2014-09-21 16:00:00,240.9064
2014-09-21 17:00:00,198.3705
2014-09-21 18:00:00,195.209
2014-09-21 19:00:00,203.6299
2014-09-21 20:00:00,261.6273
2014-09-21 21:00:00,244.6166
2014-09-21 22:00:00,87.7257
2014-09-21 23:00:00,98.0461
2014-09-22 00:00:00,146.5696
2014-09-22 01:00:00,154.162
2014-09-22 02:00:00,142.3202
2014-09-22 03:00:00,86.4071
2014-09-22 04:00:00,160.7977
2014-09-22 05:00:00,153.8635
2014-09-22 06:00:00,158.7267
2014-09-22 07:00:00,96.5249
2014-09-22 08:00:00,66.9149
2014-09-22 09:00:00,61.3232
2014-09-22 10:00:00,64.0341
2014-09-22 11:00:00,118.7038
2014-09-22 12:00:00,136.0511
2014-09-22 13:00:00,79.7423
2014-09-22 14:00:00,140.6459
2014-09-22 15:00:00,87.3843
2014-09-22 16:00:00,67.2806
2014-09-22 17:00:00,65.1159
2014-09-22 18:00:00,198.5923
2014-09-22 19:00:00,171.1026
2014-09-22 20:00:00,73.3808
2014-09-22 21:00:00,103.0433
2014-09-22 22:00:00,61.4794
2014-09-22 23:00:00,62.9066
2014-09-23 00:00:00,62.6251
2014-09-23 01:00:00,63.6039
2014-09-23 02:00:00,111.8239
2014-09-23 03:00:00,95.9561
2014-09-23 04:00:00,129.5672
2014-09-23 05:00:00,160.6522
2014-09-23 06:00:00,127.6244
2014-09-23 07:00:00,59.4321
2014-09-23 08:00:00,82.5015
2014-09-23 09:00:00,85.6602
2014-09-23 10:00:00,91.807
2014-09-23 11:00:00,97.9125
2014-09-23 12:00:00,189.5105
2014-09-23 13:00:00,101.2876
2014-09-23 14:00:00,68.1883
2014-09-23 15:00:00,117.5227
2014-09-23 16:00:00,101.2403
2014-09-23 17:00:00,66.9859
2014-09-23 18:00:00,204.0501
2014-09-23 19:00:00,171.8364
2014-09-23 20:00:00,73.5565
2014-09-23 21:00:00,176.0024
2014-09-23 22:00:00,64.103
2014-09-23 23:00:00,63.367
2014-09-24 00:00:00,61.1982
2014-09-24 01:00:00,63.1975
2014-09-24 02:00:00,67.5139
2014-09-24 03:00:00,73.5342
2014-09-24 04:00:00,147.2817
2014-09-24 05:00:00,171.0947
2014-09-24 06:00:00,192.7031
2014-09-24 07:00:00,196.6933
2014-09-24 08:00:00,190.6313
2014-09-24 09:00:00,146.5419
2014-09-24 10:00:00,252.3037
2014-09-24 11:00:00,314.8559
2014-09-24 12:00:00,201.0763
2014-09-24 13:00:00,132.495
2014-09-24 14:00:00,196.208
2014-09-24 15:00:00,109.7967
2014-09-24 16:00:00,156.4031
2014-09-24 17:00:00,141.0239
2014-09-24 18:00:00,82.2729
2014-09-24 19:00:00,76.0717
2014-09-24 20:00:00,72.2841
2014-09-24 21:00:00,133.8727
2014-09-24 22:00:00,70.6947
2014-09-24 23:00:00,66.3699
2014-09-25 00:00:00,64.4478
2014-09-25 01:00:00,67.5596
2014-09-25 02:00:00,68.8609
2014-09-25 03:00:00,70.6795
2014-09-25 04:00:00,129.3044
2014-09-25 05:00:00,147.434
2014-09-25 06:00:00,150.4073
2014-09-25 07:00:00,118.9982
2014-09-25 08:00:00,113.4981
2014-09-25 09:00:00,102.3827
2014-09-25 10:00:00,101.003
2014-09-25 11:00:00,174.817
2014-09-25 12:00:00,127.6868
2014-09-25 13:00:00,91.4379
2014-09-25 14:00:00,85.2397
2014-09-25 15:00:00,87.4808
2014-09-25 16:00:00,89.0701
2014-09-25 17:00:00,151.6061
2014-09-25 18:00:00,115.3279
2014-09-25 19:00:00,203.5343
2014-09-25 20:00:00,208.5893
2014-09-25 21:00:00,202.4581
2014-09-25 22:00:00,63.8424
2014-09-25 23:00:00,66.4516
2014-09-26 00:00:00,65.6326
2014-09-26 01:00:00,66.8231
2014-09-26 02:00:00,65.5173
2014-09-26 03:00:00,64.1032
2014-09-26 04:00:00,72.5534
2014-09-26 05:00:00,156.5993
2014-09-26 06:00:00,164.9912
2014-09-26 07:00:00,134.1935
2014-09-26 08:00:00,109.5777
2014-09-26 09:00:00,95.6773
2014-09-26 10:00:00,119.2103
2014-09-26 11:00:00,210.7151
2014-09-26 12:00:00,187.0348
2014-09-26 13:00:00,87.7797
2014-09-26 14:00:00,69.8167
2014-09-26 15:00:00,66.3534
2014-09-26 16:00:00,66.8478
2014-09-26 17:00:00,64.271
2014-09-26 18:00:00,1387.3525
2014-09-26 19:00:00,244.8798
2014-09-26 20:00:00,205.1486
2014-09-26 21:00:00,118.6271
2014-09-26 22:00:00,61.1964
2014-09-26 23:00:00,62.9768
2014-09-27 00:00:00,60.2141
2014-09-27 01:00:00,62.6822
2014-09-27 02:00:00,62.0599
2014-09-27 03:00:00,62.5822
2014-09-27 04:00:00,84.9993
2014-09-27 05:00:00,155.4752
2014-09-27 06:00:00,108.6581
2014-09-27 07:00:00,60.412
2014-09-27 08:00:00,122.2879
2014-09-27 09:00:00,82.4787
2014-09-27 10:00:00,62.4857
2014-09-27 11:00:00,58.7789
2014-09-27 12:00:00,59.4207
2014-09-27 13:00:00,91.4993
2014-09-27 14:00:00,159.4201
2014-09-27 15:00:00,95.0858
2014-09-27 16:00:00,61.7416
2014-09-27 17:00:00,57.9678
2014-09-27 18:00:00,159.3126
2014-09-27 19:00:00,168.547
2014-09-27 20:00:00,199.2428
2014-09-27 21:00:00,320.5621
2014-09-27 22:00:00,77.4187
2014-09-27 23:00:00,67.5392
2014-09-28 00:00:00,65.4931
2014-09-28 01:00:00,58.1574
2014-09-28 02:00:00,62.8952
2014-09-28 03:00:00,60.2599
2014-09-28 04:00:00,62.116
2014-09-28 05:00:00,148.8852
2014-09-28 06:00:00,161.3011
2014-09-28 07:00:00,139.3164
2014-09-28 08:00:00,153.7931
2014-09-28 09:00:00,168.8757
2014-09-28 10:00:00,122.56
2014-09-28 11:00:00,192.2743
2014-09-28 12:00:00,209.6161
2014-09-28 13:00:00,142.8591
2014-09-28 14:00:00,159.1833
2014-09-28 15:00:00,158.8064
2014-09-28 16:00:00,249.4805
2014-09-28 17:00:00,177.765
2014-09-28 18:00:00,109.1735
2014-09-28 19:00:00,111.2503
2014-09-28 20:00:00,191.6956
2014-09-28 21:00:00,354.8839
2014-09-28 22:00:00,123.9898
2014-09-28 23:00:00,115.3452
2014-09-29 00:00:00,101.4225
2014-09-29 01:00:00,108.5497
2014-09-29 02:00:00,103.3205
2014-09-29 03:00:00,98.752
2014-09-29 04:00:00,96.3358
2014-09-29 05:00:00,131.4226
2014-09-29 06:00:00,164.2545
2014-09-29 07:00:00,80.3267
2014-09-29 08:00:00,103.8617
2014-09-29 09:00:00,116.8602
2014-09-29 10:00:00,179.0934
2014-09-29 11:00:00,265.2659
2014-09-29 12:00:00,131.252
2014-09-29 13:00:00,113.4806
2014-09-29 14:00:00,109.0171
2014-09-29 15:00:00,162.9875
2014-09-29 16:00:00,114.1575
2014-09-29 17:00:00,106.9264
2014-09-29 18:00:00,169.6519
2014-09-29 19:00:00,215.5274
2014-09-29 20:00:00,224.5224
2014-09-29 21:00:00,251.6296
2014-09-29 22:00:00,145.0996
2014-09-29 23:00:00,158.4803
2014-09-30 00:00:00,113.4111
2014-09-30 01:00:00,108.3486
2014-09-30 02:00:00,109.4814
2014-09-30 03:00:00,101.4451
2014-09-30 04:00:00,118.6322
2014-09-30 05:00:00,245.8702
2014-09-30 06:00:00,140.3913
2014-09-30 07:00:00,107.3256
2014-09-30 08:00:00,108.0747
2014-09-30 09:00:00,109.1395
2014-09-30 10:00:00,209.086
2014-09-30 11:00:00,196.5426
2014-09-30 12:00:00,215.8071
2014-09-30 13:00:00,171.8887
2014-09-30 14:00:00,63.4574
2014-09-30 15:00:00,62.4204
2014-09-30 16:00:00,62.0426
2014-09-30 17:00:00,61.6877
2014-09-30 18:00:00,63.2692
2014-09-30 19:00:00,149.4894
2014-09-30 20:00:00,234.0936
2014-09-30 21:00:00,167.6155
2014-09-30 22:00:00,97.3492
2014-09-30 23:00:00,125.737
2014-10-01 00:00:00,79.8796
2014-10-01 01:00:00,63.9712
2014-10-01 02:00:00,63.4789
2014-10-01 03:00:00,63.9796
2014-10-01 04:00:00,213.6182
2014-10-01 05:00:00,160.6194
2014-10-01 06:00:00,99.2316
2014-10-01 07:00:00,65.2943
2014-10-01 08:00:00,56.0137
2014-10-01 09:00:00,69.1524
2014-10-01 10:00:00,115.7358
2014-10-01 11:00:00,222.4188
2014-10-01 12:00:00,173.1431
2014-10-01 13:00:00,162.3284
2014-10-01 14:00:00,120.2458
2014-10-01 15:00:00,130.2625
2014-10-01 16:00:00,118.6094
2014-10-01 17:00:00,167.9433
2014-10-01 18:00:00,283.2306
2014-10-01 19:00:00,228.6899
2014-10-01 20:00:00,176.1685
2014-10-01 21:00:00,234.362
2014-10-01 22:00:00,179.0425
2014-10-01 23:00:00,143.9564
2014-10-02 00:00:00,113.9344
2014-10-02 01:00:00,112.3275
2014-10-02 02:00:00,117.6883
2014-10-02 03:00:00,114.0012
2014-10-02 04:00:00,115.2605
2014-10-02 05:00:00,169.9435
2014-10-02 06:00:00,116.4437
2014-10-02 07:00:00,116.3782
2014-10-02 08:00:00,117.4528
2014-10-02 09:00:00,113.0207
2014-10-02 10:00:00,142.1105
2014-10-02 11:00:00,248.6298
2014-10-02 12:00:00,143.2716
2014-10-02 13:00:00,129.548
2014-10-02 14:00:00,125.2469
2014-10-02 15:00:00,125.0446
2014-10-02 16:00:00,125.4444
2014-10-02 17:00:00,113.39
2014-10-02 18:00:00,112.2205
2014-10-02 19:00:00,150.9748
2014-10-02 20:00:00,224.2511
2014-10-02 21:00:00,439.2606
2014-10-02 22:00:00,186.9953
2014-10-02 23:00:00,133.7045
2014-10-03 00:00:00,118.4451
2014-10-03 01:00:00,117.1489
2014-10-03 02:00:00,118.921
2014-10-03 03:00:00,116.5379
2014-10-03 04:00:00,115.2498
2014-10-03 05:00:00,185.9145
2014-10-03 06:00:00,106.3651
2014-10-03 07:00:00,110.798
2014-10-03 08:00:00,110.4007
2014-10-03 09:00:00,103.7628
2014-10-03 10:00:00,166.2232
2014-10-03 11:00:00,280.2185
2014-10-03 12:00:00,187.7157
2014-10-03 13:00:00,112.4629
2014-10-03 14:00:00,134.4573
2014-10-03 15:00:00,127.2096
2014-10-03 16:00:00,130.8962
2014-10-03 17:00:00,206.8634
2014-10-03 18:00:00,278.6806
2014-10-03 19:00:00,245.8688
2014-10-03 20:00:00,236.3708
2014-10-03 21:00:00,425.0885
2014-10-03 22:00:00,240.7464
2014-10-03 23:00:00,135.1063
2014-10-04 00:00:00,117.1848
2014-10-04 01:00:00,117.0216
2014-10-04 02:00:00,121.6765
2014-10-04 03:00:00,119.5711
2014-10-04 04:00:00,148.4648
2014-10-04 05:00:00,1045.5496
2014-10-04 06:00:00,801.5823
2014-10-04 07:00:00,204.4184
2014-10-04 08:00:00,110.6943
2014-10-04 09:00:00,128.5002
2014-10-04 10:00:00,198.2915
2014-10-04 11:00:00,912.6424
2014-10-04 12:00:00,232.3361
2014-10-04 13:00:00,185.3629
2014-10-04 14:00:00,118.9821
2014-10-04 15:00:00,123.6535
2014-10-04 16:00:00,110.6018
2014-10-04 17:00:00,118.496
2014-10-04 18:00:00,216.0762
2014-10-04 19:00:00,463.8529
2014-10-04 20:00:00,220.3083
2014-10-04 21:00:00,463.6715
2014-10-04 22:00:00,124.0524
2014-10-04 23:00:00,179.6313
2014-10-05 00:00:00,135.0909
2014-10-05 01:00:00,117.8751
2014-10-05 02:00:00,116.8258
2014-10-05 03:00:00,118.6552
2014-10-05 04:00:00,137.1741
2014-10-05 05:00:00,214.8977
2014-10-05 06:00:00,211.7584
2014-10-05 07:00:00,211.394
2014-10-05 08:00:00,216.8374
2014-10-05 09:00:00,215.1296
2014-10-05 10:00:00,202.6288
2014-10-05 11:00:00,213.1768
2014-10-05 12:00:00,276.4362
2014-10-05 13:00:00,234.8619
2014-10-05 14:00:00,160.2513
2014-10-05 15:00:00,147.0862
2014-10-05 16:00:00,145.1968
2014-10-05 17:00:00,236.3939
2014-10-05 18:00:00,263.8833
2014-10-05 19:00:00,241.3497
2014-10-05 20:00:00,232.809
2014-10-05 21:00:00,167.8195
2014-10-05 22:00:00,119.4071
2014-10-05 23:00:00,121.7093
2014-10-06 00:00:00,160.3576
2014-10-06 01:00:00,152.9382
2014-10-06 02:00:00,117.6997
2014-10-06 03:00:00,111.5579
2014-10-06 04:00:00,116.3116
2014-10-06 05:00:00,115.1267
2014-10-06 06:00:00,203.6562
2014-10-06 07:00:00,211.5579
2014-10-06 08:00:00,211.8288
2014-10-06 09:00:00,117.8515
2014-10-06 10:00:00,116.765
2014-10-06 11:00:00,164.4059
2014-10-06 12:00:00,216.7539
2014-10-06 13:00:00,269.0907
2014-10-06 14:00:00,237.1986
2014-10-06 15:00:00,150.7733
2014-10-06 16:00:00,127.7147
2014-10-06 17:00:00,121.2
2014-10-06 18:00:00,108.563
2014-10-06 19:00:00,105.9226
2014-10-06 20:00:00,109.4438
2014-10-06 21:00:00,172.9262
2014-10-06 22:00:00,122.171
2014-10-06 23:00:00,106.2503
2014-10-07 00:00:00,108.776
2014-10-07 01:00:00,99.6929
2014-10-07 02:00:00,173.2861
2014-10-07 03:00:00,127.0278
2014-10-07 04:00:00,107.051
2014-10-07 05:00:00,188.6274
2014-10-07 06:00:00,203.3439
2014-10-07 07:00:00,151.301
2014-10-07 08:00:00,188.4414
2014-10-07 09:00:00,142.5525
2014-10-07 10:00:00,135.5628
2014-10-07 11:00:00,200.1833
2014-10-07 12:00:00,210.0054
2014-10-07 13:00:00,122.5035
2014-10-07 14:00:00,131.659
2014-10-07 15:00:00,172.4948
2014-10-07 16:00:00,170.6766
2014-10-07 17:00:00,200.1972
2014-10-07 18:00:00,254.0333
2014-10-07 19:00:00,250.811
2014-10-07 20:00:00,198.8977
2014-10-07 21:00:00,249.5707
2014-10-07 22:00:00,133.3235
2014-10-07 23:00:00,118.9938
2014-10-08 00:00:00,137.1491
2014-10-08 01:00:00,177.9611
2014-10-08 02:00:00,136.7581
2014-10-08 03:00:00,121.8069
2014-10-08 04:00:00,119.7219
2014-10-08 05:00:00,168.3819
2014-10-08 06:00:00,140.1385
2014-10-08 07:00:00,122.5599
2014-10-08 08:00:00,121.8799
2014-10-08 09:00:00,119.8896
2014-10-08 10:00:00,121.1482
2014-10-08 11:00:00,242.9196
2014-10-08 12:00:00,204.7422
2014-10-08 13:00:00,177.0681
2014-10-08 14:00:00,143.0179
2014-10-08 15:00:00,121.9125
2014-10-08 16:00:00,129.5766
2014-10-08 17:00:00,123.4917
2014-10-08 18:00:00,400.8556
2014-10-08 19:00:00,225.3284
2014-10-08 20:00:00,221.9507
2014-10-08 21:00:00,249.1056
2014-10-08 22:00:00,119.0767
2014-10-08 23:00:00,121.4867
2014-10-09 00:00:00,181.1951
2014-10-09 01:00:00,143.3533
2014-10-09 02:00:00,121.846
2014-10-09 03:00:00,118.2571
2014-10-09 04:00:00,129.8023
2014-10-09 05:00:00,180.9386
2014-10-09 06:00:00,122.9489
2014-10-09 07:00:00,119.5645
2014-10-09 08:00:00,116.9148
2014-10-09 09:00:00,121.1455
2014-10-09 10:00:00,207.1961
2014-10-09 11:00:00,259.1437
2014-10-09 12:00:00,267.3456
2014-10-09 13:00:00,153.2924
2014-10-09 14:00:00,120.8163
2014-10-09 15:00:00,128.2261
2014-10-09 16:00:00,157.6269
2014-10-09 17:00:00,359.5435
2014-10-09 18:00:00,315.7275
2014-10-09 19:00:00,254.236
2014-10-09 20:00:00,173.892
2014-10-09 21:00:00,325.2215
2014-10-09 22:00:00,112.2066
2014-10-09 23:00:00,114.8852
2014-10-10 00:00:00,166.9576
2014-10-10 01:00:00,147.396
2014-10-10 02:00:00,121.2669
2014-10-10 03:00:00,114.5963
2014-10-10 04:00:00,157.2194
2014-10-10 05:00:00,154.7622
2014-10-10 06:00:00,128.979
2014-10-10 07:00:00,142.3602
2014-10-10 08:00:00,122.0537
2014-10-10 09:00:00,119.4604
2014-10-10 10:00:00,175.9951
2014-10-10 11:00:00,224.9582
2014-10-10 12:00:00,176.741
2014-10-10 13:00:00,167.3042
2014-10-10 14:00:00,136.8629
2014-10-10 15:00:00,74.6032
2014-10-10 16:00:00,73.1945
2014-10-10 17:00:00,69.8251
2014-10-10 18:00:00,439.908
2014-10-10 19:00:00,192.224
2014-10-10 20:00:00,143.9662
2014-10-10 21:00:00,140.1162
2014-10-10 22:00:00,115.4517
2014-10-10 23:00:00,114.8075
2014-10-11 00:00:00,156.6461
2014-10-11 01:00:00,149.3587
2014-10-11 02:00:00,121.468
2014-10-11 03:00:00,117.3833
2014-10-11 04:00:00,126.2241
2014-10-11 05:00:00,197.064
2014-10-11 06:00:00,117.6095
2014-10-11 07:00:00,113.4658
2014-10-11 08:00:00,120.5858
2014-10-11 09:00:00,119.3614
2014-10-11 10:00:00,152.6198
2014-10-11 11:00:00,1256.1782
2014-10-11 12:00:00,252.5267
2014-10-11 13:00:00,125.8459
2014-10-11 14:00:00,123.7352
2014-10-11 15:00:00,127.3984
2014-10-11 16:00:00,111.8892
2014-10-11 17:00:00,579.8529
2014-10-11 18:00:00,1396.2171
2014-10-11 19:00:00,543.9108
2014-10-11 20:00:00,174.4392
2014-10-11 21:00:00,207.6275
2014-10-11 22:00:00,79.232
2014-10-11 23:00:00,110.1314
2014-10-12 00:00:00,129.1036
2014-10-12 01:00:00,85.0307
2014-10-12 02:00:00,78.9663
2014-10-12 03:00:00,76.0403
2014-10-12 04:00:00,147.907
2014-10-12 05:00:00,151.7699
2014-10-12 06:00:00,75.1802
2014-10-12 07:00:00,70.4575
2014-10-12 08:00:00,339.9161
2014-10-12 09:00:00,250.0749
2014-10-12 10:00:00,878.6993
2014-10-12 11:00:00,232.651
2014-10-12 12:00:00,253.7468
2014-10-12 13:00:00,172.0723
2014-10-12 14:00:00,177.7106
2014-10-12 15:00:00,200.9738
2014-10-12 16:00:00,196.6571
2014-10-12 17:00:00,205.2866
2014-10-12 18:00:00,231.2335
2014-10-12 19:00:00,996.2251
2014-10-12 20:00:00,833.5612
2014-10-12 21:00:00,252.8899
2014-10-12 22:00:00,125.1666
2014-10-12 23:00:00,86.5141
2014-10-13 00:00:00,74.9561
2014-10-13 01:00:00,72.0482
2014-10-13 02:00:00,78.2038
2014-10-13 03:00:00,77.1657
2014-10-13 04:00:00,76.2116
2014-10-13 05:00:00,73.2299
2014-10-13 06:00:00,138.027
2014-10-13 07:00:00,94.038
2014-10-13 08:00:00,70.8716
2014-10-13 09:00:00,135.9225
2014-10-13 10:00:00,71.5108
2014-10-13 11:00:00,554.4917
2014-10-13 12:00:00,173.0513
2014-10-13 13:00:00,75.8916
2014-10-13 14:00:00,71.1662
2014-10-13 15:00:00,65.161
2014-10-13 16:00:00,74.296
2014-10-13 17:00:00,134.8996
2014-10-13 18:00:00,205.1564
2014-10-13 19:00:00,179.1439
2014-10-13 20:00:00,97.5953
2014-10-13 21:00:00,241.0939
2014-10-13 22:00:00,76.2631
2014-10-13 23:00:00,66.1893
2014-10-14 00:00:00,66.9917
2014-10-14 01:00:00,63.5558
2014-10-14 02:00:00,66.7822
2014-10-14 03:00:00,64.7657
2014-10-14 04:00:00,66.4205
2014-10-14 05:00:00,170.2798
2014-10-14 06:00:00,146.0486
2014-10-14 07:00:00,104.7367
2014-10-14 08:00:00,91.0071
2014-10-14 09:00:00,129.684
2014-10-14 10:00:00,151.5682
2014-10-14 11:00:00,213.1284
2014-10-14 12:00:00,167.5223
2014-10-14 13:00:00,126.068
2014-10-14 14:00:00,117.8125
2014-10-14 15:00:00,123.6979
2014-10-14 16:00:00,178.5472
2014-10-14 17:00:00,791.1058
2014-10-14 18:00:00,452.4323
2014-10-14 19:00:00,235.2487
2014-10-14 20:00:00,276.0905
2014-10-14 21:00:00,267.9282
2014-10-14 22:00:00,99.5661
2014-10-14 23:00:00,73.5416
2014-10-15 00:00:00,68.9606
2014-10-15 01:00:00,69.7214
2014-10-15 02:00:00,70.7705
2014-10-15 03:00:00,70.9534
2014-10-15 04:00:00,69.3419
2014-10-15 05:00:00,178.9898
2014-10-15 06:00:00,119.8975
2014-10-15 07:00:00,75.5928
2014-10-15 08:00:00,109.591
2014-10-15 09:00:00,100.0936
2014-10-15 10:00:00,68.663
2014-10-15 11:00:00,889.0487
2014-10-15 12:00:00,187.2004
2014-10-15 13:00:00,173.8337
2014-10-15 14:00:00,173.5169
2014-10-15 15:00:00,177.1946
2014-10-15 16:00:00,113.1777
2014-10-15 17:00:00,106.3447
2014-10-15 18:00:00,244.967
2014-10-15 19:00:00,224.7884
2014-10-15 20:00:00,133.8511
2014-10-15 21:00:00,35.0786
2014-10-15 22:00:00,17.2516
2014-10-15 23:00:00,17.4284
2014-10-16 00:00:00,17.518
2014-10-16 01:00:00,17.5841
2014-10-16 02:00:00,18.5826
2014-10-16 03:00:00,18.3059
2014-10-16 04:00:00,18.3256
2014-10-16 05:00:00,66.0939
2014-10-16 06:00:00,115.7875
2014-10-16 07:00:00,115.9785
2014-10-16 08:00:00,75.0282
2014-10-16 09:00:00,18.9715
2014-10-16 10:00:00,18.254
2014-10-16 11:00:00,96.9617
2014-10-16 12:00:00,33.657
2014-10-16 13:00:00,18.2896
2014-10-16 14:00:00,18.3411
2014-10-16 15:00:00,18.4131
2014-10-16 16:00:00,18.2738
2014-10-16 17:00:00,17.9886
2014-10-16 18:00:00,104.5712
2014-10-16 19:00:00,118.823
2014-10-16 20:00:00,115.4318
2014-10-16 21:00:00,45.907
2014-10-16 22:00:00,18.211
2014-10-16 23:00:00,18.5137
2014-10-17 00:00:00,18.3236
2014-10-17 01:00:00,18.3688
2014-10-17 02:00:00,19.1523
2014-10-17 03:00:00,19.9256
2014-10-17 04:00:00,54.3785
2014-10-17 05:00:00,118.2346
2014-10-17 06:00:00,117.9192
2014-10-17 07:00:00,155.2986
2014-10-17 08:00:00,124.0389
2014-10-17 09:00:00,64.1515
2014-10-17 10:00:00,361.4382
2014-10-17 11:00:00,378.2251
2014-10-17 12:00:00,55.6229
2014-10-17 13:00:00,22.3368
2014-10-17 14:00:00,22.4749
2014-10-17 15:00:00,22.1926
2014-10-17 16:00:00,22.174
2014-10-17 17:00:00,22.1106
2014-10-17 18:00:00,22.1393
2014-10-17 19:00:00,22.214
2014-10-17 20:00:00,22.3661
2014-10-17 21:00:00,42.5705
2014-10-17 22:00:00,22.1797
2014-10-17 23:00:00,22.3148
2014-10-18 00:00:00,22.4694
2014-10-18 01:00:00,22.6105
2014-10-18 02:00:00,23.5401
2014-10-18 03:00:00,23.2091
2014-10-18 04:00:00,33.5576
2014-10-18 05:00:00,163.1105
2014-10-18 06:00:00,41.5845
2014-10-18 07:00:00,23.0627
2014-10-18 08:00:00,23.0162
2014-10-18 09:00:00,23.2985
2014-10-18 10:00:00,47.4105
2014-10-18 11:00:00,121.2676
2014-10-18 12:00:00,67.7725
2014-10-18 13:00:00,23.6452
2014-10-18 14:00:00,23.1379
2014-10-18 15:00:00,22.5054
2014-10-18 16:00:00,18.1411
2014-10-18 17:00:00,17.9421
2014-10-18 18:00:00,102.3593
2014-10-18 19:00:00,118.3257
2014-10-18 20:00:00,52.3432
2014-10-18 21:00:00,37.0187
2014-10-18 22:00:00,18.2018
2014-10-18 23:00:00,18.2814
2014-10-19 00:00:00,18.3435
2014-10-19 01:00:00,18.4286
2014-10-19 02:00:00,19.241
2014-10-19 03:00:00,19.8749
2014-10-19 04:00:00,19.6815
2014-10-19 05:00:00,147.1897
2014-10-19 06:00:00,20.7796
2014-10-19 07:00:00,20.1495
2014-10-19 08:00:00,18.9229
2014-10-19 09:00:00,17.7897
2014-10-19 10:00:00,17.8039
2014-10-19 11:00:00,17.6617
2014-10-19 12:00:00,17.7322
2014-10-19 13:00:00,17.7209
2014-10-19 14:00:00,17.7036
2014-10-19 15:00:00,68.0328
2014-10-19 16:00:00,160.7524
2014-10-19 17:00:00,208.8538
2014-10-19 18:00:00,156.2094
2014-10-19 19:00:00,136.2362
2014-10-19 20:00:00,116.569
2014-10-19 21:00:00,35.7847
2014-10-19 22:00:00,17.6109
2014-10-19 23:00:00,17.7303
2014-10-20 00:00:00,17.6845
2014-10-20 01:00:00,17.7464
2014-10-20 02:00:00,18.6834
2014-10-20 03:00:00,18.5399
2014-10-20 04:00:00,18.3321
2014-10-20 05:00:00,47.9377
2014-10-20 06:00:00,160.8419
2014-10-20 07:00:00,73.6367
2014-10-20 08:00:00,23.2468
2014-10-20 09:00:00,22.6854
2014-10-20 10:00:00,45.522
2014-10-20 11:00:00,121.2276
2014-10-20 12:00:00,120.0643
2014-10-20 13:00:00,119.5582
2014-10-20 14:00:00,119.8308
2014-10-20 15:00:00,120.2404
2014-10-20 16:00:00,54.9522
2014-10-20 17:00:00,32.1713
2014-10-20 18:00:00,120.8138
2014-10-20 19:00:00,119.7528
2014-10-20 20:00:00,119.8449
2014-10-20 21:00:00,63.1692
2014-10-20 22:00:00,18.0097
2014-10-20 23:00:00,18.1598
2014-10-21 00:00:00,18.0634
2014-10-21 01:00:00,18.0636
2014-10-21 02:00:00,18.0434
2014-10-21 03:00:00,18.0923
2014-10-21 04:00:00,26.2242
2014-10-21 05:00:00,116.8802
2014-10-21 06:00:00,82.8913
2014-10-21 07:00:00,18.2799
2014-10-21 08:00:00,17.8537
2014-10-21 09:00:00,18.0325
2014-10-21 10:00:00,71.176
2014-10-21 11:00:00,115.9845
2014-10-21 12:00:00,58.6747
2014-10-21 13:00:00,18.2359
2014-10-21 14:00:00,17.6181
2014-10-21 15:00:00,18.0566
2014-10-21 16:00:00,17.4639
2014-10-21 17:00:00,17.704
2014-10-21 18:00:00,39.6837
2014-10-21 19:00:00,131.4759
2014-10-21 20:00:00,121.809
2014-10-21 21:00:00,124.6157
2014-10-21 22:00:00,18.1965
2014-10-21 23:00:00,17.8377
2014-10-22 00:00:00,18.0634
2014-10-22 01:00:00,18.0636
2014-10-22 02:00:00,18.0434
2014-10-22 03:00:00,18.0923
2014-10-22 04:00:00,26.2242
2014-10-22 05:00:00,116.8802
2014-10-22 06:00:00,82.8913
2014-10-22 07:00:00,18.2799
2014-10-22 08:00:00,17.8537
2014-10-22 09:00:00,18.0325
2014-10-22 10:00:00,71.176
2014-10-22 11:00:00,115.9845
2014-10-22 12:00:00,58.6747
2014-10-22 13:00:00,18.2359
2014-10-22 14:00:00,17.6181
2014-10-22 15:00:00,18.0566
2014-10-22 16:00:00,17.4639
2014-10-22 17:00:00,17.704
2014-10-22 18:00:00,39.6837
2014-10-22 19:00:00,131.4759
2014-10-22 20:00:00,121.809
2014-10-22 21:00:00,124.6157
2014-10-22 22:00:00,18.1965
2014-10-22 23:00:00,17.8377
2014-10-23 00:00:00,18.0634
2014-10-23 01:00:00,18.0636
2014-10-23 02:00:00,18.0434
2014-10-23 03:00:00,18.0923
2014-10-23 04:00:00,26.2242
2014-10-23 05:00:00,116.8802
2014-10-23 06:00:00,82.8913
2014-10-23 07:00:00,18.2799
2014-10-23 08:00:00,17.8537
2014-10-23 09:00:00,18.0325
2014-10-23 10:00:00,71.176
2014-10-23 11:00:00,121.0448
2014-10-23 12:00:00,69.4977
2014-10-23 13:00:00,22.851
2014-10-23 14:00:00,22.3776
2014-10-23 15:00:00,22.5875
2014-10-23 16:00:00,22.1283
2014-10-23 17:00:00,61.1201
2014-10-23 18:00:00,227.7483
2014-10-23 19:00:00,148.0886
2014-10-23 20:00:00,61.8239
2014-10-23 21:00:00,45.8496
2014-10-23 22:00:00,22.4245
2014-10-23 23:00:00,22.4225
2014-10-24 00:00:00,22.4235
2014-10-24 01:00:00,22.5954
2014-10-24 02:00:00,22.6398
2014-10-24 03:00:00,22.5414
2014-10-24 04:00:00,22.3283
2014-10-24 05:00:00,119.277
2014-10-24 06:00:00,112.971
2014-10-24 07:00:00,26.2647
2014-10-24 08:00:00,22.8648
2014-10-24 09:00:00,22.9163
2014-10-24 10:00:00,22.8587
2014-10-24 11:00:00,115.7868
2014-10-24 12:00:00,120.9228
2014-10-24 13:00:00,120.7725
2014-10-24 14:00:00,37.4334
2014-10-24 15:00:00,22.2657
2014-10-24 16:00:00,22.2921
2014-10-24 17:00:00,55.7192
2014-10-24 18:00:00,162.9048
2014-10-24 19:00:00,121.9919
2014-10-24 20:00:00,89.3878
2014-10-24 21:00:00,36.1452
2014-10-24 22:00:00,17.8242
2014-10-24 23:00:00,17.5786
2014-10-25 00:00:00,17.6945
2014-10-25 01:00:00,17.733
2014-10-25 02:00:00,17.8834
2014-10-25 03:00:00,17.8465
2014-10-25 04:00:00,17.6571
2014-10-25 05:00:00,107.6678
2014-10-25 06:00:00,40.467
2014-10-25 07:00:00,17.9606
2014-10-25 08:00:00,17.927
2014-10-25 09:00:00,18.0526
2014-10-25 10:00:00,17.9571
2014-10-25 11:00:00,108.7715
2014-10-25 12:00:00,43.0431
2014-10-25 13:00:00,20.6188
2014-10-25 14:00:00,21.6142
2014-10-25 15:00:00,52.7874
2014-10-25 16:00:00,61.4423
2014-10-25 17:00:00,19.4118
2014-10-25 18:00:00,17.4393
2014-10-25 19:00:00,17.3932
2014-10-25 20:00:00,17.3318
2014-10-25 21:00:00,42.9819
2014-10-25 22:00:00,17.959
2014-10-25 23:00:00,17.5303
2014-10-26 00:00:00,17.6043
2014-10-26 01:00:00,17.6373
2014-10-26 02:00:00,17.5065
2014-10-26 03:00:00,17.5531
2014-10-26 04:00:00,17.4985
2014-10-26 05:00:00,17.5082
2014-10-26 06:00:00,74.6889
2014-10-26 07:00:00,18.0499
2014-10-26 08:00:00,17.5649
2014-10-26 09:00:00,17.6618
2014-10-26 10:00:00,17.5153
2014-10-26 11:00:00,17.8266
2014-10-26 12:00:00,17.4598
2014-10-26 13:00:00,17.3299
2014-10-26 14:00:00,17.4221
2014-10-26 15:00:00,17.3321
2014-10-26 16:00:00,17.2407
2014-10-26 17:00:00,17.9151
2014-10-26 18:00:00,486.1722
2014-10-26 19:00:00,205.0788
2014-10-26 20:00:00,218.1644
2014-10-26 21:00:00,76.0117
2014-10-26 22:00:00,36.2538
2014-10-26 23:00:00,17.8591
2014-10-27 00:00:00,17.7605
2014-10-27 01:00:00,103.0027
2014-10-27 02:00:00,87.1403
2014-10-27 03:00:00,65.7247
2014-10-27 04:00:00,69.145
2014-10-27 05:00:00,49.2308
2014-10-27 06:00:00,165.8731
2014-10-27 07:00:00,141.0392
2014-10-27 08:00:00,17.8988
2014-10-27 09:00:00,18.0577
2014-10-27 10:00:00,18.0611
2014-10-27 11:00:00,40.5617
2014-10-27 12:00:00,116.6012
2014-10-27 13:00:00,100.4722
2014-10-27 14:00:00,18.146
2014-10-27 15:00:00,17.4857
2014-10-27 16:00:00,17.6228
2014-10-27 17:00:00,17.8016
2014-10-27 18:00:00,111.5187
2014-10-27 19:00:00,115.7358
2014-10-27 20:00:00,48.8209
2014-10-27 21:00:00,18.0943
2014-10-27 22:00:00,35.2056
2014-10-27 23:00:00,17.6439
2014-10-28 00:00:00,17.7397
2014-10-28 01:00:00,17.7451
2014-10-28 02:00:00,17.8863
2014-10-28 03:00:00,17.8828
2014-10-28 04:00:00,17.858
2014-10-28 05:00:00,46.2576
2014-10-28 06:00:00,109.517
2014-10-28 07:00:00,18.2842
2014-10-28 08:00:00,17.9913
2014-10-28 09:00:00,18.1138
2014-10-28 10:00:00,18.0536
2014-10-28 11:00:00,18.1126
2014-10-28 12:00:00,27.239
2014-10-28 13:00:00,116.7553
2014-10-28 14:00:00,736.0156
2014-10-28 15:00:00,678.8428
2014-10-28 16:00:00,81.0621
2014-10-28 17:00:00,121.6151
2014-10-28 18:00:00,118.4647
2014-10-28 19:00:00,138.8647
2014-10-28 20:00:00,148.5977
2014-10-28 21:00:00,115.2839
2014-10-28 22:00:00,41.7253
2014-10-28 23:00:00,20.4419
2014-10-29 00:00:00,20.435
2014-10-29 01:00:00,20.6121
2014-10-29 02:00:00,20.6378
2014-10-29 03:00:00,20.6817
2014-10-29 04:00:00,20.6122
2014-10-29 05:00:00,44.195
2014-10-29 06:00:00,120.932
2014-10-29 07:00:00,93.9235
2014-10-29 08:00:00,21.5175
2014-10-29 09:00:00,20.991
2014-10-29 10:00:00,20.6981
2014-10-29 11:00:00,982.7532
2014-10-29 12:00:00,444.1137
2014-10-29 13:00:00,55.6738
2014-10-29 14:00:00,20.3973
2014-10-29 15:00:00,20.3584
2014-10-29 16:00:00,20.2502
2014-10-29 17:00:00,20.4072
2014-10-29 18:00:00,73.4609
2014-10-29 19:00:00,200.6075
2014-10-29 20:00:00,123.3372
2014-10-29 21:00:00,68.1626
2014-10-29 22:00:00,41.5076
2014-10-29 23:00:00,20.5188
2014-10-30 00:00:00,20.637
2014-10-30 01:00:00,20.4856
2014-10-30 02:00:00,20.5072
2014-10-30 03:00:00,20.5564
2014-10-30 04:00:00,20.648
2014-10-30 05:00:00,32.4197
2014-10-30 06:00:00,97.7959
2014-10-30 07:00:00,26.0245
2014-10-30 08:00:00,21.4662
2014-10-30 09:00:00,20.9829
2014-10-30 10:00:00,20.8924
2014-10-30 11:00:00,59.685
2014-10-30 12:00:00,119.3014
2014-10-30 13:00:00,111.1412
2014-10-30 14:00:00,20.8513
2014-10-30 15:00:00,20.4898
2014-10-30 16:00:00,20.3645
2014-10-30 17:00:00,20.2324
2014-10-30 18:00:00,205.3117
2014-10-30 19:00:00,191.0624
2014-10-30 20:00:00,75.3058
2014-10-30 21:00:00,20.649
2014-10-30 22:00:00,40.4881
2014-10-30 23:00:00,20.3753
2014-10-31 00:00:00,20.1645
2014-10-31 01:00:00,20.2514
2014-10-31 02:00:00,20.2626
2014-10-31 03:00:00,20.2891
2014-10-31 04:00:00,20.3117
2014-10-31 05:00:00,44.7816
2014-10-31 06:00:00,119.3415
2014-10-31 07:00:00,118.6709
2014-10-31 08:00:00,85.8665
2014-10-31 09:00:00,21.0979
2014-10-31 10:00:00,20.5477
2014-10-31 11:00:00,20.5799
2014-10-31 12:00:00,109.3088
2014-10-31 13:00:00,101.3407
2014-10-31 14:00:00,20.7803
2014-10-31 15:00:00,20.2287
2014-10-31 16:00:00,20.2527
2014-10-31 17:00:00,33.0405
2014-10-31 18:00:00,119.7267
2014-10-31 19:00:00,130.9862
2014-10-31 20:00:00,134.2181
2014-10-31 21:00:00,91.8617
2014-10-31 22:00:00,40.8663
2014-10-31 23:00:00,20.3792
2014-11-01 00:00:00,20.1773
2014-11-01 01:00:00,20.2729
2014-11-01 02:00:00,20.2095
2014-11-01 03:00:00,20.391
2014-11-01 04:00:00,20.5282
2014-11-01 05:00:00,20.3498
2014-11-01 06:00:00,93.9009
2014-11-01 07:00:00,102.5701
2014-11-01 08:00:00,20.9787
2014-11-01 09:00:00,20.5075
2014-11-01 10:00:00,20.7183
2014-11-01 11:00:00,221.4035
2014-11-01 12:00:00,366.1601
2014-11-01 13:00:00,21.2105
2014-11-01 14:00:00,548.8282
2014-11-01 15:00:00,603.6827
2014-11-01 16:00:00,129.0023
2014-11-01 17:00:00,152.7181
2014-11-01 18:00:00,383.5162
2014-11-01 19:00:00,147.9452
2014-11-01 20:00:00,27.1421
2014-11-01 21:00:00,17.4188
2014-11-01 22:00:00,35.154
2014-11-01 23:00:00,17.7512
2014-11-02 00:00:00,17.7226
2014-11-02 01:00:00,17.49
2014-11-02 02:00:00,17.632
2014-11-02 03:00:00,18.7918
2014-11-02 04:00:00,18.4633
2014-11-02 05:00:00,21.2549
2014-11-02 06:00:00,117.7131
2014-11-02 07:00:00,116.7429
2014-11-02 08:00:00,82.7607
2014-11-02 09:00:00,64.3955
2014-11-02 10:00:00,84.6865
2014-11-02 11:00:00,149.1689
2014-11-02 12:00:00,82.8694
2014-11-02 13:00:00,19.2387
2014-11-02 14:00:00,18.4636
2014-11-02 15:00:00,18.3472
2014-11-02 16:00:00,18.0672
2014-11-02 17:00:00,18.1796
2014-11-02 18:00:00,18.3596
2014-11-02 19:00:00,18.4055
2014-11-02 20:00:00,19.8179
2014-11-02 21:00:00,18.2674
2014-11-02 22:00:00,36.6793
2014-11-02 23:00:00,18.338
2014-11-03 00:00:00,18.4511
2014-11-03 01:00:00,18.5011
2014-11-03 02:00:00,18.5127
2014-11-03 03:00:00,19.1812
2014-11-03 04:00:00,19.5574
2014-11-03 05:00:00,19.556
2014-11-03 06:00:00,67.5571
2014-11-03 07:00:00,139.2629
2014-11-03 08:00:00,147.6327
2014-11-03 09:00:00,53.1443
2014-11-03 10:00:00,52.5269
2014-11-03 11:00:00,149.1689
2014-11-03 12:00:00,82.8694
2014-11-03 13:00:00,19.2387
2014-11-03 14:00:00,18.4636
2014-11-03 15:00:00,18.3472
2014-11-03 16:00:00,18.0672
2014-11-03 17:00:00,18.1796
2014-11-03 18:00:00,18.3596
2014-11-03 19:00:00,18.4055
2014-11-03 20:00:00,19.8179
2014-11-03 21:00:00,18.2674
2014-11-03 22:00:00,36.6793
2014-11-03 23:00:00,18.338
2014-11-04 00:00:00,18.4511
2014-11-04 01:00:00,18.5011
2014-11-04 02:00:00,18.5127
2014-11-04 03:00:00,19.1812
2014-11-04 04:00:00,19.5574
2014-11-04 05:00:00,19.556
2014-11-04 06:00:00,67.5571
2014-11-04 07:00:00,139.2629
2014-11-04 08:00:00,147.6327
2014-11-04 09:00:00,53.1443
2014-11-04 10:00:00,52.5269
2014-11-04 11:00:00,149.1689
2014-11-04 12:00:00,82.8694
2014-11-04 13:00:00,19.2387
2014-11-04 14:00:00,18.4636
2014-11-04 15:00:00,18.3472
2014-11-04 16:00:00,18.0672
2014-11-04 17:00:00,18.1796
2014-11-04 18:00:00,18.3596
2014-11-04 19:00:00,18.4055
2014-11-04 20:00:00,19.8179
2014-11-04 21:00:00,18.2674
2014-11-04 22:00:00,36.6793
2014-11-04 23:00:00,18.338
2014-11-05 00:00:00,18.4511
2014-11-05 01:00:00,18.5011
2014-11-05 02:00:00,18.5127
2014-11-05 03:00:00,19.1812
2014-11-05 04:00:00,19.5574
2014-11-05 05:00:00,19.556
2014-11-05 06:00:00,67.5571
2014-11-05 07:00:00,139.2629
2014-11-05 08:00:00,147.6327
2014-11-05 09:00:00,53.1443
2014-11-05 10:00:00,52.5269
2014-11-05 11:00:00,149.1689
2014-11-05 12:00:00,82.8694
2014-11-05 13:00:00,19.2387
2014-11-05 14:00:00,18.4636
2014-11-05 15:00:00,18.3472
2014-11-05 16:00:00,18.0672
2014-11-05 17:00:00,18.1796
2014-11-05 18:00:00,18.3596
2014-11-05 19:00:00,18.4055
2014-11-05 20:00:00,19.8179
2014-11-05 21:00:00,18.2674
2014-11-05 22:00:00,36.6793
2014-11-05 23:00:00,18.338
2014-11-06 00:00:00,18.4511
2014-11-06 01:00:00,18.5011
2014-11-06 02:00:00,18.5127
2014-11-06 03:00:00,19.1812
2014-11-06 04:00:00,19.5574
2014-11-06 05:00:00,19.556
2014-11-06 06:00:00,67.5571
2014-11-06 07:00:00,139.2629
2014-11-06 08:00:00,147.6327
2014-11-06 09:00:00,53.1443
2014-11-06 10:00:00,52.5269
2014-11-06 11:00:00,149.1689
2014-11-06 12:00:00,82.8694
2014-11-06 13:00:00,19.2387
2014-11-06 14:00:00,18.4636
2014-11-06 15:00:00,18.3472
2014-11-06 16:00:00,18.0672
2014-11-06 17:00:00,18.1796
2014-11-06 18:00:00,18.3596
2014-11-06 19:00:00,18.4055
2014-11-06 20:00:00,19.8179
2014-11-06 21:00:00,18.2674
2014-11-06 22:00:00,36.6793
2014-11-06 23:00:00,18.338
2014-11-07 00:00:00,18.4511
2014-11-07 01:00:00,18.5011
2014-11-07 02:00:00,18.5127
2014-11-07 03:00:00,19.1812
2014-11-07 04:00:00,19.5574
2014-11-07 05:00:00,19.556
2014-11-07 06:00:00,67.5571
2014-11-07 07:00:00,139.2629
2014-11-07 08:00:00,147.6327
2014-11-07 09:00:00,53.1443
2014-11-07 10:00:00,52.5269
2014-11-07 11:00:00,149.1689
2014-11-07 12:00:00,82.8694
2014-11-07 13:00:00,19.2387
2014-11-07 14:00:00,18.4636
2014-11-07 15:00:00,18.3472
2014-11-07 16:00:00,18.0672
2014-11-07 17:00:00,18.1796
2014-11-07 18:00:00,18.3596
2014-11-07 19:00:00,18.4055
2014-11-07 20:00:00,19.8179
2014-11-07 21:00:00,18.2674
2014-11-07 22:00:00,36.6793
2014-11-07 23:00:00,18.338
2014-11-08 00:00:00,18.4511
2014-11-08 01:00:00,18.5011
2014-11-08 02:00:00,18.5127
2014-11-08 03:00:00,19.1812
2014-11-08 04:00:00,19.5574
2014-11-08 05:00:00,19.556
2014-11-08 06:00:00,67.5571
2014-11-08 07:00:00,139.2629
2014-11-08 08:00:00,147.6327
2014-11-08 09:00:00,53.1443
2014-11-08 10:00:00,52.5269
2014-11-08 11:00:00,149.1689
2014-11-08 12:00:00,82.8694
2014-11-08 13:00:00,19.2387
2014-11-08 14:00:00,18.4636
2014-11-08 15:00:00,18.3472
2014-11-08 16:00:00,18.0672
2014-11-08 17:00:00,18.1796
2014-11-08 18:00:00,18.3596
2014-11-08 19:00:00,18.4055
2014-11-08 20:00:00,19.8179
2014-11-08 21:00:00,18.2674
2014-11-08 22:00:00,36.6793
2014-11-08 23:00:00,18.338
2014-11-09 00:00:00,18.4511
2014-11-09 01:00:00,18.5011
2014-11-09 02:00:00,18.5127
2014-11-09 03:00:00,19.1812
2014-11-09 04:00:00,19.5574
2014-11-09 05:00:00,19.556
2014-11-09 06:00:00,67.5571
2014-11-09 07:00:00,139.2629
2014-11-09 08:00:00,147.6327
2014-11-09 09:00:00,53.1443
2014-11-09 10:00:00,52.5269
2014-11-09 11:00:00,149.1689
2014-11-09 12:00:00,82.8694
2014-11-09 13:00:00,19.2387
2014-11-09 14:00:00,18.4636
2014-11-09 15:00:00,18.3472
2014-11-09 16:00:00,18.0672
2014-11-09 17:00:00,18.1796
2014-11-09 18:00:00,18.3596
2014-11-09 19:00:00,18.4055
2014-11-09 20:00:00,19.8179
2014-11-09 21:00:00,18.2674
2014-11-09 22:00:00,36.6793
2014-11-09 23:00:00,18.338
2014-11-10 00:00:00,18.4511
2014-11-10 01:00:00,18.5011
2014-11-10 02:00:00,18.5127
2014-11-10 03:00:00,19.1812
2014-11-10 04:00:00,19.5574
2014-11-10 05:00:00,19.556
2014-11-10 06:00:00,67.5571
2014-11-10 07:00:00,139.2629
2014-11-10 08:00:00,147.6327
2014-11-10 09:00:00,53.1443
2014-11-10 10:00:00,52.5269
2014-11-10 11:00:00,149.1689
2014-11-10 12:00:00,82.8694
2014-11-10 13:00:00,19.2387
2014-11-10 14:00:00,18.4636
2014-11-10 15:00:00,18.3472
2014-11-10 16:00:00,18.0672
2014-11-10 17:00:00,18.1796
2014-11-10 18:00:00,18.3596
2014-11-10 19:00:00,18.4055
2014-11-10 20:00:00,19.8179
2014-11-10 21:00:00,18.2674
2014-11-10 22:00:00,36.6793
2014-11-10 23:00:00,18.338
2014-11-11 00:00:00,18.4511
2014-11-11 01:00:00,18.5011
2014-11-11 02:00:00,18.5127
2014-11-11 03:00:00,19.1812
2014-11-11 04:00:00,19.5574
2014-11-11 05:00:00,19.556
2014-11-11 06:00:00,67.5571
2014-11-11 07:00:00,139.2629
2014-11-11 08:00:00,147.6327
2014-11-11 09:00:00,53.1443
2014-11-11 10:00:00,52.5269
2014-11-11 11:00:00,149.1689
2014-11-11 12:00:00,82.8694
2014-11-11 13:00:00,19.2387
2014-11-11 14:00:00,18.4636
2014-11-11 15:00:00,18.3472
2014-11-11 16:00:00,18.0672
2014-11-11 17:00:00,18.1796
2014-11-11 18:00:00,18.3596
2014-11-11 19:00:00,18.4055
2014-11-11 20:00:00,19.8179
2014-11-11 21:00:00,18.2674
2014-11-11 22:00:00,36.6793
2014-11-11 23:00:00,18.338
2014-11-12 00:00:00,18.4511
2014-11-12 01:00:00,18.5011
2014-11-12 02:00:00,18.5127
2014-11-12 03:00:00,19.1812
2014-11-12 04:00:00,19.5574
2014-11-12 05:00:00,19.556
2014-11-12 06:00:00,67.5571
2014-11-12 07:00:00,139.2629
2014-11-12 08:00:00,147.6327
2014-11-12 09:00:00,53.1443
2014-11-12 10:00:00,52.5269
2014-11-12 11:00:00,149.1689
2014-11-12 12:00:00,82.8694
2014-11-12 13:00:00,19.2387
2014-11-12 14:00:00,18.4636
2014-11-12 15:00:00,18.3472
2014-11-12 16:00:00,18.0672
2014-11-12 17:00:00,18.1796
2014-11-12 18:00:00,18.3596
2014-11-12 19:00:00,18.4055
2014-11-12 20:00:00,19.8179
2014-11-12 21:00:00,18.2674
2014-11-12 22:00:00,36.6793
2014-11-12 23:00:00,18.338
2014-11-13 00:00:00,18.4511
2014-11-13 01:00:00,18.5011
2014-11-13 02:00:00,18.5127
2014-11-13 03:00:00,19.1812
2014-11-13 04:00:00,19.5574
2014-11-13 05:00:00,19.556
2014-11-13 06:00:00,67.5571
2014-11-13 07:00:00,139.2629
2014-11-13 08:00:00,147.6327
2014-11-13 09:00:00,53.1443
2014-11-13 10:00:00,52.5269
2014-11-13 11:00:00,149.1689
2014-11-13 12:00:00,82.8694
2014-11-13 13:00:00,19.2387
2014-11-13 14:00:00,18.4636
2014-11-13 15:00:00,18.3472
2014-11-13 16:00:00,18.0672
2014-11-13 17:00:00,18.1796
2014-11-13 18:00:00,18.3596
2014-11-13 19:00:00,18.4055
2014-11-13 20:00:00,19.8179
2014-11-13 21:00:00,18.2674
2014-11-13 22:00:00,36.6793
2014-11-13 23:00:00,18.338
2014-11-14 00:00:00,18.4511
2014-11-14 01:00:00,18.5011
2014-11-14 02:00:00,18.5127
2014-11-14 03:00:00,19.1812
2014-11-14 04:00:00,19.5574
2014-11-14 05:00:00,19.556
2014-11-14 06:00:00,67.5571
2014-11-14 07:00:00,139.2629
2014-11-14 08:00:00,147.6327
2014-11-14 09:00:00,53.1443
2014-11-14 10:00:00,52.5269
2014-11-14 11:00:00,149.1689
2014-11-14 12:00:00,82.8694
2014-11-14 13:00:00,19.2387
2014-11-14 14:00:00,18.4636
2014-11-14 15:00:00,18.3472
2014-11-14 16:00:00,18.0672
2014-11-14 17:00:00,18.1796
2014-11-14 18:00:00,18.3596
2014-11-14 19:00:00,18.4055
2014-11-14 20:00:00,19.8179
2014-11-14 21:00:00,18.2674
2014-11-14 22:00:00,36.6793
2014-11-14 23:00:00,18.338
2014-11-15 00:00:00,18.4511
2014-11-15 01:00:00,18.5011
2014-11-15 02:00:00,18.5127
2014-11-15 03:00:00,19.1812
2014-11-15 04:00:00,19.5574
2014-11-15 05:00:00,19.556
2014-11-15 06:00:00,67.5571
2014-11-15 07:00:00,139.2629
2014-11-15 08:00:00,147.6327
2014-11-15 09:00:00,53.1443
2014-11-15 10:00:00,52.5269
2014-11-15 11:00:00,149.1689
2014-11-15 12:00:00,82.8694
2014-11-15 13:00:00,19.2387
2014-11-15 14:00:00,18.4636
2014-11-15 15:00:00,18.3472
2014-11-15 16:00:00,18.0672
2014-11-15 17:00:00,18.1796
2014-11-15 18:00:00,18.3596
2014-11-15 19:00:00,18.4055
2014-11-15 20:00:00,19.8179
2014-11-15 21:00:00,18.2674
2014-11-15 22:00:00,36.6793
2014-11-15 23:00:00,18.338
2014-11-16 00:00:00,18.4511
2014-11-16 01:00:00,18.5011
2014-11-16 02:00:00,18.5127
2014-11-16 03:00:00,19.1812
2014-11-16 04:00:00,19.5574
2014-11-16 05:00:00,19.556
2014-11-16 06:00:00,67.5571
2014-11-16 07:00:00,139.2629
2014-11-16 08:00:00,147.6327
2014-11-16 09:00:00,53.1443
2014-11-16 10:00:00,52.5269
2014-11-16 11:00:00,149.1689
2014-11-16 12:00:00,82.8694
2014-11-16 13:00:00,19.2387
2014-11-16 14:00:00,18.4636
2014-11-16 15:00:00,18.3472
2014-11-16 16:00:00,18.0672
2014-11-16 17:00:00,18.1796
2014-11-16 18:00:00,18.3596
2014-11-16 19:00:00,18.4055
2014-11-16 20:00:00,19.8179
2014-11-16 21:00:00,18.2674
2014-11-16 22:00:00,36.6793
2014-11-16 23:00:00,18.338
2014-11-17 00:00:00,18.4511
2014-11-17 01:00:00,18.5011
2014-11-17 02:00:00,18.5127
2014-11-17 03:00:00,19.1812
2014-11-17 04:00:00,19.5574
2014-11-17 05:00:00,19.556
2014-11-17 06:00:00,67.5571
2014-11-17 07:00:00,139.2629
2014-11-17 08:00:00,147.6327
2014-11-17 09:00:00,53.1443
2014-11-17 10:00:00,52.5269
2014-11-17 11:00:00,149.1689
2014-11-17 12:00:00,82.8694
2014-11-17 13:00:00,19.2387
2014-11-17 14:00:00,18.4636
2014-11-17 15:00:00,18.3472
2014-11-17 16:00:00,18.0672
2014-11-17 17:00:00,18.1796
2014-11-17 18:00:00,18.3596
2014-11-17 19:00:00,18.4055
2014-11-17 20:00:00,19.8179
2014-11-17 21:00:00,18.2674
2014-11-17 22:00:00,36.6793
2014-11-17 23:00:00,18.338
2014-11-18 00:00:00,18.4511
2014-11-18 01:00:00,18.5011
2014-11-18 02:00:00,18.5127
2014-11-18 03:00:00,19.1812
2014-11-18 04:00:00,19.5574
2014-11-18 05:00:00,19.556
2014-11-18 06:00:00,67.5571
2014-11-18 07:00:00,139.2629
2014-11-18 08:00:00,147.6327
2014-11-18 09:00:00,53.1443
2014-11-18 10:00:00,52.5269
2014-11-18 11:00:00,149.1689
2014-11-18 12:00:00,82.8694
2014-11-18 13:00:00,19.2387
2014-11-18 14:00:00,18.4636
2014-11-18 15:00:00,18.3472
2014-11-18 16:00:00,18.0672
2014-11-18 17:00:00,18.1796
2014-11-18 18:00:00,18.3596
2014-11-18 19:00:00,18.4055
2014-11-18 20:00:00,19.8179
2014-11-18 21:00:00,18.2674
2014-11-18 22:00:00,36.6793
2014-11-18 23:00:00,18.338
2014-11-19 00:00:00,18.4511
2014-11-19 01:00:00,18.5011
2014-11-19 02:00:00,18.5127
2014-11-19 03:00:00,19.1812
2014-11-19 04:00:00,19.5574
2014-11-19 05:00:00,19.556
2014-11-19 06:00:00,67.5571
2014-11-19 07:00:00,139.2629
2014-11-19 08:00:00,147.6327
2014-11-19 09:00:00,53.1443
2014-11-19 10:00:00,52.5269
2014-11-19 11:00:00,149.1689
2014-11-19 12:00:00,82.8694
2014-11-19 13:00:00,19.2387
2014-11-19 14:00:00,18.4636
2014-11-19 15:00:00,18.3472
2014-11-19 16:00:00,18.0672
2014-11-19 17:00:00,18.1796
2014-11-19 18:00:00,18.3596
2014-11-19 19:00:00,18.4055
2014-11-19 20:00:00,19.8179
2014-11-19 21:00:00,18.2674
2014-11-19 22:00:00,36.6793
2014-11-19 23:00:00,18.338
2014-11-20 00:00:00,18.4511
2014-11-20 01:00:00,18.5011
2014-11-20 02:00:00,18.5127
2014-11-20 03:00:00,19.1812
2014-11-20 04:00:00,19.5574
2014-11-20 05:00:00,19.556
2014-11-20 06:00:00,67.5571
2014-11-20 07:00:00,139.2629
2014-11-20 08:00:00,147.6327
2014-11-20 09:00:00,53.1443
2014-11-20 10:00:00,52.5269
2014-11-20 11:00:00,149.1689
2014-11-20 12:00:00,82.8694
2014-11-20 13:00:00,19.2387
2014-11-20 14:00:00,18.4636
2014-11-20 15:00:00,18.3472
2014-11-20 16:00:00,18.0672
2014-11-20 17:00:00,18.1796
2014-11-20 18:00:00,18.3596
2014-11-20 19:00:00,18.4055
2014-11-20 20:00:00,19.8179
2014-11-20 21:00:00,18.2674
2014-11-20 22:00:00,36.6793
2014-11-20 23:00:00,18.338
2014-11-21 00:00:00,18.4511
2014-11-21 01:00:00,18.5011
2014-11-21 02:00:00,18.5127
2014-11-21 03:00:00,19.1812
2014-11-21 04:00:00,19.5574
2014-11-21 05:00:00,19.556
2014-11-21 06:00:00,67.5571
2014-11-21 07:00:00,139.2629
2014-11-21 08:00:00,147.6327
2014-11-21 09:00:00,53.1443
2014-11-21 10:00:00,52.5269
2014-11-21 11:00:00,149.1689
2014-11-21 12:00:00,82.8694
2014-11-21 13:00:00,19.2387
2014-11-21 14:00:00,18.4636
2014-11-21 15:00:00,18.3472
2014-11-21 16:00:00,18.0672
2014-11-21 17:00:00,18.1796
2014-11-21 18:00:00,18.3596
2014-11-21 19:00:00,18.4055
2014-11-21 20:00:00,19.8179
2014-11-21 21:00:00,18.2674
2014-11-21 22:00:00,36.6793
2014-11-21 23:00:00,18.338
2014-11-22 00:00:00,18.4511
2014-11-22 01:00:00,18.5011
2014-11-22 02:00:00,18.5127
2014-11-22 03:00:00,19.1812
2014-11-22 04:00:00,19.5574
2014-11-22 05:00:00,19.556
2014-11-22 06:00:00,67.5571
2014-11-22 07:00:00,139.2629
2014-11-22 08:00:00,147.6327
2014-11-22 09:00:00,53.1443
2014-11-22 10:00:00,52.5269
2014-11-22 11:00:00,149.1689
2014-11-22 12:00:00,82.8694
2014-11-22 13:00:00,19.2387
2014-11-22 14:00:00,18.4636
2014-11-22 15:00:00,18.3472
2014-11-22 16:00:00,18.0672
2014-11-22 17:00:00,18.1796
2014-11-22 18:00:00,18.3596
2014-11-22 19:00:00,18.4055
2014-11-22 20:00:00,19.8179
2014-11-22 21:00:00,18.2674
2014-11-22 22:00:00,36.6793
2014-11-22 23:00:00,18.338
2014-11-23 00:00:00,18.4511
2014-11-23 01:00:00,18.5011
2014-11-23 02:00:00,18.5127
2014-11-23 03:00:00,19.1812
2014-11-23 04:00:00,19.5574
2014-11-23 05:00:00,19.556
2014-11-23 06:00:00,67.5571
2014-11-23 07:00:00,139.2629
2014-11-23 08:00:00,147.6327
2014-11-23 09:00:00,53.1443
2014-11-23 10:00:00,52.5269
2014-11-23 11:00:00,149.1689
2014-11-23 12:00:00,82.8694
2014-11-23 13:00:00,19.2387
2014-11-23 14:00:00,18.4636
2014-11-23 15:00:00,18.3472
2014-11-23 16:00:00,18.0672
2014-11-23 17:00:00,18.1796
2014-11-23 18:00:00,18.3596
2014-11-23 19:00:00,18.4055
2014-11-23 20:00:00,19.8179
2014-11-23 21:00:00,18.2674
2014-11-23 22:00:00,36.6793
2014-11-23 23:00:00,18.338
2014-11-24 00:00:00,18.4511
2014-11-24 01:00:00,18.5011
2014-11-24 02:00:00,18.5127
2014-11-24 03:00:00,19.1812
2014-11-24 04:00:00,19.5574
2014-11-24 05:00:00,19.556
2014-11-24 06:00:00,67.5571
2014-11-24 07:00:00,139.2629
2014-11-24 08:00:00,147.6327
2014-11-24 09:00:00,53.1443
2014-11-24 10:00:00,52.5269
2014-11-24 11:00:00,149.1689
2014-11-24 12:00:00,82.8694
2014-11-24 13:00:00,19.2387
2014-11-24 14:00:00,18.4636
2014-11-24 15:00:00,18.3472
2014-11-24 16:00:00,18.0672
2014-11-24 17:00:00,18.1796
2014-11-24 18:00:00,18.3596
2014-11-24 19:00:00,18.4055
2014-11-24 20:00:00,19.8179
2014-11-24 21:00:00,18.2674
2014-11-24 22:00:00,36.6793
2014-11-24 23:00:00,18.338
2014-11-25 00:00:00,18.4511
2014-11-25 01:00:00,18.5011
2014-11-25 02:00:00,18.5127
2014-11-25 03:00:00,19.1812
2014-11-25 04:00:00,19.5574
2014-11-25 05:00:00,19.556
2014-11-25 06:00:00,67.5571
2014-11-25 07:00:00,139.2629
2014-11-25 08:00:00,147.6327
2014-11-25 09:00:00,53.1443
2014-11-25 10:00:00,52.5269
2014-11-25 11:00:00,149.1689
2014-11-25 12:00:00,82.8694
2014-11-25 13:00:00,19.2387
2014-11-25 14:00:00,18.4636
2014-11-25 15:00:00,18.3472
2014-11-25 16:00:00,18.0672
2014-11-25 17:00:00,18.1796
2014-11-25 18:00:00,18.3596
2014-11-25 19:00:00,18.4055
2014-11-25 20:00:00,19.8179
2014-11-25 21:00:00,18.2674
2014-11-25 22:00:00,36.6793
2014-11-25 23:00:00,18.338
2014-11-26 00:00:00,18.4511
2014-11-26 01:00:00,18.5011
2014-11-26 02:00:00,18.5127
2014-11-26 03:00:00,19.1812
2014-11-26 04:00:00,19.5574
2014-11-26 05:00:00,19.556
2014-11-26 06:00:00,67.5571
2014-11-26 07:00:00,139.2629
2014-11-26 08:00:00,147.6327
2014-11-26 09:00:00,53.1443
2014-11-26 10:00:00,52.5269
2014-11-26 11:00:00,149.1689
2014-11-26 12:00:00,82.8694
2014-11-26 13:00:00,19.2387
2014-11-26 14:00:00,18.4636
2014-11-26 15:00:00,18.3472
2014-11-26 16:00:00,18.0672
2014-11-26 17:00:00,18.1796
2014-11-26 18:00:00,18.3596
2014-11-26 19:00:00,18.4055
2014-11-26 20:00:00,19.8179
2014-11-26 21:00:00,18.2674
2014-11-26 22:00:00,36.6793
2014-11-26 23:00:00,18.338
2014-11-27 00:00:00,18.4511
2014-11-27 01:00:00,18.5011
2014-11-27 02:00:00,18.5127
2014-11-27 03:00:00,19.1812
2014-11-27 04:00:00,19.5574
2014-11-27 05:00:00,19.556
2014-11-27 06:00:00,67.5571
2014-11-27 07:00:00,139.2629
2014-11-27 08:00:00,147.6327
2014-11-27 09:00:00,53.1443
2014-11-27 10:00:00,52.5269
2014-11-27 11:00:00,149.1689
2014-11-27 12:00:00,82.8694
2014-11-27 13:00:00,19.2387
2014-11-27 14:00:00,18.4636
2014-11-27 15:00:00,18.3472
2014-11-27 16:00:00,18.0672
2014-11-27 17:00:00,18.1796
2014-11-27 18:00:00,18.3596
2014-11-27 19:00:00,18.4055
2014-11-27 20:00:00,19.8179
2014-11-27 21:00:00,18.2674
2014-11-27 22:00:00,36.6793
2014-11-27 23:00:00,18.338
2014-11-28 00:00:00,18.4511
2014-11-28 01:00:00,18.5011
2014-11-28 02:00:00,18.5127
2014-11-28 03:00:00,19.1812
2014-11-28 04:00:00,19.5574
2014-11-28 05:00:00,19.556
2014-11-28 06:00:00,67.5571
2014-11-28 07:00:00,139.2629
2014-11-28 08:00:00,147.6327
2014-11-28 09:00:00,53.1443
2014-11-28 10:00:00,52.5269
2014-11-28 11:00:00,149.1689
2014-11-28 12:00:00,82.8694
2014-11-28 13:00:00,19.2387
2014-11-28 14:00:00,18.4636
2014-11-28 15:00:00,18.3472
2014-11-28 16:00:00,18.0672
2014-11-28 17:00:00,18.1796
2014-11-28 18:00:00,18.3596
2014-11-28 19:00:00,18.4055
2014-11-28 20:00:00,19.8179
2014-11-28 21:00:00,18.2674
2014-11-28 22:00:00,36.6793
2014-11-28 23:00:00,18.338
2014-11-29 00:00:00,18.4511
2014-11-29 01:00:00,18.5011
2014-11-29 02:00:00,18.5127
2014-11-29 03:00:00,19.1812
2014-11-29 04:00:00,19.5574
2014-11-29 05:00:00,19.556
2014-11-29 06:00:00,67.5571
2014-11-29 07:00:00,139.2629
2014-11-29 08:00:00,147.6327
2014-11-29 09:00:00,53.1443
2014-11-29 10:00:00,52.5269
2014-11-29 11:00:00,149.1689
2014-11-29 12:00:00,82.8694
2014-11-29 13:00:00,19.2387
2014-11-29 14:00:00,18.4636
2014-11-29 15:00:00,18.3472
2014-11-29 16:00:00,18.0672
2014-11-29 17:00:00,18.1796
2014-11-29 18:00:00,18.3596
2014-11-29 19:00:00,18.4055
2014-11-29 20:00:00,19.8179
2014-11-29 21:00:00,18.2674
2014-11-29 22:00:00,36.6793
2014-11-29 23:00:00,18.338
2014-11-30 00:00:00,18.4511
2014-11-30 01:00:00,18.5011
2014-11-30 02:00:00,18.5127
2014-11-30 03:00:00,19.1812
2014-11-30 04:00:00,19.5574
2014-11-30 05:00:00,19.556
2014-11-30 06:00:00,67.5571
2014-11-30 07:00:00,139.2629
2014-11-30 08:00:00,147.6327
2014-11-30 09:00:00,120.6676
2014-11-30 10:00:00,157.6424
2014-11-30 11:00:00,162.7008
2014-11-30 12:00:00,161.6851
2014-11-30 13:00:00,147.6489
2014-11-30 14:00:00,147.5314
2014-11-30 15:00:00,133.3184
2014-11-30 16:00:00,38.5726
2014-11-30 17:00:00,44.5193
2014-11-30 18:00:00,18.2369
2014-11-30 19:00:00,18.2755
2014-11-30 20:00:00,37.3259
2014-11-30 21:00:00,67.7749
2014-11-30 22:00:00,37.0263
2014-11-30 23:00:00,18.3712
2014-12-01 00:00:00,18.4678
2014-12-01 01:00:00,18.5191
2014-12-01 02:00:00,18.4216
2014-12-01 03:00:00,18.6539
2014-12-01 04:00:00,18.4005
2014-12-01 05:00:00,18.5392
2014-12-01 06:00:00,41.0763
2014-12-01 07:00:00,119.6065
2014-12-01 08:00:00,50.2702
2014-12-01 09:00:00,120.6676
2014-12-01 10:00:00,157.6424
2014-12-01 11:00:00,162.7008
2014-12-01 12:00:00,161.6851
2014-12-01 13:00:00,147.6489
2014-12-01 14:00:00,147.5314
2014-12-01 15:00:00,133.3184
2014-12-01 16:00:00,38.5726
2014-12-01 17:00:00,44.5193
2014-12-01 18:00:00,18.2369
2014-12-01 19:00:00,18.2755
2014-12-01 20:00:00,37.3259
2014-12-01 21:00:00,67.7749
2014-12-01 22:00:00,37.0263
2014-12-01 23:00:00,18.3712
2014-12-02 00:00:00,18.4678
2014-12-02 01:00:00,18.5191
2014-12-02 02:00:00,18.4216
2014-12-02 03:00:00,18.6539
2014-12-02 04:00:00,18.4005
2014-12-02 05:00:00,18.5392
2014-12-02 06:00:00,41.0763
2014-12-02 07:00:00,119.6065
2014-12-02 08:00:00,50.2702
2014-12-02 09:00:00,120.6676
2014-12-02 10:00:00,157.6424
2014-12-02 11:00:00,162.7008
2014-12-02 12:00:00,161.6851
2014-12-02 13:00:00,147.6489
2014-12-02 14:00:00,147.5314
2014-12-02 15:00:00,133.3184
2014-12-02 16:00:00,38.5726
2014-12-02 17:00:00,44.5193
2014-12-02 18:00:00,18.2369
2014-12-02 19:00:00,18.2755
2014-12-02 20:00:00,37.3259
2014-12-02 21:00:00,67.7749
2014-12-02 22:00:00,37.0263
2014-12-02 23:00:00,18.3712
2014-12-03 00:00:00,18.4678
2014-12-03 01:00:00,18.5191
2014-12-03 02:00:00,18.4216
2014-12-03 03:00:00,18.6539
2014-12-03 04:00:00,18.4005
2014-12-03 05:00:00,18.5392
2014-12-03 06:00:00,41.0763
2014-12-03 07:00:00,119.6065
2014-12-03 08:00:00,50.2702
2014-12-03 09:00:00,120.6676
2014-12-03 10:00:00,157.6424
2014-12-03 11:00:00,162.7008
2014-12-03 12:00:00,161.6851
2014-12-03 13:00:00,147.6489
2014-12-03 14:00:00,147.5314
2014-12-03 15:00:00,133.3184
2014-12-03 16:00:00,38.5726
2014-12-03 17:00:00,44.5193
2014-12-03 18:00:00,18.2369
2014-12-03 19:00:00,18.2755
2014-12-03 20:00:00,37.3259
2014-12-03 21:00:00,67.7749
2014-12-03 22:00:00,37.0263
2014-12-03 23:00:00,18.3712
2014-12-04 00:00:00,18.4678
2014-12-04 01:00:00,18.5191
2014-12-04 02:00:00,18.4216
2014-12-04 03:00:00,18.6539
2014-12-04 04:00:00,18.4005
2014-12-04 05:00:00,18.5392
2014-12-04 06:00:00,41.0763
2014-12-04 07:00:00,119.6065
2014-12-04 08:00:00,50.2702
2014-12-04 09:00:00,120.6676
2014-12-04 10:00:00,157.6424
2014-12-04 11:00:00,162.7008
2014-12-04 12:00:00,161.6851
2014-12-04 13:00:00,147.6489
2014-12-04 14:00:00,147.5314
2014-12-04 15:00:00,133.3184
2014-12-04 16:00:00,38.5726
2014-12-04 17:00:00,44.5193
2014-12-04 18:00:00,18.2369
2014-12-04 19:00:00,18.2755
2014-12-04 20:00:00,37.3259
2014-12-04 21:00:00,67.7749
2014-12-04 22:00:00,37.0263
2014-12-04 23:00:00,18.3712
2014-12-05 00:00:00,18.4678
2014-12-05 01:00:00,18.5191
2014-12-05 02:00:00,18.4216
2014-12-05 03:00:00,18.6539
2014-12-05 04:00:00,18.4005
2014-12-05 05:00:00,18.5392
2014-12-05 06:00:00,41.0763
2014-12-05 07:00:00,119.6065
2014-12-05 08:00:00,50.2702
2014-12-05 09:00:00,120.6676
2014-12-05 10:00:00,157.6424
2014-12-05 11:00:00,162.7008
2014-12-05 12:00:00,161.6851
2014-12-05 13:00:00,147.6489
2014-12-05 14:00:00,147.5314
2014-12-05 15:00:00,133.3184
2014-12-05 16:00:00,38.5726
2014-12-05 17:00:00,44.5193
2014-12-05 18:00:00,18.2369
2014-12-05 19:00:00,18.2755
2014-12-05 20:00:00,37.3259
2014-12-05 21:00:00,67.7749
2014-12-05 22:00:00,37.0263
2014-12-05 23:00:00,18.3712
2014-12-06 00:00:00,18.4678
2014-12-06 01:00:00,18.5191
2014-12-06 02:00:00,18.4216
2014-12-06 03:00:00,18.6539
2014-12-06 04:00:00,18.4005
2014-12-06 05:00:00,18.5392
2014-12-06 06:00:00,41.0763
2014-12-06 07:00:00,119.6065
2014-12-06 08:00:00,50.2702
2014-12-06 09:00:00,120.6676
2014-12-06 10:00:00,157.6424
2014-12-06 11:00:00,162.7008
2014-12-06 12:00:00,161.6851
2014-12-06 13:00:00,147.6489
2014-12-06 14:00:00,147.5314
2014-12-06 15:00:00,133.3184
2014-12-06 16:00:00,38.5726
2014-12-06 17:00:00,44.5193
2014-12-06 18:00:00,18.2369
2014-12-06 19:00:00,18.2755
2014-12-06 20:00:00,37.3259
2014-12-06 21:00:00,67.7749
2014-12-06 22:00:00,37.0263
2014-12-06 23:00:00,18.3712
2014-12-07 00:00:00,18.4678
2014-12-07 01:00:00,18.5191
2014-12-07 02:00:00,18.4216
2014-12-07 03:00:00,18.6539
2014-12-07 04:00:00,18.4005
2014-12-07 05:00:00,18.5392
2014-12-07 06:00:00,41.0763
2014-12-07 07:00:00,119.6065
2014-12-07 08:00:00,50.2702
2014-12-07 09:00:00,120.6676
2014-12-07 10:00:00,157.6424
2014-12-07 11:00:00,162.7008
2014-12-07 12:00:00,161.6851
2014-12-07 13:00:00,147.6489
2014-12-07 14:00:00,147.5314
2014-12-07 15:00:00,133.3184
2014-12-07 16:00:00,38.5726
2014-12-07 17:00:00,44.5193
2014-12-07 18:00:00,18.2369
2014-12-07 19:00:00,18.2755
2014-12-07 20:00:00,37.3259
2014-12-07 21:00:00,67.7749
2014-12-07 22:00:00,37.0263
2014-12-07 23:00:00,18.3712
2014-12-08 00:00:00,18.4678
2014-12-08 01:00:00,18.5191
2014-12-08 02:00:00,18.4216
2014-12-08 03:00:00,18.6539
2014-12-08 04:00:00,18.4005
2014-12-08 05:00:00,18.5392
2014-12-08 06:00:00,41.0763
2014-12-08 07:00:00,119.6065
2014-12-08 08:00:00,50.2702
2014-12-08 09:00:00,120.6676
2014-12-08 10:00:00,157.6424
2014-12-08 11:00:00,162.7008
2014-12-08 12:00:00,161.6851
2014-12-08 13:00:00,147.6489
2014-12-08 14:00:00,147.5314
2014-12-08 15:00:00,133.3184
2014-12-08 16:00:00,38.5726
2014-12-08 17:00:00,44.5193
2014-12-08 18:00:00,18.2369
2014-12-08 19:00:00,18.2755
2014-12-08 20:00:00,37.3259
2014-12-08 21:00:00,67.7749
2014-12-08 22:00:00,37.0263
2014-12-08 23:00:00,18.3712
2014-12-09 00:00:00,18.4678
2014-12-09 01:00:00,18.5191
2014-12-09 02:00:00,18.4216
2014-12-09 03:00:00,18.6539
2014-12-09 04:00:00,18.4005
2014-12-09 05:00:00,18.5392
2014-12-09 06:00:00,41.0763
2014-12-09 07:00:00,119.6065
2014-12-09 08:00:00,50.2702
2014-12-09 09:00:00,120.6676
2014-12-09 10:00:00,157.6424
2014-12-09 11:00:00,162.7008
2014-12-09 12:00:00,161.6851
2014-12-09 13:00:00,147.6489
2014-12-09 14:00:00,147.5314
2014-12-09 15:00:00,133.3184
2014-12-09 16:00:00,38.5726
2014-12-09 17:00:00,44.5193
2014-12-09 18:00:00,18.2369
2014-12-09 19:00:00,18.2755
2014-12-09 20:00:00,37.3259
2014-12-09 21:00:00,67.7749
2014-12-09 22:00:00,37.0263
2014-12-09 23:00:00,18.3712
2014-12-10 00:00:00,18.4678
2014-12-10 01:00:00,18.5191
2014-12-10 02:00:00,18.4216
2014-12-10 03:00:00,18.6539
2014-12-10 04:00:00,18.4005
2014-12-10 05:00:00,18.5392
2014-12-10 06:00:00,41.0763
2014-12-10 07:00:00,119.6065
2014-12-10 08:00:00,50.2702
2014-12-10 09:00:00,120.6676
2014-12-10 10:00:00,157.6424
2014-12-10 11:00:00,162.7008
2014-12-10 12:00:00,161.6851
2014-12-10 13:00:00,147.6489
2014-12-10 14:00:00,147.5314
2014-12-10 15:00:00,133.3184
2014-12-10 16:00:00,38.5726
2014-12-10 17:00:00,44.5193
2014-12-10 18:00:00,18.2369
2014-12-10 19:00:00,18.2755
2014-12-10 20:00:00,37.3259
2014-12-10 21:00:00,67.7749
2014-12-10 22:00:00,37.0263
2014-12-10 23:00:00,18.3712
2014-12-11 00:00:00,18.4678
2014-12-11 01:00:00,18.5191
2014-12-11 02:00:00,18.4216
2014-12-11 03:00:00,18.6539
2014-12-11 04:00:00,18.4005
2014-12-11 05:00:00,18.5392
2014-12-11 06:00:00,41.0763
2014-12-11 07:00:00,119.6065
2014-12-11 08:00:00,50.2702
2014-12-11 09:00:00,120.6676
2014-12-11 10:00:00,157.6424
2014-12-11 11:00:00,162.7008
2014-12-11 12:00:00,161.6851
2014-12-11 13:00:00,147.6489
2014-12-11 14:00:00,147.5314
2014-12-11 15:00:00,133.3184
2014-12-11 16:00:00,38.5726
2014-12-11 17:00:00,44.5193
2014-12-11 18:00:00,18.2369
2014-12-11 19:00:00,18.2755
2014-12-11 20:00:00,37.3259
2014-12-11 21:00:00,67.7749
2014-12-11 22:00:00,37.0263
2014-12-11 23:00:00,18.3712
2014-12-12 00:00:00,18.4678
2014-12-12 01:00:00,18.5191
2014-12-12 02:00:00,18.4216
2014-12-12 03:00:00,18.6539
2014-12-12 04:00:00,18.4005
2014-12-12 05:00:00,18.5392
2014-12-12 06:00:00,41.0763
2014-12-12 07:00:00,119.6065
2014-12-12 08:00:00,50.2702
2014-12-12 09:00:00,120.6676
2014-12-12 10:00:00,157.6424
2014-12-12 11:00:00,162.7008
2014-12-12 12:00:00,161.6851
2014-12-12 13:00:00,147.6489
2014-12-12 14:00:00,147.5314
2014-12-12 15:00:00,133.3184
2014-12-12 16:00:00,38.5726
2014-12-12 17:00:00,44.5193
2014-12-12 18:00:00,18.2369
2014-12-12 19:00:00,18.2755
2014-12-12 20:00:00,37.3259
2014-12-12 21:00:00,67.7749
2014-12-12 22:00:00,37.0263
2014-12-12 23:00:00,18.3712
2014-12-13 00:00:00,18.4678
2014-12-13 01:00:00,18.5191
2014-12-13 02:00:00,18.4216
2014-12-13 03:00:00,18.6539
2014-12-13 04:00:00,18.4005
2014-12-13 05:00:00,18.5392
2014-12-13 06:00:00,41.0763
2014-12-13 07:00:00,119.6065
2014-12-13 08:00:00,50.2702
2014-12-13 09:00:00,120.6676
2014-12-13 10:00:00,157.6424
2014-12-13 11:00:00,162.7008
2014-12-13 12:00:00,161.6851
2014-12-13 13:00:00,147.6489
2014-12-13 14:00:00,147.5314
2014-12-13 15:00:00,133.3184
2014-12-13 16:00:00,38.5726
2014-12-13 17:00:00,44.5193
2014-12-13 18:00:00,18.2369
2014-12-13 19:00:00,18.2755
2014-12-13 20:00:00,37.3259
2014-12-13 21:00:00,67.7749
2014-12-13 22:00:00,37.0263
2014-12-13 23:00:00,18.3712
2014-12-14 00:00:00,18.4678
2014-12-14 01:00:00,18.5191
2014-12-14 02:00:00,18.4216
2014-12-14 03:00:00,18.6539
2014-12-14 04:00:00,18.4005
2014-12-14 05:00:00,18.5392
2014-12-14 06:00:00,41.0763
2014-12-14 07:00:00,119.6065
2014-12-14 08:00:00,50.2702
2014-12-14 09:00:00,120.6676
2014-12-14 10:00:00,157.6424
2014-12-14 11:00:00,162.7008
2014-12-14 12:00:00,161.6851
2014-12-14 13:00:00,147.6489
2014-12-14 14:00:00,147.5314
2014-12-14 15:00:00,133.3184
2014-12-14 16:00:00,38.5726
2014-12-14 17:00:00,44.5193
2014-12-14 18:00:00,18.2369
2014-12-14 19:00:00,18.2755
2014-12-14 20:00:00,37.3259
2014-12-14 21:00:00,67.7749
2014-12-14 22:00:00,37.0263
2014-12-14 23:00:00,18.3712
2014-12-15 00:00:00,18.4678
2014-12-15 01:00:00,18.5191
2014-12-15 02:00:00,18.4216
2014-12-15 03:00:00,18.6539
2014-12-15 04:00:00,18.4005
2014-12-15 05:00:00,18.5392
2014-12-15 06:00:00,41.0763
2014-12-15 07:00:00,119.6065
2014-12-15 08:00:00,50.2702
2014-12-15 09:00:00,120.6676
2014-12-15 10:00:00,157.6424
2014-12-15 11:00:00,162.7008
2014-12-15 12:00:00,161.6851
2014-12-15 13:00:00,147.6489
2014-12-15 14:00:00,147.5314
2014-12-15 15:00:00,133.3184
2014-12-15 16:00:00,38.5726
2014-12-15 17:00:00,44.5193
2014-12-15 18:00:00,18.2369
2014-12-15 19:00:00,18.2755
2014-12-15 20:00:00,37.3259
2014-12-15 21:00:00,67.7749
2014-12-15 22:00:00,37.0263
2014-12-15 23:00:00,18.3712
2014-12-16 00:00:00,18.4678
2014-12-16 01:00:00,18.5191
2014-12-16 02:00:00,18.4216
2014-12-16 03:00:00,18.6539
2014-12-16 04:00:00,18.4005
2014-12-16 05:00:00,18.5392
2014-12-16 06:00:00,41.0763
2014-12-16 07:00:00,119.6065
2014-12-16 08:00:00,50.2702
2014-12-16 09:00:00,120.6676
2014-12-16 10:00:00,157.6424
2014-12-16 11:00:00,162.7008
2014-12-16 12:00:00,161.6851
2014-12-16 13:00:00,147.6489
2014-12-16 14:00:00,147.5314
2014-12-16 15:00:00,133.3184
2014-12-16 16:00:00,38.5726
2014-12-16 17:00:00,44.5193
2014-12-16 18:00:00,18.2369
2014-12-16 19:00:00,18.2755
2014-12-16 20:00:00,37.3259
2014-12-16 21:00:00,67.7749
2014-12-16 22:00:00,37.0263
2014-12-16 23:00:00,18.3712
2014-12-17 00:00:00,18.4678
2014-12-17 01:00:00,18.5191
2014-12-17 02:00:00,18.4216
2014-12-17 03:00:00,18.6539
2014-12-17 04:00:00,18.4005
2014-12-17 05:00:00,18.5392
2014-12-17 06:00:00,41.0763
2014-12-17 07:00:00,119.6065
2014-12-17 08:00:00,50.2702
2014-12-17 09:00:00,120.6676
2014-12-17 10:00:00,157.6424
2014-12-17 11:00:00,162.7008
2014-12-17 12:00:00,161.6851
2014-12-17 13:00:00,147.6489
2014-12-17 14:00:00,147.5314
2014-12-17 15:00:00,133.3184
2014-12-17 16:00:00,38.5726
2014-12-17 17:00:00,44.5193
2014-12-17 18:00:00,18.2369
2014-12-17 19:00:00,18.2755
2014-12-17 20:00:00,37.3259
2014-12-17 21:00:00,67.7749
2014-12-17 22:00:00,37.0263
2014-12-17 23:00:00,18.3712
2014-12-18 00:00:00,18.4678
2014-12-18 01:00:00,18.5191
2014-12-18 02:00:00,18.4216
2014-12-18 03:00:00,18.6539
2014-12-18 04:00:00,18.4005
2014-12-18 05:00:00,18.5392
2014-12-18 06:00:00,41.0763
2014-12-18 07:00:00,119.6065
2014-12-18 08:00:00,50.2702
2014-12-18 09:00:00,120.6676
2014-12-18 10:00:00,157.6424
2014-12-18 11:00:00,162.7008
2014-12-18 12:00:00,161.6851
2014-12-18 13:00:00,147.6489
2014-12-18 14:00:00,147.5314
2014-12-18 15:00:00,133.3184
2014-12-18 16:00:00,38.5726
2014-12-18 17:00:00,44.5193
2014-12-18 18:00:00,18.2369
2014-12-18 19:00:00,18.2755
2014-12-18 20:00:00,37.3259
2014-12-18 21:00:00,67.7749
2014-12-18 22:00:00,37.0263
2014-12-18 23:00:00,18.3712
2014-12-19 00:00:00,18.4678
2014-12-19 01:00:00,18.5191
2014-12-19 02:00:00,18.4216
2014-12-19 03:00:00,18.6539
2014-12-19 04:00:00,18.4005
2014-12-19 05:00:00,18.5392
2014-12-19 06:00:00,41.0763
2014-12-19 07:00:00,119.6065
2014-12-19 08:00:00,50.2702
2014-12-19 09:00:00,120.6676
2014-12-19 10:00:00,157.6424
2014-12-19 11:00:00,162.7008
2014-12-19 12:00:00,161.6851
2014-12-19 13:00:00,147.6489
2014-12-19 14:00:00,147.5314
2014-12-19 15:00:00,133.3184
2014-12-19 16:00:00,38.5726
2014-12-19 17:00:00,44.5193
2014-12-19 18:00:00,18.2369
2014-12-19 19:00:00,18.2755
2014-12-19 20:00:00,37.3259
2014-12-19 21:00:00,67.7749
2014-12-19 22:00:00,37.0263
2014-12-19 23:00:00,18.3712
2014-12-20 00:00:00,18.4678
2014-12-20 01:00:00,18.5191
2014-12-20 02:00:00,18.4216
2014-12-20 03:00:00,18.6539
2014-12-20 04:00:00,18.4005
2014-12-20 05:00:00,18.5392
2014-12-20 06:00:00,41.0763
2014-12-20 07:00:00,119.6065
2014-12-20 08:00:00,50.2702
2014-12-20 09:00:00,120.6676
2014-12-20 10:00:00,157.6424
2014-12-20 11:00:00,162.7008
2014-12-20 12:00:00,161.6851
2014-12-20 13:00:00,147.6489
2014-12-20 14:00:00,147.5314
2014-12-20 15:00:00,133.3184
2014-12-20 16:00:00,38.5726
2014-12-20 17:00:00,44.5193
2014-12-20 18:00:00,18.2369
2014-12-20 19:00:00,18.2755
2014-12-20 20:00:00,37.3259
2014-12-20 21:00:00,67.7749
2014-12-20 22:00:00,37.0263
2014-12-20 23:00:00,18.3712
2014-12-21 00:00:00,18.4678
2014-12-21 01:00:00,18.5191
2014-12-21 02:00:00,18.4216
2014-12-21 03:00:00,18.6539
2014-12-21 04:00:00,18.4005
2014-12-21 05:00:00,18.5392
2014-12-21 06:00:00,41.0763
2014-12-21 07:00:00,119.6065
2014-12-21 08:00:00,50.2702
2014-12-21 09:00:00,120.6676
2014-12-21 10:00:00,157.6424
2014-12-21 11:00:00,162.7008
2014-12-21 12:00:00,161.6851
2014-12-21 13:00:00,147.6489
2014-12-21 14:00:00,147.5314
2014-12-21 15:00:00,133.3184
2014-12-21 16:00:00,38.5726
2014-12-21 17:00:00,44.5193
2014-12-21 18:00:00,18.2369
2014-12-21 19:00:00,18.2755
2014-12-21 20:00:00,37.3259
2014-12-21 21:00:00,67.7749
2014-12-21 22:00:00,37.0263
2014-12-21 23:00:00,18.3712
2014-12-22 00:00:00,18.4678
2014-12-22 01:00:00,18.5191
2014-12-22 02:00:00,18.4216
2014-12-22 03:00:00,18.6539
2014-12-22 04:00:00,18.4005
2014-12-22 05:00:00,18.5392
2014-12-22 06:00:00,41.0763
2014-12-22 07:00:00,119.6065
2014-12-22 08:00:00,50.2702
2014-12-22 09:00:00,120.6676
2014-12-22 10:00:00,157.6424
2014-12-22 11:00:00,162.7008
2014-12-22 12:00:00,161.6851
2014-12-22 13:00:00,147.6489
2014-12-22 14:00:00,147.5314
2014-12-22 15:00:00,133.3184
2014-12-22 16:00:00,38.5726
2014-12-22 17:00:00,44.5193
2014-12-22 18:00:00,18.2369
2014-12-22 19:00:00,18.2755
2014-12-22 20:00:00,37.3259
2014-12-22 21:00:00,67.7749
2014-12-22 22:00:00,37.0263
2014-12-22 23:00:00,18.3712
2014-12-23 00:00:00,18.4678
2014-12-23 01:00:00,18.5191
2014-12-23 02:00:00,18.4216
2014-12-23 03:00:00,18.6539
2014-12-23 04:00:00,18.4005
2014-12-23 05:00:00,18.5392
2014-12-23 06:00:00,41.0763
2014-12-23 07:00:00,119.6065
2014-12-23 08:00:00,50.2702
2014-12-23 09:00:00,120.6676
2014-12-23 10:00:00,157.6424
2014-12-23 11:00:00,162.7008
2014-12-23 12:00:00,161.6851
2014-12-23 13:00:00,147.6489
2014-12-23 14:00:00,147.5314
2014-12-23 15:00:00,133.3184
2014-12-23 16:00:00,38.5726
2014-12-23 17:00:00,44.5193
2014-12-23 18:00:00,18.2369
2014-12-23 19:00:00,18.2755
2014-12-23 20:00:00,37.3259
2014-12-23 21:00:00,67.7749
2014-12-23 22:00:00,37.0263
2014-12-23 23:00:00,18.3712
2014-12-24 00:00:00,18.4678
2014-12-24 01:00:00,18.5191
2014-12-24 02:00:00,18.4216
2014-12-24 03:00:00,18.6539
2014-12-24 04:00:00,18.4005
2014-12-24 05:00:00,18.5392
2014-12-24 06:00:00,41.0763
2014-12-24 07:00:00,119.6065
2014-12-24 08:00:00,50.2702
2014-12-24 09:00:00,120.6676
2014-12-24 10:00:00,157.6424
2014-12-24 11:00:00,162.7008
2014-12-24 12:00:00,161.6851
2014-12-24 13:00:00,147.6489
2014-12-24 14:00:00,147.5314
2014-12-24 15:00:00,133.3184
2014-12-24 16:00:00,38.5726
2014-12-24 17:00:00,44.5193
2014-12-24 18:00:00,18.2369
2014-12-24 19:00:00,18.2755
2014-12-24 20:00:00,37.3259
2014-12-24 21:00:00,67.7749
2014-12-24 22:00:00,37.0263
2014-12-24 23:00:00,18.3712
2014-12-25 00:00:00,18.4678
2014-12-25 01:00:00,18.5191
2014-12-25 02:00:00,18.4216
2014-12-25 03:00:00,18.6539
2014-12-25 04:00:00,18.4005
2014-12-25 05:00:00,18.5392
2014-12-25 06:00:00,41.0763
2014-12-25 07:00:00,119.6065
2014-12-25 08:00:00,50.2702
2014-12-25 09:00:00,120.6676
2014-12-25 10:00:00,157.6424
2014-12-25 11:00:00,162.7008
2014-12-25 12:00:00,161.6851
2014-12-25 13:00:00,147.6489
2014-12-25 14:00:00,147.5314
2014-12-25 15:00:00,133.3184
2014-12-25 16:00:00,38.5726
2014-12-25 17:00:00,44.5193
2014-12-25 18:00:00,18.2369
2014-12-25 19:00:00,18.2755
2014-12-25 20:00:00,37.3259
2014-12-25 21:00:00,67.7749
2014-12-25 22:00:00,37.0263
2014-12-25 23:00:00,18.3712
2014-12-26 00:00:00,18.4678
2014-12-26 01:00:00,18.5191
2014-12-26 02:00:00,18.4216
2014-12-26 03:00:00,18.6539
2014-12-26 04:00:00,18.4005
2014-12-26 05:00:00,18.5392
2014-12-26 06:00:00,41.0763
2014-12-26 07:00:00,119.6065
2014-12-26 08:00:00,50.2702
2014-12-26 09:00:00,120.6676
2014-12-26 10:00:00,157.6424
2014-12-26 11:00:00,162.7008
2014-12-26 12:00:00,161.6851
2014-12-26 13:00:00,147.6489
2014-12-26 14:00:00,147.5314
2014-12-26 15:00:00,133.3184
2014-12-26 16:00:00,38.5726
2014-12-26 17:00:00,44.5193
2014-12-26 18:00:00,18.2369
2014-12-26 19:00:00,18.2755
2014-12-26 20:00:00,37.3259
2014-12-26 21:00:00,67.7749
2014-12-26 22:00:00,37.0263
2014-12-26 23:00:00,18.3712
2014-12-27 00:00:00,18.4678
2014-12-27 01:00:00,18.5191
2014-12-27 02:00:00,18.4216
2014-12-27 03:00:00,18.6539
2014-12-27 04:00:00,18.4005
2014-12-27 05:00:00,18.5392
2014-12-27 06:00:00,41.0763
2014-12-27 07:00:00,119.6065
2014-12-27 08:00:00,50.2702
2014-12-27 09:00:00,120.6676
2014-12-27 10:00:00,157.6424
2014-12-27 11:00:00,162.7008
2014-12-27 12:00:00,161.6851
2014-12-27 13:00:00,147.6489
2014-12-27 14:00:00,147.5314
2014-12-27 15:00:00,133.3184
2014-12-27 16:00:00,38.5726
2014-12-27 17:00:00,44.5193
2014-12-27 18:00:00,18.2369
2014-12-27 19:00:00,18.2755
2014-12-27 20:00:00,37.3259
2014-12-27 21:00:00,67.7749
2014-12-27 22:00:00,37.0263
2014-12-27 23:00:00,18.3712
2014-12-28 00:00:00,18.4678
2014-12-28 01:00:00,18.5191
2014-12-28 02:00:00,18.4216
2014-12-28 03:00:00,18.6539
2014-12-28 04:00:00,18.4005
2014-12-28 05:00:00,18.5392
2014-12-28 06:00:00,41.0763
2014-12-28 07:00:00,119.6065
2014-12-28 08:00:00,50.2702
2014-12-28 09:00:00,120.6676
2014-12-28 10:00:00,157.6424
2014-12-28 11:00:00,162.7008
2014-12-28 12:00:00,161.6851
2014-12-28 13:00:00,147.6489
2014-12-28 14:00:00,147.5314
2014-12-28 15:00:00,133.3184
2014-12-28 16:00:00,38.5726
2014-12-28 17:00:00,44.5193
2014-12-28 18:00:00,18.2369
2014-12-28 19:00:00,18.2755
2014-12-28 20:00:00,37.3259
2014-12-28 21:00:00,67.7749
2014-12-28 22:00:00,37.0263
2014-12-28 23:00:00,18.3712
2014-12-29 00:00:00,18.4678
2014-12-29 01:00:00,18.5191
2014-12-29 02:00:00,18.4216
2014-12-29 03:00:00,18.6539
2014-12-29 04:00:00,18.4005
2014-12-29 05:00:00,18.5392
2014-12-29 06:00:00,41.0763
2014-12-29 07:00:00,119.6065
2014-12-29 08:00:00,50.2702
2014-12-29 09:00:00,120.6676
2014-12-29 10:00:00,157.6424
2014-12-29 11:00:00,162.7008
2014-12-29 12:00:00,161.6851
2014-12-29 13:00:00,147.6489
2014-12-29 14:00:00,147.5314
2014-12-29 15:00:00,133.3184
2014-12-29 16:00:00,38.5726
2014-12-29 17:00:00,44.5193
2014-12-29 18:00:00,18.2369
2014-12-29 19:00:00,18.2755
2014-12-29 20:00:00,37.3259
2014-12-29 21:00:00,67.7749
2014-12-29 22:00:00,37.0263
2014-12-29 23:00:00,18.3712
2014-12-30 00:00:00,18.4678
2014-12-30 01:00:00,18.5191
2014-12-30 02:00:00,18.4216
2014-12-30 03:00:00,18.6539
2014-12-30 04:00:00,18.4005
2014-12-30 05:00:00,18.5392
2014-12-30 06:00:00,41.0763
2014-12-30 07:00:00,119.6065
2014-12-30 08:00:00,50.2702
2014-12-30 09:00:00,120.6676
2014-12-30 10:00:00,157.6424
2014-12-30 11:00:00,162.7008
2014-12-30 12:00:00,161.6851
2014-12-30 13:00:00,147.6489
2014-12-30 14:00:00,147.5314
2014-12-30 15:00:00,133.3184
2014-12-30 16:00:00,38.5726
2014-12-30 17:00:00,44.5193
2014-12-30 18:00:00,18.2369
2014-12-30 19:00:00,18.2755
2014-12-30 20:00:00,37.3259
2014-12-30 21:00:00,67.7749
2014-12-30 22:00:00,37.0263
2014-12-30 23:00:00,18.3712
2014-12-31 00:00:00,18.4678
2014-12-31 01:00:00,18.5191
2014-12-31 02:00:00,18.4216
2014-12-31 03:00:00,18.6539
2014-12-31 04:00:00,18.4005
2014-12-31 05:00:00,18.5392
2014-12-31 06:00:00,41.0763
2014-12-31 07:00:00,119.6065
2014-12-31 08:00:00,50.2702
2014-12-31 09:00:00,120.6676
2014-12-31 10:00:00,157.6424
2014-12-31 11:00:00,162.7008
2014-12-31 12:00:00,161.6851
2014-12-31 13:00:00,147.6489
2014-12-31 14:00:00,147.5314
2014-12-31 15:00:00,133.3184
2014-12-31 16:00:00,38.5726
2014-12-31 17:00:00,44.5193
2014-12-31 18:00:00,18.2369
2014-12-31 19:00:00,18.2755
2014-12-31 20:00:00,37.3259
2014-12-31 21:00:00,67.7749
2014-12-31 22:00:00,37.0263
2014-12-31 23:00:00,18.3712
2015-01-01 00:00:00,18.4678
2015-01-01 01:00:00,18.5191
2015-01-01 02:00:00,18.4216
2015-01-01 03:00:00,18.6539
2015-01-01 04:00:00,18.4005
2015-01-01 05:00:00,18.5392
2015-01-01 06:00:00,41.0763
2015-01-01 07:00:00,119.6065
2015-01-01 08:00:00,50.2702
2015-01-01 09:00:00,120.6676
2015-01-01 10:00:00,157.6424
2015-01-01 11:00:00,162.7008
2015-01-01 12:00:00,161.6851
2015-01-01 13:00:00,147.6489
2015-01-01 14:00:00,147.5314
2015-01-01 15:00:00,133.3184
2015-01-01 16:00:00,38.5726
2015-01-01 17:00:00,44.5193
2015-01-01 18:00:00,18.2369
2015-01-01 19:00:00,18.2755
2015-01-01 20:00:00,37.3259
2015-01-01 21:00:00,67.7749
2015-01-01 22:00:00,37.0263
2015-01-01 23:00:00,18.3712
2015-01-02 00:00:00,18.4678
2015-01-02 01:00:00,18.5191
2015-01-02 02:00:00,18.4216
2015-01-02 03:00:00,18.6539
2015-01-02 04:00:00,18.4005
2015-01-02 05:00:00,18.5392
2015-01-02 06:00:00,41.0763
2015-01-02 07:00:00,119.6065
2015-01-02 08:00:00,50.2702
2015-01-02 09:00:00,120.6676
2015-01-02 10:00:00,157.6424
2015-01-02 11:00:00,162.7008
2015-01-02 12:00:00,161.6851
2015-01-02 13:00:00,147.6489
2015-01-02 14:00:00,147.5314
2015-01-02 15:00:00,133.3184
2015-01-02 16:00:00,38.5726
2015-01-02 17:00:00,44.5193
2015-01-02 18:00:00,18.2369
2015-01-02 19:00:00,18.2755
2015-01-02 20:00:00,37.3259
2015-01-02 21:00:00,67.7749
2015-01-02 22:00:00,37.0263
2015-01-02 23:00:00,18.3712
2015-01-03 00:00:00,18.4678
2015-01-03 01:00:00,18.5191
2015-01-03 02:00:00,18.4216
2015-01-03 03:00:00,18.6539
2015-01-03 04:00:00,18.4005
2015-01-03 05:00:00,18.5392
2015-01-03 06:00:00,41.0763
2015-01-03 07:00:00,119.6065
2015-01-03 08:00:00,50.2702
2015-01-03 09:00:00,120.6676
2015-01-03 10:00:00,157.6424
2015-01-03 11:00:00,162.7008
2015-01-03 12:00:00,161.6851
2015-01-03 13:00:00,147.6489
2015-01-03 14:00:00,147.5314
2015-01-03 15:00:00,133.3184
2015-01-03 16:00:00,38.5726
2015-01-03 17:00:00,44.5193
2015-01-03 18:00:00,18.2369
2015-01-03 19:00:00,18.2755
2015-01-03 20:00:00,37.3259
2015-01-03 21:00:00,67.7749
2015-01-03 22:00:00,37.0263
2015-01-03 23:00:00,18.3712
2015-01-04 00:00:00,18.4678
2015-01-04 01:00:00,18.5191
2015-01-04 02:00:00,18.4216
2015-01-04 03:00:00,18.6539
2015-01-04 04:00:00,18.4005
2015-01-04 05:00:00,18.5392
2015-01-04 06:00:00,41.0763
2015-01-04 07:00:00,119.6065
2015-01-04 08:00:00,50.2702
2015-01-04 09:00:00,120.6676
2015-01-04 10:00:00,157.6424
2015-01-04 11:00:00,162.7008
2015-01-04 12:00:00,161.6851
2015-01-04 13:00:00,147.6489
2015-01-04 14:00:00,147.5314
2015-01-04 15:00:00,133.3184
2015-01-04 16:00:00,38.5726
2015-01-04 17:00:00,44.5193
2015-01-04 18:00:00,18.2369
2015-01-04 19:00:00,18.2755
2015-01-04 20:00:00,37.3259
2015-01-04 21:00:00,67.7749
2015-01-04 22:00:00,37.0263
2015-01-04 23:00:00,18.3712
2015-01-05 00:00:00,18.4678
2015-01-05 01:00:00,18.5191
2015-01-05 02:00:00,18.4216
2015-01-05 03:00:00,18.6539
2015-01-05 04:00:00,18.4005
2015-01-05 05:00:00,18.5392
2015-01-05 06:00:00,41.0763
2015-01-05 07:00:00,119.6065
2015-01-05 08:00:00,50.2702
2015-01-05 09:00:00,120.6676
2015-01-05 10:00:00,157.6424
2015-01-05 11:00:00,162.7008
2015-01-05 12:00:00,161.6851
2015-01-05 13:00:00,147.6489
2015-01-05 14:00:00,147.5314
2015-01-05 15:00:00,133.3184
2015-01-05 16:00:00,38.5726
2015-01-05 17:00:00,44.5193
2015-01-05 18:00:00,18.2369
2015-01-05 19:00:00,18.2755
2015-01-05 20:00:00,37.3259
2015-01-05 21:00:00,67.7749
2015-01-05 22:00:00,37.0263
2015-01-05 23:00:00,18.3712
2015-01-06 00:00:00,18.4678
2015-01-06 01:00:00,18.5191
2015-01-06 02:00:00,18.4216
2015-01-06 03:00:00,18.6539
2015-01-06 04:00:00,18.4005
2015-01-06 05:00:00,18.5392
2015-01-06 06:00:00,41.0763
2015-01-06 07:00:00,119.6065
2015-01-06 08:00:00,50.2702
2015-01-06 09:00:00,120.6676
2015-01-06 10:00:00,157.6424
2015-01-06 11:00:00,162.7008
2015-01-06 12:00:00,161.6851
2015-01-06 13:00:00,147.6489
2015-01-06 14:00:00,147.5314
2015-01-06 15:00:00,133.3184
2015-01-06 16:00:00,38.5726
2015-01-06 17:00:00,44.5193
2015-01-06 18:00:00,18.2369
2015-01-06 19:00:00,18.2755
2015-01-06 20:00:00,37.3259
2015-01-06 21:00:00,67.7749
2015-01-06 22:00:00,37.0263
2015-01-06 23:00:00,18.3712
2015-01-07 00:00:00,18.4678
2015-01-07 01:00:00,18.5191
2015-01-07 02:00:00,18.4216
2015-01-07 03:00:00,18.6539
2015-01-07 04:00:00,18.4005
2015-01-07 05:00:00,18.5392
2015-01-07 06:00:00,41.0763
2015-01-07 07:00:00,119.6065
2015-01-07 08:00:00,50.2702
2015-01-07 09:00:00,120.6676
2015-01-07 10:00:00,157.6424
2015-01-07 11:00:00,162.7008
2015-01-07 12:00:00,161.6851
2015-01-07 13:00:00,147.6489
2015-01-07 14:00:00,147.5314
2015-01-07 15:00:00,133.3184
2015-01-07 16:00:00,38.5726
2015-01-07 17:00:00,44.5193
2015-01-07 18:00:00,18.2369
2015-01-07 19:00:00,18.2755
2015-01-07 20:00:00,37.3259
2015-01-07 21:00:00,67.7749
2015-01-07 22:00:00,37.0263
2015-01-07 23:00:00,18.3712
2015-01-08 00:00:00,18.4678
2015-01-08 01:00:00,18.5191
2015-01-08 02:00:00,18.4216
2015-01-08 03:00:00,18.6539
2015-01-08 04:00:00,18.4005
2015-01-08 05:00:00,18.5392
2015-01-08 06:00:00,41.0763
2015-01-08 07:00:00,119.6065
2015-01-08 08:00:00,50.2702
2015-01-08 09:00:00,120.6676
2015-01-08 10:00:00,157.6424
2015-01-08 11:00:00,162.7008
2015-01-08 12:00:00,161.6851
2015-01-08 13:00:00,147.6489
2015-01-08 14:00:00,147.5314
2015-01-08 15:00:00,133.3184
2015-01-08 16:00:00,38.5726
2015-01-08 17:00:00,44.5193
2015-01-08 18:00:00,18.2369
2015-01-08 19:00:00,18.2755
2015-01-08 20:00:00,37.3259
2015-01-08 21:00:00,67.7749
2015-01-08 22:00:00,37.0263
2015-01-08 23:00:00,18.3712
2015-01-09 00:00:00,18.4678
2015-01-09 01:00:00,18.5191
2015-01-09 02:00:00,18.4216
2015-01-09 03:00:00,18.6539
2015-01-09 04:00:00,18.4005
2015-01-09 05:00:00,18.5392
2015-01-09 06:00:00,41.0763
2015-01-09 07:00:00,119.6065
2015-01-09 08:00:00,50.2702
2015-01-09 09:00:00,120.6676
2015-01-09 10:00:00,157.6424
2015-01-09 11:00:00,162.7008
2015-01-09 12:00:00,161.6851
2015-01-09 13:00:00,147.6489
2015-01-09 14:00:00,147.5314
2015-01-09 15:00:00,133.3184
2015-01-09 16:00:00,38.5726
2015-01-09 17:00:00,44.5193
2015-01-09 18:00:00,18.2369
2015-01-09 19:00:00,18.2755
2015-01-09 20:00:00,37.3259
2015-01-09 21:00:00,67.7749
2015-01-09 22:00:00,37.0263
2015-01-09 23:00:00,18.3712
2015-01-10 00:00:00,18.4678
2015-01-10 01:00:00,18.5191
2015-01-10 02:00:00,18.4216
2015-01-10 03:00:00,18.6539
2015-01-10 04:00:00,18.4005
2015-01-10 05:00:00,18.5392
2015-01-10 06:00:00,41.0763
2015-01-10 07:00:00,119.6065
2015-01-10 08:00:00,50.2702
2015-01-10 09:00:00,120.6676
2015-01-10 10:00:00,157.6424
2015-01-10 11:00:00,162.7008
2015-01-10 12:00:00,161.6851
2015-01-10 13:00:00,147.6489
2015-01-10 14:00:00,147.5314
2015-01-10 15:00:00,133.3184
2015-01-10 16:00:00,38.5726
2015-01-10 17:00:00,44.5193
2015-01-10 18:00:00,18.2369
2015-01-10 19:00:00,18.2755
2015-01-10 20:00:00,37.3259
2015-01-10 21:00:00,67.7749
2015-01-10 22:00:00,37.0263
2015-01-10 23:00:00,18.3712
2015-01-11 00:00:00,18.4678
2015-01-11 01:00:00,18.5191
2015-01-11 02:00:00,18.4216
2015-01-11 03:00:00,18.6539
2015-01-11 04:00:00,18.4005
2015-01-11 05:00:00,18.5392
2015-01-11 06:00:00,41.0763
2015-01-11 07:00:00,119.6065
2015-01-11 08:00:00,50.2702
2015-01-11 09:00:00,120.6676
2015-01-11 10:00:00,157.6424
2015-01-11 11:00:00,162.7008
2015-01-11 12:00:00,161.6851
2015-01-11 13:00:00,147.6489
2015-01-11 14:00:00,147.5314
2015-01-11 15:00:00,133.3184
2015-01-11 16:00:00,38.5726
2015-01-11 17:00:00,44.5193
2015-01-11 18:00:00,18.2369
2015-01-11 19:00:00,18.2755
2015-01-11 20:00:00,37.3259
2015-01-11 21:00:00,67.7749
2015-01-11 22:00:00,37.0263
2015-01-11 23:00:00,18.3712
2015-01-12 00:00:00,18.4678
2015-01-12 01:00:00,18.5191
2015-01-12 02:00:00,18.4216
2015-01-12 03:00:00,18.6539
2015-01-12 04:00:00,18.4005
2015-01-12 05:00:00,18.5392
2015-01-12 06:00:00,41.0763
2015-01-12 07:00:00,119.6065
2015-01-12 08:00:00,50.2702
2015-01-12 09:00:00,120.6676
2015-01-12 10:00:00,157.6424
2015-01-12 11:00:00,162.7008
2015-01-12 12:00:00,161.6851
2015-01-12 13:00:00,147.6489
2015-01-12 14:00:00,147.5314
2015-01-12 15:00:00,133.3184
2015-01-12 16:00:00,38.5726
2015-01-12 17:00:00,44.5193
2015-01-12 18:00:00,18.2369
2015-01-12 19:00:00,18.2755
2015-01-12 20:00:00,37.3259
2015-01-12 21:00:00,67.7749
2015-01-12 22:00:00,37.0263
2015-01-12 23:00:00,18.3712
2015-01-13 00:00:00,18.4678
2015-01-13 01:00:00,18.5191
2015-01-13 02:00:00,18.4216
2015-01-13 03:00:00,18.6539
2015-01-13 04:00:00,18.4005
2015-01-13 05:00:00,18.5392
2015-01-13 06:00:00,41.0763
2015-01-13 07:00:00,119.6065
2015-01-13 08:00:00,50.2702
2015-01-13 09:00:00,120.6676
2015-01-13 10:00:00,157.6424
2015-01-13 11:00:00,162.7008
2015-01-13 12:00:00,161.6851
2015-01-13 13:00:00,147.6489
2015-01-13 14:00:00,147.5314
2015-01-13 15:00:00,133.3184
2015-01-13 16:00:00,38.5726
2015-01-13 17:00:00,44.5193
2015-01-13 18:00:00,18.2369
2015-01-13 19:00:00,18.2755
2015-01-13 20:00:00,37.3259
2015-01-13 21:00:00,67.7749
2015-01-13 22:00:00,37.0263
2015-01-13 23:00:00,18.3712
2015-01-14 00:00:00,18.4678
2015-01-14 01:00:00,18.5191
2015-01-14 02:00:00,18.4216
2015-01-14 03:00:00,18.6539
2015-01-14 04:00:00,18.4005
2015-01-14 05:00:00,18.5392
2015-01-14 06:00:00,41.0763
2015-01-14 07:00:00,119.6065
2015-01-14 08:00:00,50.2702
2015-01-14 09:00:00,120.6676
2015-01-14 10:00:00,157.6424
2015-01-14 11:00:00,162.7008
2015-01-14 12:00:00,161.6851
2015-01-14 13:00:00,147.6489
2015-01-14 14:00:00,147.5314
2015-01-14 15:00:00,133.3184
2015-01-14 16:00:00,38.5726
2015-01-14 17:00:00,44.5193
2015-01-14 18:00:00,18.2369
2015-01-14 19:00:00,18.2755
2015-01-14 20:00:00,37.3259
2015-01-14 21:00:00,67.7749
2015-01-14 22:00:00,37.0263
2015-01-14 23:00:00,18.3712
2015-01-15 00:00:00,18.4678
2015-01-15 01:00:00,18.5191
2015-01-15 02:00:00,18.4216
2015-01-15 03:00:00,18.6539
2015-01-15 04:00:00,18.4005
2015-01-15 05:00:00,18.5392
2015-01-15 06:00:00,41.0763
2015-01-15 07:00:00,119.6065
2015-01-15 08:00:00,50.2702
2015-01-15 09:00:00,120.6676
2015-01-15 10:00:00,157.6424
2015-01-15 11:00:00,162.7008
2015-01-15 12:00:00,161.6851
2015-01-15 13:00:00,147.6489
2015-01-15 14:00:00,147.5314
2015-01-15 15:00:00,133.3184
2015-01-15 16:00:00,38.5726
2015-01-15 17:00:00,44.5193
2015-01-15 18:00:00,18.2369
2015-01-15 19:00:00,18.2755
2015-01-15 20:00:00,37.3259
2015-01-15 21:00:00,67.7749
2015-01-15 22:00:00,37.0263
2015-01-15 23:00:00,18.3712
2015-01-16 00:00:00,18.4678
2015-01-16 01:00:00,18.5191
2015-01-16 02:00:00,18.4216
2015-01-16 03:00:00,18.6539
2015-01-16 04:00:00,18.4005
2015-01-16 05:00:00,18.5392
2015-01-16 06:00:00,41.0763
2015-01-16 07:00:00,119.6065
2015-01-16 08:00:00,50.2702
2015-01-16 09:00:00,120.6676
2015-01-16 10:00:00,157.6424
2015-01-16 11:00:00,162.7008
2015-01-16 12:00:00,161.6851
2015-01-16 13:00:00,147.6489
2015-01-16 14:00:00,147.5314
2015-01-16 15:00:00,133.3184
2015-01-16 16:00:00,38.5726
2015-01-16 17:00:00,44.5193
2015-01-16 18:00:00,18.2369
2015-01-16 19:00:00,18.2755
2015-01-16 20:00:00,37.3259
2015-01-16 21:00:00,67.7749
2015-01-16 22:00:00,37.0263
2015-01-16 23:00:00,18.3712
2015-01-17 00:00:00,18.4678
2015-01-17 01:00:00,18.5191
2015-01-17 02:00:00,18.4216
2015-01-17 03:00:00,18.6539
2015-01-17 04:00:00,18.4005
2015-01-17 05:00:00,18.5392
2015-01-17 06:00:00,41.0763
2015-01-17 07:00:00,119.6065
2015-01-17 08:00:00,50.2702
2015-01-17 09:00:00,120.6676
2015-01-17 10:00:00,157.6424
2015-01-17 11:00:00,162.7008
2015-01-17 12:00:00,161.6851
2015-01-17 13:00:00,147.6489
2015-01-17 14:00:00,147.5314
2015-01-17 15:00:00,133.3184
2015-01-17 16:00:00,38.5726
2015-01-17 17:00:00,44.5193
2015-01-17 18:00:00,18.2369
2015-01-17 19:00:00,18.2755
2015-01-17 20:00:00,37.3259
2015-01-17 21:00:00,67.7749
2015-01-17 22:00:00,37.0263
2015-01-17 23:00:00,18.3712
2015-01-18 00:00:00,18.4678
2015-01-18 01:00:00,18.5191
2015-01-18 02:00:00,18.4216
2015-01-18 03:00:00,18.6539
2015-01-18 04:00:00,18.4005
2015-01-18 05:00:00,18.5392
2015-01-18 06:00:00,41.0763
2015-01-18 07:00:00,119.6065
2015-01-18 08:00:00,50.2702
2015-01-18 09:00:00,120.6676
2015-01-18 10:00:00,157.6424
2015-01-18 11:00:00,162.7008
2015-01-18 12:00:00,161.6851
2015-01-18 13:00:00,147.6489
2015-01-18 14:00:00,147.5314
2015-01-18 15:00:00,133.3184
2015-01-18 16:00:00,38.5726
2015-01-18 17:00:00,44.5193
2015-01-18 18:00:00,18.2369
2015-01-18 19:00:00,18.2755
2015-01-18 20:00:00,37.3259
2015-01-18 21:00:00,67.7749
2015-01-18 22:00:00,37.0263
2015-01-18 23:00:00,18.3712
2015-01-19 00:00:00,18.4678
2015-01-19 01:00:00,18.5191
2015-01-19 02:00:00,18.4216
2015-01-19 03:00:00,18.6539
2015-01-19 04:00:00,18.4005
2015-01-19 05:00:00,18.5392
2015-01-19 06:00:00,41.0763
2015-01-19 07:00:00,119.6065
2015-01-19 08:00:00,50.2702
2015-01-19 09:00:00,120.6676
2015-01-19 10:00:00,157.6424
2015-01-19 11:00:00,162.7008
2015-01-19 12:00:00,161.6851
2015-01-19 13:00:00,147.6489
2015-01-19 14:00:00,147.5314
2015-01-19 15:00:00,133.3184
2015-01-19 16:00:00,38.5726
2015-01-19 17:00:00,44.5193
2015-01-19 18:00:00,18.2369
2015-01-19 19:00:00,18.2755
2015-01-19 20:00:00,37.3259
2015-01-19 21:00:00,67.7749
2015-01-19 22:00:00,37.0263
2015-01-19 23:00:00,18.3712
2015-01-20 00:00:00,18.4678
2015-01-20 01:00:00,18.5191
2015-01-20 02:00:00,18.4216
2015-01-20 03:00:00,18.6539
2015-01-20 04:00:00,18.4005
2015-01-20 05:00:00,18.5392
2015-01-20 06:00:00,41.0763
2015-01-20 07:00:00,119.6065
2015-01-20 08:00:00,50.2702
2015-01-20 09:00:00,120.6676
2015-01-20 10:00:00,157.6424
2015-01-20 11:00:00,162.7008
2015-01-20 12:00:00,161.6851
2015-01-20 13:00:00,147.6489
2015-01-20 14:00:00,147.5314
2015-01-20 15:00:00,133.3184
2015-01-20 16:00:00,38.5726
2015-01-20 17:00:00,44.5193
2015-01-20 18:00:00,18.2369
2015-01-20 19:00:00,18.2755
2015-01-20 20:00:00,37.3259
2015-01-20 21:00:00,67.7749
2015-01-20 22:00:00,37.0263
2015-01-20 23:00:00,18.3712
2015-01-21 00:00:00,18.4678
2015-01-21 01:00:00,18.5191
2015-01-21 02:00:00,18.4216
2015-01-21 03:00:00,18.6539
2015-01-21 04:00:00,18.4005
2015-01-21 05:00:00,18.5392
2015-01-21 06:00:00,41.0763
2015-01-21 07:00:00,119.6065
2015-01-21 08:00:00,50.2702
2015-01-21 09:00:00,120.6676
2015-01-21 10:00:00,157.6424
2015-01-21 11:00:00,162.7008
2015-01-21 12:00:00,161.6851
2015-01-21 13:00:00,147.6489
2015-01-21 14:00:00,147.5314
2015-01-21 15:00:00,133.3184
2015-01-21 16:00:00,38.5726
2015-01-21 17:00:00,44.5193
2015-01-21 18:00:00,18.2369
2015-01-21 19:00:00,18.2755
2015-01-21 20:00:00,37.3259
2015-01-21 21:00:00,67.7749
2015-01-21 22:00:00,37.0263
2015-01-21 23:00:00,18.3712
2015-01-22 00:00:00,18.4678
2015-01-22 01:00:00,18.5191
2015-01-22 02:00:00,18.4216
2015-01-22 03:00:00,18.6539
2015-01-22 04:00:00,18.4005
2015-01-22 05:00:00,18.5392
2015-01-22 06:00:00,41.0763
2015-01-22 07:00:00,119.6065
2015-01-22 08:00:00,50.2702
2015-01-22 09:00:00,120.6676
2015-01-22 10:00:00,157.6424
2015-01-22 11:00:00,162.7008
2015-01-22 12:00:00,161.6851
2015-01-22 13:00:00,147.6489
2015-01-22 14:00:00,147.5314
2015-01-22 15:00:00,133.3184
2015-01-22 16:00:00,38.5726
2015-01-22 17:00:00,44.5193
2015-01-22 18:00:00,18.2369
2015-01-22 19:00:00,18.2755
2015-01-22 20:00:00,37.3259
2015-01-22 21:00:00,67.7749
2015-01-22 22:00:00,37.0263
2015-01-22 23:00:00,18.3712
2015-01-23 00:00:00,18.4678
2015-01-23 01:00:00,18.5191
2015-01-23 02:00:00,18.4216
2015-01-23 03:00:00,18.6539
2015-01-23 04:00:00,18.4005
2015-01-23 05:00:00,18.5392
2015-01-23 06:00:00,41.0763
2015-01-23 07:00:00,119.6065
2015-01-23 08:00:00,50.2702
2015-01-23 09:00:00,120.6676
2015-01-23 10:00:00,157.6424
2015-01-23 11:00:00,162.7008
2015-01-23 12:00:00,161.6851
2015-01-23 13:00:00,147.6489
2015-01-23 14:00:00,147.5314
2015-01-23 15:00:00,133.3184
2015-01-23 16:00:00,38.5726
2015-01-23 17:00:00,44.5193
2015-01-23 18:00:00,18.2369
2015-01-23 19:00:00,18.2755
2015-01-23 20:00:00,37.3259
2015-01-23 21:00:00,67.7749
2015-01-23 22:00:00,37.0263
2015-01-23 23:00:00,18.3712
2015-01-24 00:00:00,18.4678
2015-01-24 01:00:00,18.5191
2015-01-24 02:00:00,18.4216
2015-01-24 03:00:00,18.6539
2015-01-24 04:00:00,18.4005
2015-01-24 05:00:00,18.5392
2015-01-24 06:00:00,41.0763
2015-01-24 07:00:00,119.6065
2015-01-24 08:00:00,50.2702
2015-01-24 09:00:00,120.6676
2015-01-24 10:00:00,157.6424
2015-01-24 11:00:00,162.7008
2015-01-24 12:00:00,161.6851
2015-01-24 13:00:00,147.6489
2015-01-24 14:00:00,147.5314
2015-01-24 15:00:00,133.3184
2015-01-24 16:00:00,38.5726
2015-01-24 17:00:00,44.5193
2015-01-24 18:00:00,18.2369
2015-01-24 19:00:00,18.2755
2015-01-24 20:00:00,37.3259
2015-01-24 21:00:00,67.7749
2015-01-24 22:00:00,37.0263
2015-01-24 23:00:00,18.3712
2015-01-25 00:00:00,18.4678
2015-01-25 01:00:00,18.5191
2015-01-25 02:00:00,18.4216
2015-01-25 03:00:00,18.6539
2015-01-25 04:00:00,18.4005
2015-01-25 05:00:00,18.5392
2015-01-25 06:00:00,41.0763
2015-01-25 07:00:00,119.6065
2015-01-25 08:00:00,50.2702
2015-01-25 09:00:00,120.6676
2015-01-25 10:00:00,157.6424
2015-01-25 11:00:00,162.7008
2015-01-25 12:00:00,161.6851
2015-01-25 13:00:00,147.6489
2015-01-25 14:00:00,147.5314
2015-01-25 15:00:00,133.3184
2015-01-25 16:00:00,38.5726
2015-01-25 17:00:00,44.5193
2015-01-25 18:00:00,18.2369
2015-01-25 19:00:00,18.2755
2015-01-25 20:00:00,37.3259
2015-01-25 21:00:00,67.7749
2015-01-25 22:00:00,37.0263
2015-01-25 23:00:00,18.3712
2015-01-26 00:00:00,18.4678
2015-01-26 01:00:00,18.5191
2015-01-26 02:00:00,18.4216
2015-01-26 03:00:00,18.6539
2015-01-26 04:00:00,18.4005
2015-01-26 05:00:00,18.5392
2015-01-26 06:00:00,41.0763
2015-01-26 07:00:00,119.6065
2015-01-26 08:00:00,50.2702
2015-01-26 09:00:00,120.6676
2015-01-26 10:00:00,157.6424
2015-01-26 11:00:00,162.7008
2015-01-26 12:00:00,161.6851
2015-01-26 13:00:00,147.6489
2015-01-26 14:00:00,147.5314
2015-01-26 15:00:00,133.3184
2015-01-26 16:00:00,38.5726
2015-01-26 17:00:00,44.5193
2015-01-26 18:00:00,18.2369
2015-01-26 19:00:00,18.2755
2015-01-26 20:00:00,37.3259
2015-01-26 21:00:00,67.7749
2015-01-26 22:00:00,37.0263
2015-01-26 23:00:00,18.3712
2015-01-27 00:00:00,18.4678
2015-01-27 01:00:00,18.5191
2015-01-27 02:00:00,18.4216
2015-01-27 03:00:00,18.6539
2015-01-27 04:00:00,18.4005
2015-01-27 05:00:00,18.5392
2015-01-27 06:00:00,41.0763
2015-01-27 07:00:00,119.6065
2015-01-27 08:00:00,50.2702
2015-01-27 09:00:00,120.6676
2015-01-27 10:00:00,157.6424
2015-01-27 11:00:00,162.7008
2015-01-27 12:00:00,161.6851
2015-01-27 13:00:00,147.6489
2015-01-27 14:00:00,147.5314
2015-01-27 15:00:00,133.3184
2015-01-27 16:00:00,38.5726
2015-01-27 17:00:00,44.5193
2015-01-27 18:00:00,18.2369
2015-01-27 19:00:00,18.2755
2015-01-27 20:00:00,37.3259
2015-01-27 21:00:00,67.7749
2015-01-27 22:00:00,37.0263
2015-01-27 23:00:00,18.3712
2015-01-28 00:00:00,18.4678
2015-01-28 01:00:00,18.5191
2015-01-28 02:00:00,18.4216
2015-01-28 03:00:00,18.6539
2015-01-28 04:00:00,18.4005
2015-01-28 05:00:00,18.5392
2015-01-28 06:00:00,41.0763
2015-01-28 07:00:00,119.6065
2015-01-28 08:00:00,50.2702
2015-01-28 09:00:00,120.6676
2015-01-28 10:00:00,157.6424
2015-01-28 11:00:00,162.7008
2015-01-28 12:00:00,161.6851
2015-01-28 13:00:00,147.6489
2015-01-28 14:00:00,147.5314
2015-01-28 15:00:00,133.3184
2015-01-28 16:00:00,38.5726
2015-01-28 17:00:00,44.5193
2015-01-28 18:00:00,18.2369
2015-01-28 19:00:00,18.2755
2015-01-28 20:00:00,37.3259
2015-01-28 21:00:00,67.7749
2015-01-28 22:00:00,37.0263
2015-01-28 23:00:00,18.3712
2015-01-29 00:00:00,18.4678
2015-01-29 01:00:00,18.5191
2015-01-29 02:00:00,18.4216
2015-01-29 03:00:00,18.6539
2015-01-29 04:00:00,18.4005
2015-01-29 05:00:00,18.5392
2015-01-29 06:00:00,41.0763
2015-01-29 07:00:00,119.6065
2015-01-29 08:00:00,50.2702
2015-01-29 09:00:00,120.6676
2015-01-29 10:00:00,157.6424
2015-01-29 11:00:00,162.7008
2015-01-29 12:00:00,161.6851
2015-01-29 13:00:00,147.6489
2015-01-29 14:00:00,147.5314
2015-01-29 15:00:00,133.3184
2015-01-29 16:00:00,38.5726
2015-01-29 17:00:00,44.5193
2015-01-29 18:00:00,18.2369
2015-01-29 19:00:00,18.2755
2015-01-29 20:00:00,37.3259
2015-01-29 21:00:00,67.7749
2015-01-29 22:00:00,37.0263
2015-01-29 23:00:00,18.3712
2015-01-30 00:00:00,18.4678
2015-01-30 01:00:00,18.5191
2015-01-30 02:00:00,18.4216
2015-01-30 03:00:00,18.6539
2015-01-30 04:00:00,18.4005
2015-01-30 05:00:00,18.5392
2015-01-30 06:00:00,41.0763
2015-01-30 07:00:00,119.6065
2015-01-30 08:00:00,50.2702
2015-01-30 09:00:00,120.6676
2015-01-30 10:00:00,157.6424
2015-01-30 11:00:00,162.7008
2015-01-30 12:00:00,161.6851
2015-01-30 13:00:00,147.6489
2015-01-30 14:00:00,147.5314
2015-01-30 15:00:00,133.3184
2015-01-30 16:00:00,38.5726
2015-01-30 17:00:00,44.5193
2015-01-30 18:00:00,18.2369
2015-01-30 19:00:00,18.2755
2015-01-30 20:00:00,37.3259
2015-01-30 21:00:00,67.7749
2015-01-30 22:00:00,37.0263
2015-01-30 23:00:00,18.3712
2015-01-31 00:00:00,18.4678
2015-01-31 01:00:00,18.5191
2015-01-31 02:00:00,18.4216
2015-01-31 03:00:00,18.6539
2015-01-31 04:00:00,18.4005
2015-01-31 05:00:00,18.5392
2015-01-31 06:00:00,41.0763
2015-01-31 07:00:00,119.6065
2015-01-31 08:00:00,50.2702
2015-01-31 09:00:00,120.6676
2015-01-31 10:00:00,157.6424
2015-01-31 11:00:00,162.7008
2015-01-31 12:00:00,161.6851
2015-01-31 13:00:00,147.6489
2015-01-31 14:00:00,147.5314
2015-01-31 15:00:00,133.3184
2015-01-31 16:00:00,38.5726
2015-01-31 17:00:00,44.5193
2015-01-31 18:00:00,18.2369
2015-01-31 19:00:00,18.2755
2015-01-31 20:00:00,37.3259
2015-01-31 21:00:00,67.7749
2015-01-31 22:00:00,37.0263
2015-01-31 23:00:00,18.3712
2015-02-01 00:00:00,18.4678
2015-02-01 01:00:00,18.5191
2015-02-01 02:00:00,18.4216
2015-02-01 03:00:00,18.6539
2015-02-01 04:00:00,18.4005
2015-02-01 05:00:00,18.5392
2015-02-01 06:00:00,41.0763
2015-02-01 07:00:00,119.6065
2015-02-01 08:00:00,50.2702
2015-02-01 09:00:00,120.6676
2015-02-01 10:00:00,157.6424
2015-02-01 11:00:00,162.7008
2015-02-01 12:00:00,161.6851
2015-02-01 13:00:00,147.6489
2015-02-01 14:00:00,147.5314
2015-02-01 15:00:00,133.3184
2015-02-01 16:00:00,38.5726
2015-02-01 17:00:00,44.5193
2015-02-01 18:00:00,18.2369
2015-02-01 19:00:00,18.2755
2015-02-01 20:00:00,37.3259
2015-02-01 21:00:00,67.7749
2015-02-01 22:00:00,37.0263
2015-02-01 23:00:00,18.3712
2015-02-02 00:00:00,18.4678
2015-02-02 01:00:00,18.5191
2015-02-02 02:00:00,18.4216
2015-02-02 03:00:00,18.6539
2015-02-02 04:00:00,18.4005
2015-02-02 05:00:00,18.5392
2015-02-02 06:00:00,41.0763
2015-02-02 07:00:00,119.6065
2015-02-02 08:00:00,50.2702
2015-02-02 09:00:00,120.6676
2015-02-02 10:00:00,157.6424
2015-02-02 11:00:00,162.7008
2015-02-02 12:00:00,161.6851
2015-02-02 13:00:00,147.6489
2015-02-02 14:00:00,147.5314
2015-02-02 15:00:00,133.3184
2015-02-02 16:00:00,38.5726
2015-02-02 17:00:00,44.5193
2015-02-02 18:00:00,18.2369
2015-02-02 19:00:00,18.2755
2015-02-02 20:00:00,37.3259
2015-02-02 21:00:00,67.7749
2015-02-02 22:00:00,37.0263
2015-02-02 23:00:00,18.3712
2015-02-03 00:00:00,18.4678
2015-02-03 01:00:00,18.5191
2015-02-03 02:00:00,18.4216
2015-02-03 03:00:00,18.6539
2015-02-03 04:00:00,18.4005
2015-02-03 05:00:00,18.5392
2015-02-03 06:00:00,41.0763
2015-02-03 07:00:00,119.6065
2015-02-03 08:00:00,50.2702
2015-02-03 09:00:00,120.6676
2015-02-03 10:00:00,157.6424
2015-02-03 11:00:00,162.7008
2015-02-03 12:00:00,161.6851
2015-02-03 13:00:00,147.6489
2015-02-03 14:00:00,147.5314
2015-02-03 15:00:00,133.3184
2015-02-03 16:00:00,38.5726
2015-02-03 17:00:00,44.5193
2015-02-03 18:00:00,18.2369
2015-02-03 19:00:00,18.2755
2015-02-03 20:00:00,37.3259
2015-02-03 21:00:00,67.7749
2015-02-03 22:00:00,37.0263
2015-02-03 23:00:00,18.3712
2015-02-04 00:00:00,18.4678
2015-02-04 01:00:00,18.5191
2015-02-04 02:00:00,18.4216
2015-02-04 03:00:00,18.6539
2015-02-04 04:00:00,18.4005
2015-02-04 05:00:00,18.5392
2015-02-04 06:00:00,41.0763
2015-02-04 07:00:00,119.6065
2015-02-04 08:00:00,50.2702
2015-02-04 09:00:00,120.6676
2015-02-04 10:00:00,157.6424
2015-02-04 11:00:00,162.7008
2015-02-04 12:00:00,161.6851
2015-02-04 13:00:00,147.6489
2015-02-04 14:00:00,147.5314
2015-02-04 15:00:00,133.3184
2015-02-04 16:00:00,38.5726
2015-02-04 17:00:00,44.5193
2015-02-04 18:00:00,18.2369
2015-02-04 19:00:00,18.2755
2015-02-04 20:00:00,37.3259
2015-02-04 21:00:00,67.7749
2015-02-04 22:00:00,37.0263
2015-02-04 23:00:00,18.3712
2015-02-05 00:00:00,18.4678
2015-02-05 01:00:00,18.5191
2015-02-05 02:00:00,18.4216
2015-02-05 03:00:00,18.6539
2015-02-05 04:00:00,18.4005
2015-02-05 05:00:00,18.5392
2015-02-05 06:00:00,41.0763
2015-02-05 07:00:00,119.6065
2015-02-05 08:00:00,50.2702
2015-02-05 09:00:00,120.6676
2015-02-05 10:00:00,157.6424
2015-02-05 11:00:00,162.7008
2015-02-05 12:00:00,161.6851
2015-02-05 13:00:00,147.6489
2015-02-05 14:00:00,147.5314
2015-02-05 15:00:00,133.3184
2015-02-05 16:00:00,38.5726
2015-02-05 17:00:00,44.5193
2015-02-05 18:00:00,18.2369
2015-02-05 19:00:00,18.2755
2015-02-05 20:00:00,37.3259
2015-02-05 21:00:00,67.7749
2015-02-05 22:00:00,37.0263
2015-02-05 23:00:00,18.3712
2015-02-06 00:00:00,18.4678
2015-02-06 01:00:00,18.5191
2015-02-06 02:00:00,18.4216
2015-02-06 03:00:00,18.6539
2015-02-06 04:00:00,18.4005
2015-02-06 05:00:00,18.5392
2015-02-06 06:00:00,41.0763
2015-02-06 07:00:00,119.6065
2015-02-06 08:00:00,50.2702
2015-02-06 09:00:00,120.6676
2015-02-06 10:00:00,157.6424
2015-02-06 11:00:00,162.7008
2015-02-06 12:00:00,161.6851
2015-02-06 13:00:00,147.6489
2015-02-06 14:00:00,147.5314
2015-02-06 15:00:00,133.3184
2015-02-06 16:00:00,38.5726
2015-02-06 17:00:00,44.5193
2015-02-06 18:00:00,18.2369
2015-02-06 19:00:00,18.2755
2015-02-06 20:00:00,37.3259
2015-02-06 21:00:00,67.7749
2015-02-06 22:00:00,37.0263
2015-02-06 23:00:00,18.3712
2015-02-07 00:00:00,18.4678
2015-02-07 01:00:00,18.5191
2015-02-07 02:00:00,18.4216
2015-02-07 03:00:00,18.6539
2015-02-07 04:00:00,18.4005
2015-02-07 05:00:00,18.5392
2015-02-07 06:00:00,41.0763
2015-02-07 07:00:00,119.6065
2015-02-07 08:00:00,50.2702
2015-02-07 09:00:00,120.6676
2015-02-07 10:00:00,157.6424
2015-02-07 11:00:00,162.7008
2015-02-07 12:00:00,161.6851
2015-02-07 13:00:00,147.6489
2015-02-07 14:00:00,147.5314
2015-02-07 15:00:00,133.3184
2015-02-07 16:00:00,38.5726
2015-02-07 17:00:00,44.5193
2015-02-07 18:00:00,18.2369
2015-02-07 19:00:00,18.2755
2015-02-07 20:00:00,37.3259
2015-02-07 21:00:00,67.7749
2015-02-07 22:00:00,37.0263
2015-02-07 23:00:00,18.3712
2015-02-08 00:00:00,18.4678
2015-02-08 01:00:00,18.5191
2015-02-08 02:00:00,18.4216
2015-02-08 03:00:00,18.6539
2015-02-08 04:00:00,18.4005
2015-02-08 05:00:00,18.5392
2015-02-08 06:00:00,41.0763
2015-02-08 07:00:00,119.6065
2015-02-08 08:00:00,50.2702
2015-02-08 09:00:00,120.6676
2015-02-08 10:00:00,157.6424
2015-02-08 11:00:00,162.7008
2015-02-08 12:00:00,161.6851
2015-02-08 13:00:00,147.6489
2015-02-08 14:00:00,147.5314
2015-02-08 15:00:00,133.3184
2015-02-08 16:00:00,38.5726
2015-02-08 17:00:00,44.5193
2015-02-08 18:00:00,18.2369
2015-02-08 19:00:00,18.2755
2015-02-08 20:00:00,37.3259
2015-02-08 21:00:00,67.7749
2015-02-08 22:00:00,37.0263
2015-02-08 23:00:00,18.3712
2015-02-09 00:00:00,18.4678
2015-02-09 01:00:00,18.5191
2015-02-09 02:00:00,18.4216
2015-02-09 03:00:00,18.6539
2015-02-09 04:00:00,18.4005
2015-02-09 05:00:00,18.5392
2015-02-09 06:00:00,41.0763
2015-02-09 07:00:00,119.6065
2015-02-09 08:00:00,50.2702
2015-02-09 09:00:00,120.6676
2015-02-09 10:00:00,157.6424
2015-02-09 11:00:00,162.7008
2015-02-09 12:00:00,161.6851
2015-02-09 13:00:00,147.6489
2015-02-09 14:00:00,147.5314
2015-02-09 15:00:00,133.3184
2015-02-09 16:00:00,38.5726
2015-02-09 17:00:00,44.5193
2015-02-09 18:00:00,18.2369
2015-02-09 19:00:00,18.2755
2015-02-09 20:00:00,37.3259
2015-02-09 21:00:00,67.7749
2015-02-09 22:00:00,37.0263
2015-02-09 23:00:00,18.3712
2015-02-10 00:00:00,18.4678
2015-02-10 01:00:00,18.5191
2015-02-10 02:00:00,18.4216
2015-02-10 03:00:00,18.6539
2015-02-10 04:00:00,18.4005
2015-02-10 05:00:00,18.5392
2015-02-10 06:00:00,41.0763
2015-02-10 07:00:00,119.6065
2015-02-10 08:00:00,50.2702
2015-02-10 09:00:00,120.6676
2015-02-10 10:00:00,157.6424
2015-02-10 11:00:00,162.7008
2015-02-10 12:00:00,161.6851
2015-02-10 13:00:00,147.6489
2015-02-10 14:00:00,147.5314
2015-02-10 15:00:00,133.3184
2015-02-10 16:00:00,38.5726
2015-02-10 17:00:00,44.5193
2015-02-10 18:00:00,18.2369
2015-02-10 19:00:00,18.2755
2015-02-10 20:00:00,37.3259
2015-02-10 21:00:00,67.7749
2015-02-10 22:00:00,37.0263
2015-02-10 23:00:00,18.3712
2015-02-11 00:00:00,18.4678
2015-02-11 01:00:00,18.5191
2015-02-11 02:00:00,18.4216
2015-02-11 03:00:00,18.6539
2015-02-11 04:00:00,18.4005
2015-02-11 05:00:00,18.5392
2015-02-11 06:00:00,41.0763
2015-02-11 07:00:00,119.6065
2015-02-11 08:00:00,50.2702
2015-02-11 09:00:00,120.6676
2015-02-11 10:00:00,157.6424
2015-02-11 11:00:00,162.7008
2015-02-11 12:00:00,161.6851
2015-02-11 13:00:00,147.6489
2015-02-11 14:00:00,147.5314
2015-02-11 15:00:00,133.3184
2015-02-11 16:00:00,38.5726
2015-02-11 17:00:00,44.5193
2015-02-11 18:00:00,18.2369
2015-02-11 19:00:00,18.2755
2015-02-11 20:00:00,37.3259
2015-02-11 21:00:00,67.7749
2015-02-11 22:00:00,37.0263
2015-02-11 23:00:00,18.3712
2015-02-12 00:00:00,18.4678
2015-02-12 01:00:00,18.5191
2015-02-12 02:00:00,18.4216
2015-02-12 03:00:00,18.6539
2015-02-12 04:00:00,18.4005
2015-02-12 05:00:00,18.5392
2015-02-12 06:00:00,41.0763
2015-02-12 07:00:00,119.6065
2015-02-12 08:00:00,50.2702
2015-02-12 09:00:00,120.6676
2015-02-12 10:00:00,157.6424
2015-02-12 11:00:00,162.7008
2015-02-12 12:00:00,161.6851
2015-02-12 13:00:00,147.6489
2015-02-12 14:00:00,147.5314
2015-02-12 15:00:00,133.3184
2015-02-12 16:00:00,38.5726
2015-02-12 17:00:00,44.5193
2015-02-12 18:00:00,18.2369
2015-02-12 19:00:00,18.2755
2015-02-12 20:00:00,37.3259
2015-02-12 21:00:00,67.7749
2015-02-12 22:00:00,37.0263
2015-02-12 23:00:00,18.3712
2015-02-13 00:00:00,18.4678
2015-02-13 01:00:00,18.5191
2015-02-13 02:00:00,18.4216
2015-02-13 03:00:00,18.6539
2015-02-13 04:00:00,18.4005
2015-02-13 05:00:00,18.5392
2015-02-13 06:00:00,41.0763
2015-02-13 07:00:00,119.6065
2015-02-13 08:00:00,50.2702
2015-02-13 09:00:00,120.6676
2015-02-13 10:00:00,157.6424
2015-02-13 11:00:00,162.7008
2015-02-13 12:00:00,161.6851
2015-02-13 13:00:00,147.6489
2015-02-13 14:00:00,147.5314
2015-02-13 15:00:00,133.3184
2015-02-13 16:00:00,38.5726
2015-02-13 17:00:00,44.5193
2015-02-13 18:00:00,18.2369
2015-02-13 19:00:00,18.2755
2015-02-13 20:00:00,37.3259
2015-02-13 21:00:00,67.7749
2015-02-13 22:00:00,37.0263
2015-02-13 23:00:00,18.3712
2015-02-14 00:00:00,18.4678
2015-02-14 01:00:00,18.5191
2015-02-14 02:00:00,18.4216
2015-02-14 03:00:00,18.6539
2015-02-14 04:00:00,18.4005
2015-02-14 05:00:00,18.5392
2015-02-14 06:00:00,41.0763
2015-02-14 07:00:00,119.6065
2015-02-14 08:00:00,50.2702
2015-02-14 09:00:00,120.6676
2015-02-14 10:00:00,157.6424
2015-02-14 11:00:00,162.7008
2015-02-14 12:00:00,161.6851
2015-02-14 13:00:00,147.6489
2015-02-14 14:00:00,147.5314
2015-02-14 15:00:00,133.3184
2015-02-14 16:00:00,38.5726
2015-02-14 17:00:00,44.5193
2015-02-14 18:00:00,18.2369
2015-02-14 19:00:00,18.2755
2015-02-14 20:00:00,37.3259
2015-02-14 21:00:00,67.7749
2015-02-14 22:00:00,37.0263
2015-02-14 23:00:00,18.3712
2015-02-15 00:00:00,18.4678
2015-02-15 01:00:00,18.5191
2015-02-15 02:00:00,18.4216
2015-02-15 03:00:00,18.6539
2015-02-15 04:00:00,18.4005
2015-02-15 05:00:00,18.5392
2015-02-15 06:00:00,41.0763
2015-02-15 07:00:00,119.6065
2015-02-15 08:00:00,50.2702
2015-02-15 09:00:00,120.6676
2015-02-15 10:00:00,157.6424
2015-02-15 11:00:00,162.7008
2015-02-15 12:00:00,161.6851
2015-02-15 13:00:00,147.6489
2015-02-15 14:00:00,147.5314
2015-02-15 15:00:00,133.3184
2015-02-15 16:00:00,38.5726
2015-02-15 17:00:00,44.5193
2015-02-15 18:00:00,18.2369
2015-02-15 19:00:00,18.2755
2015-02-15 20:00:00,37.3259
2015-02-15 21:00:00,67.7749
2015-02-15 22:00:00,37.0263
2015-02-15 23:00:00,18.3712
2015-02-16 00:00:00,18.4678
2015-02-16 01:00:00,18.5191
2015-02-16 02:00:00,18.4216
2015-02-16 03:00:00,18.6539
2015-02-16 04:00:00,18.4005
2015-02-16 05:00:00,18.5392
2015-02-16 06:00:00,41.0763
2015-02-16 07:00:00,119.6065
2015-02-16 08:00:00,50.2702
2015-02-16 09:00:00,120.6676
2015-02-16 10:00:00,157.6424
2015-02-16 11:00:00,162.7008
2015-02-16 12:00:00,161.6851
2015-02-16 13:00:00,147.6489
2015-02-16 14:00:00,147.5314
2015-02-16 15:00:00,133.3184
2015-02-16 16:00:00,38.5726
2015-02-16 17:00:00,44.5193
2015-02-16 18:00:00,18.2369
2015-02-16 19:00:00,18.2755
2015-02-16 20:00:00,37.3259
2015-02-16 21:00:00,67.7749
2015-02-16 22:00:00,37.0263
2015-02-16 23:00:00,18.3712
2015-02-17 00:00:00,18.4678
2015-02-17 01:00:00,18.5191
2015-02-17 02:00:00,18.4216
2015-02-17 03:00:00,18.6539
2015-02-17 04:00:00,18.4005
2015-02-17 05:00:00,18.5392
2015-02-17 06:00:00,41.0763
2015-02-17 07:00:00,119.6065
2015-02-17 08:00:00,50.2702
2015-02-17 09:00:00,120.6676
2015-02-17 10:00:00,157.6424
2015-02-17 11:00:00,162.7008
2015-02-17 12:00:00,161.6851
2015-02-17 13:00:00,147.6489
2015-02-17 14:00:00,147.5314
2015-02-17 15:00:00,133.3184
2015-02-17 16:00:00,38.5726
2015-02-17 17:00:00,44.5193
2015-02-17 18:00:00,18.2369
2015-02-17 19:00:00,18.2755
2015-02-17 20:00:00,37.3259
2015-02-17 21:00:00,67.7749
2015-02-17 22:00:00,37.0263
2015-02-17 23:00:00,18.3712
2015-02-18 00:00:00,18.4678
2015-02-18 01:00:00,18.5191
2015-02-18 02:00:00,18.4216
2015-02-18 03:00:00,18.6539
2015-02-18 04:00:00,18.4005
2015-02-18 05:00:00,18.5392
2015-02-18 06:00:00,41.0763
2015-02-18 07:00:00,119.6065
2015-02-18 08:00:00,50.2702
2015-02-18 09:00:00,120.6676
2015-02-18 10:00:00,157.6424
2015-02-18 11:00:00,162.7008
2015-02-18 12:00:00,161.6851
2015-02-18 13:00:00,147.6489
2015-02-18 14:00:00,147.5314
2015-02-18 15:00:00,133.3184
2015-02-18 16:00:00,38.5726
2015-02-18 17:00:00,44.5193
2015-02-18 18:00:00,18.2369
2015-02-18 19:00:00,18.2755
2015-02-18 20:00:00,37.3259
2015-02-18 21:00:00,67.7749
2015-02-18 22:00:00,37.0263
2015-02-18 23:00:00,18.3712
2015-02-19 00:00:00,18.4678
2015-02-19 01:00:00,18.5191
2015-02-19 02:00:00,18.4216
2015-02-19 03:00:00,18.6539
2015-02-19 04:00:00,18.4005
2015-02-19 05:00:00,18.5392
2015-02-19 06:00:00,41.0763
2015-02-19 07:00:00,119.6065
2015-02-19 08:00:00,50.2702
2015-02-19 09:00:00,120.6676
2015-02-19 10:00:00,157.6424
2015-02-19 11:00:00,162.7008
2015-02-19 12:00:00,161.6851
2015-02-19 13:00:00,147.6489
2015-02-19 14:00:00,147.5314
2015-02-19 15:00:00,133.3184
2015-02-19 16:00:00,38.5726
2015-02-19 17:00:00,44.5193
2015-02-19 18:00:00,18.2369
2015-02-19 19:00:00,18.2755
2015-02-19 20:00:00,37.3259
2015-02-19 21:00:00,67.7749
2015-02-19 22:00:00,37.0263
2015-02-19 23:00:00,18.3712
2015-02-20 00:00:00,18.4678
2015-02-20 01:00:00,18.5191
2015-02-20 02:00:00,18.4216
2015-02-20 03:00:00,18.6539
2015-02-20 04:00:00,18.4005
2015-02-20 05:00:00,18.5392
2015-02-20 06:00:00,41.0763
2015-02-20 07:00:00,119.6065
2015-02-20 08:00:00,50.2702
2015-02-20 09:00:00,120.6676
2015-02-20 10:00:00,157.6424
2015-02-20 11:00:00,162.7008
2015-02-20 12:00:00,161.6851
2015-02-20 13:00:00,147.6489
2015-02-20 14:00:00,147.5314
2015-02-20 15:00:00,133.3184
2015-02-20 16:00:00,38.5726
2015-02-20 17:00:00,44.5193
2015-02-20 18:00:00,18.2369
2015-02-20 19:00:00,18.2755
2015-02-20 20:00:00,37.3259
2015-02-20 21:00:00,67.7749
2015-02-20 22:00:00,37.0263
2015-02-20 23:00:00,18.3712
2015-02-21 00:00:00,18.4678
2015-02-21 01:00:00,18.5191
2015-02-21 02:00:00,18.4216
2015-02-21 03:00:00,18.6539
2015-02-21 04:00:00,18.4005
2015-02-21 05:00:00,18.5392
2015-02-21 06:00:00,41.0763
2015-02-21 07:00:00,119.6065
2015-02-21 08:00:00,50.2702
2015-02-21 09:00:00,120.6676
2015-02-21 10:00:00,157.6424
2015-02-21 11:00:00,162.7008
2015-02-21 12:00:00,161.6851
2015-02-21 13:00:00,147.6489
2015-02-21 14:00:00,147.5314
2015-02-21 15:00:00,133.3184
2015-02-21 16:00:00,38.5726
2015-02-21 17:00:00,44.5193
2015-02-21 18:00:00,18.2369
2015-02-21 19:00:00,18.2755
2015-02-21 20:00:00,37.3259
2015-02-21 21:00:00,67.7749
2015-02-21 22:00:00,37.0263
2015-02-21 23:00:00,18.3712
2015-02-22 00:00:00,18.4678
2015-02-22 01:00:00,18.5191
2015-02-22 02:00:00,18.4216
2015-02-22 03:00:00,18.6539
2015-02-22 04:00:00,18.4005
2015-02-22 05:00:00,18.5392
2015-02-22 06:00:00,41.0763
2015-02-22 07:00:00,119.6065
2015-02-22 08:00:00,50.2702
2015-02-22 09:00:00,120.6676
2015-02-22 10:00:00,157.6424
2015-02-22 11:00:00,162.7008
2015-02-22 12:00:00,161.6851
2015-02-22 13:00:00,147.6489
2015-02-22 14:00:00,147.5314
2015-02-22 15:00:00,133.3184
2015-02-22 16:00:00,38.5726
2015-02-22 17:00:00,44.5193
2015-02-22 18:00:00,18.2369
2015-02-22 19:00:00,18.2755
2015-02-22 20:00:00,37.3259
2015-02-22 21:00:00,67.7749
2015-02-22 22:00:00,37.0263
2015-02-22 23:00:00,18.3712
2015-02-23 00:00:00,18.4678
2015-02-23 01:00:00,18.5191
2015-02-23 02:00:00,18.4216
2015-02-23 03:00:00,18.6539
2015-02-23 04:00:00,18.4005
2015-02-23 05:00:00,18.5392
2015-02-23 06:00:00,41.0763
2015-02-23 07:00:00,119.6065
2015-02-23 08:00:00,50.2702
2015-02-23 09:00:00,120.6676
2015-02-23 10:00:00,157.6424
2015-02-23 11:00:00,162.7008
2015-02-23 12:00:00,161.6851
2015-02-23 13:00:00,147.6489
2015-02-23 14:00:00,147.5314
2015-02-23 15:00:00,133.3184
2015-02-23 16:00:00,38.5726
2015-02-23 17:00:00,44.5193
2015-02-23 18:00:00,18.2369
2015-02-23 19:00:00,18.2755
2015-02-23 20:00:00,37.3259
2015-02-23 21:00:00,67.7749
2015-02-23 22:00:00,37.0263
2015-02-23 23:00:00,18.3712
2015-02-24 00:00:00,18.4678
2015-02-24 01:00:00,18.5191
2015-02-24 02:00:00,18.4216
2015-02-24 03:00:00,18.6539
2015-02-24 04:00:00,18.4005
2015-02-24 05:00:00,18.5392
2015-02-24 06:00:00,41.0763
2015-02-24 07:00:00,119.6065
2015-02-24 08:00:00,50.2702
2015-02-24 09:00:00,120.6676
2015-02-24 10:00:00,157.6424
2015-02-24 11:00:00,162.7008
2015-02-24 12:00:00,161.6851
2015-02-24 13:00:00,147.6489
2015-02-24 14:00:00,147.5314
2015-02-24 15:00:00,133.3184
2015-02-24 16:00:00,38.5726
2015-02-24 17:00:00,44.5193
2015-02-24 18:00:00,18.2369
2015-02-24 19:00:00,18.2755
2015-02-24 20:00:00,37.3259
2015-02-24 21:00:00,67.7749
2015-02-24 22:00:00,37.0263
2015-02-24 23:00:00,18.3712
2015-02-25 00:00:00,18.4678
2015-02-25 01:00:00,18.5191
2015-02-25 02:00:00,18.4216
2015-02-25 03:00:00,18.6539
2015-02-25 04:00:00,18.4005
2015-02-25 05:00:00,18.5392
2015-02-25 06:00:00,41.0763
2015-02-25 07:00:00,119.6065
2015-02-25 08:00:00,50.2702
2015-02-25 09:00:00,120.6676
2015-02-25 10:00:00,157.6424
2015-02-25 11:00:00,162.7008
2015-02-25 12:00:00,161.6851
2015-02-25 13:00:00,147.6489
2015-02-25 14:00:00,147.5314
2015-02-25 15:00:00,133.3184
2015-02-25 16:00:00,38.5726
2015-02-25 17:00:00,44.5193
2015-02-25 18:00:00,18.2369
2015-02-25 19:00:00,18.2755
2015-02-25 20:00:00,37.3259
2015-02-25 21:00:00,67.7749
2015-02-25 22:00:00,37.0263
2015-02-25 23:00:00,18.3712
2015-02-26 00:00:00,18.4678
2015-02-26 01:00:00,18.5191
2015-02-26 02:00:00,18.4216
2015-02-26 03:00:00,18.6539
2015-02-26 04:00:00,18.4005
2015-02-26 05:00:00,18.5392
2015-02-26 06:00:00,41.0763
2015-02-26 07:00:00,119.6065
2015-02-26 08:00:00,50.2702
2015-02-26 09:00:00,120.6676
2015-02-26 10:00:00,157.6424
2015-02-26 11:00:00,162.7008
2015-02-26 12:00:00,161.6851
2015-02-26 13:00:00,147.6489
2015-02-26 14:00:00,147.5314
2015-02-26 15:00:00,133.3184
2015-02-26 16:00:00,38.5726
2015-02-26 17:00:00,44.5193
2015-02-26 18:00:00,18.2369
2015-02-26 19:00:00,18.2755
2015-02-26 20:00:00,37.3259
2015-02-26 21:00:00,67.7749
2015-02-26 22:00:00,37.0263
2015-02-26 23:00:00,18.3712
2015-02-27 00:00:00,18.4678
2015-02-27 01:00:00,18.5191
2015-02-27 02:00:00,18.4216
2015-02-27 03:00:00,18.6539
2015-02-27 04:00:00,18.4005
2015-02-27 05:00:00,18.5392
2015-02-27 06:00:00,41.0763
2015-02-27 07:00:00,119.6065
2015-02-27 08:00:00,50.2702
2015-02-27 09:00:00,120.6676
2015-02-27 10:00:00,157.6424
2015-02-27 11:00:00,162.7008
2015-02-27 12:00:00,161.6851
2015-02-27 13:00:00,147.6489
2015-02-27 14:00:00,147.5314
2015-02-27 15:00:00,133.3184
2015-02-27 16:00:00,38.5726
2015-02-27 17:00:00,44.5193
2015-02-27 18:00:00,18.2369
2015-02-27 19:00:00,18.2755
2015-02-27 20:00:00,37.3259
2015-02-27 21:00:00,67.7749
2015-02-27 22:00:00,37.0263
2015-02-27 23:00:00,18.3712
2015-02-28 00:00:00,18.4678
2015-02-28 01:00:00,18.5191
2015-02-28 02:00:00,18.4216
2015-02-28 03:00:00,18.6539
2015-02-28 04:00:00,18.4005
2015-02-28 05:00:00,18.5392
2015-02-28 06:00:00,41.0763
2015-02-28 07:00:00,119.6065
2015-02-28 08:00:00,50.2702
2015-02-28 09:00:00,120.6676
2015-02-28 10:00:00,157.6424
2015-02-28 11:00:00,162.7008
2015-02-28 12:00:00,161.6851
2015-02-28 13:00:00,147.6489
2015-02-28 14:00:00,147.5314
2015-02-28 15:00:00,133.3184
2015-02-28 16:00:00,38.5726
2015-02-28 17:00:00,44.5193
2015-02-28 18:00:00,18.2369
2015-02-28 19:00:00,18.2755
2015-02-28 20:00:00,37.3259
2015-02-28 21:00:00,67.7749
2015-02-28 22:00:00,37.0263
2015-02-28 23:00:00,18.3712
2015-03-01 00:00:00,18.4678
2015-03-01 01:00:00,18.5191
2015-03-01 02:00:00,18.4216
2015-03-01 03:00:00,18.6539
2015-03-01 04:00:00,18.4005
2015-03-01 05:00:00,18.5392
2015-03-01 06:00:00,41.0763
2015-03-01 07:00:00,119.6065
2015-03-01 08:00:00,50.2702
2015-03-01 09:00:00,120.6676
2015-03-01 10:00:00,157.6424
2015-03-01 11:00:00,162.7008
2015-03-01 12:00:00,161.6851
2015-03-01 13:00:00,147.6489
2015-03-01 14:00:00,147.5314
2015-03-01 15:00:00,133.3184
2015-03-01 16:00:00,38.5726
2015-03-01 17:00:00,44.5193
2015-03-01 18:00:00,18.2369
2015-03-01 19:00:00,18.2755
2015-03-01 20:00:00,37.3259
2015-03-01 21:00:00,67.7749
2015-03-01 22:00:00,37.0263
2015-03-01 23:00:00,18.3712
2015-03-02 00:00:00,18.4678
2015-03-02 01:00:00,18.5191
2015-03-02 02:00:00,18.4216
2015-03-02 03:00:00,18.6539
2015-03-02 04:00:00,18.4005
2015-03-02 05:00:00,18.5392
2015-03-02 06:00:00,41.0763
2015-03-02 07:00:00,119.6065
2015-03-02 08:00:00,50.2702
2015-03-02 09:00:00,120.6676
2015-03-02 10:00:00,157.6424
2015-03-02 11:00:00,162.7008
2015-03-02 12:00:00,161.6851
2015-03-02 13:00:00,147.6489
2015-03-02 14:00:00,147.5314
2015-03-02 15:00:00,133.3184
2015-03-02 16:00:00,38.5726
2015-03-02 17:00:00,44.5193
2015-03-02 18:00:00,18.2369
2015-03-02 19:00:00,18.2755
2015-03-02 20:00:00,37.3259
2015-03-02 21:00:00,67.7749
2015-03-02 22:00:00,37.0263
2015-03-02 23:00:00,18.3712
2015-03-03 00:00:00,18.4678
2015-03-03 01:00:00,18.5191
2015-03-03 02:00:00,18.4216
2015-03-03 03:00:00,18.6539
2015-03-03 04:00:00,18.4005
2015-03-03 05:00:00,18.5392
2015-03-03 06:00:00,41.0763
2015-03-03 07:00:00,119.6065
2015-03-03 08:00:00,50.2702
2015-03-03 09:00:00,120.6676
2015-03-03 10:00:00,157.6424
2015-03-03 11:00:00,162.7008
2015-03-03 12:00:00,161.6851
2015-03-03 13:00:00,147.6489
2015-03-03 14:00:00,147.5314
2015-03-03 15:00:00,133.3184
2015-03-03 16:00:00,38.5726
2015-03-03 17:00:00,44.5193
2015-03-03 18:00:00,18.2369
2015-03-03 19:00:00,18.2755
2015-03-03 20:00:00,37.3259
2015-03-03 21:00:00,67.7749
2015-03-03 22:00:00,37.0263
2015-03-03 23:00:00,18.3712
2015-03-04 00:00:00,18.4678
2015-03-04 01:00:00,18.5191
2015-03-04 02:00:00,18.4216
2015-03-04 03:00:00,18.6539
2015-03-04 04:00:00,18.4005
2015-03-04 05:00:00,18.5392
2015-03-04 06:00:00,41.0763
2015-03-04 07:00:00,119.6065
2015-03-04 08:00:00,50.2702
2015-03-04 09:00:00,120.6676
2015-03-04 10:00:00,157.6424
2015-03-04 11:00:00,162.7008
2015-03-04 12:00:00,161.6851
2015-03-04 13:00:00,147.6489
2015-03-04 14:00:00,147.5314
2015-03-04 15:00:00,133.3184
2015-03-04 16:00:00,38.5726
2015-03-04 17:00:00,44.5193
2015-03-04 18:00:00,18.2369
2015-03-04 19:00:00,18.2755
2015-03-04 20:00:00,37.3259
2015-03-04 21:00:00,67.7749
2015-03-04 22:00:00,37.0263
2015-03-04 23:00:00,18.3712
2015-03-05 00:00:00,18.4678
2015-03-05 01:00:00,18.5191
2015-03-05 02:00:00,18.4216
2015-03-05 03:00:00,18.6539
2015-03-05 04:00:00,18.4005
2015-03-05 05:00:00,18.5392
2015-03-05 06:00:00,41.0763
2015-03-05 07:00:00,119.6065
2015-03-05 08:00:00,50.2702
2015-03-05 09:00:00,120.6676
2015-03-05 10:00:00,157.6424
2015-03-05 11:00:00,162.7008
2015-03-05 12:00:00,161.6851
2015-03-05 13:00:00,147.6489
2015-03-05 14:00:00,147.5314
2015-03-05 15:00:00,133.3184
2015-03-05 16:00:00,38.5726
2015-03-05 17:00:00,44.5193
2015-03-05 18:00:00,18.2369
2015-03-05 19:00:00,18.2755
2015-03-05 20:00:00,37.3259
2015-03-05 21:00:00,67.7749
2015-03-05 22:00:00,1.009
2015-03-05 23:00:00,1.0125
2015-03-06 00:00:00,0.9996
2015-03-06 01:00:00,1.0014
2015-03-06 02:00:00,1.0039
2015-03-06 03:00:00,1.0094
2015-03-06 04:00:00,1.0144
2015-03-06 05:00:00,1.0137
2015-03-06 06:00:00,1.0199
2015-03-06 07:00:00,33.95
2015-03-06 08:00:00,57.9523
2015-03-06 09:00:00,61.7227
2015-03-06 10:00:00,63.7459
2015-03-06 11:00:00,67.5139
2015-03-06 12:00:00,166.3783
2015-03-06 13:00:00,160.3615
2015-03-06 14:00:00,176.5276
2015-03-06 15:00:00,201.4035
2015-03-06 16:00:00,70.8009
2015-03-06 17:00:00,64.8333
2015-03-06 18:00:00,57.9598
2015-03-06 19:00:00,128.3136
2015-03-06 20:00:00,167.3588
2015-03-06 21:00:00,165.86
2015-03-06 22:00:00,235.422
2015-03-06 23:00:00,65.8009
2015-03-07 00:00:00,58.2845
2015-03-07 01:00:00,63.9286
2015-03-07 02:00:00,55.8084
2015-03-07 03:00:00,61.6637
2015-03-07 04:00:00,59.0868
2015-03-07 05:00:00,62.9048
2015-03-07 06:00:00,175.2694
2015-03-07 07:00:00,168.0906
2015-03-07 08:00:00,93.3094
2015-03-07 09:00:00,60.3511
2015-03-07 10:00:00,64.538
2015-03-07 11:00:00,87.476
2015-03-07 12:00:00,168.5867
2015-03-07 13:00:00,123.6359
2015-03-07 14:00:00,76.156
2015-03-07 15:00:00,63.2238
2015-03-07 16:00:00,68.5679
2015-03-07 17:00:00,60.9257
2015-03-07 18:00:00,65.4146
2015-03-07 19:00:00,146.1708
2015-03-07 20:00:00,213.607
2015-03-07 21:00:00,113.9189
2015-03-07 22:00:00,205.72
2015-03-07 23:00:00,69.3806
2015-03-08 00:00:00,63.7858
2015-03-08 01:00:00,62.2592
2015-03-08 02:00:00,67.2286
2015-03-08 03:00:00,56.6469
2015-03-08 04:00:00,67.9262
2015-03-08 05:00:00,57.8527
2015-03-08 06:00:00,64.9362
2015-03-08 07:00:00,116.732
2015-03-08 08:00:00,93.4974
2015-03-08 09:00:00,58.4443
2015-03-08 10:00:00,66.8962
2015-03-08 11:00:00,56.9961
2015-03-08 12:00:00,129.0397
2015-03-08 13:00:00,75.6587
2015-03-08 14:00:00,63.9613
2015-03-08 15:00:00,167.8285
2015-03-08 16:00:00,156.7242
2015-03-08 17:00:00,181.9036
2015-03-08 18:00:00,163.1654
2015-03-08 19:00:00,177.9598
2015-03-08 20:00:00,693.3709
2015-03-08 21:00:00,722.4501
2015-03-08 22:00:00,116.332
2015-03-08 23:00:00,71.7759
2015-03-09 00:00:00,60.3525
2015-03-09 01:00:00,67.4817
2015-03-09 02:00:00,62.6616
2015-03-09 03:00:00,103.4333
2015-03-09 04:00:00,93.5824
2015-03-09 05:00:00,74.3373
2015-03-09 06:00:00,111.3511
2015-03-09 07:00:00,160.5136
2015-03-09 08:00:00,72.6324
2015-03-09 09:00:00,57.7854
2015-03-09 10:00:00,65.0058
2015-03-09 11:00:00,61.8992
2015-03-09 12:00:00,86.2501
2015-03-09 13:00:00,166.5648
2015-03-09 14:00:00,68.9906
2015-03-09 15:00:00,64.1124
2015-03-09 16:00:00,73.8013
2015-03-09 17:00:00,160.3894
2015-03-09 18:00:00,200.0502
2015-03-09 19:00:00,210.1827
2015-03-09 20:00:00,148.3167
2015-03-09 21:00:00,107.0735
2015-03-09 22:00:00,257.8374
2015-03-09 23:00:00,73.5307
2015-03-10 00:00:00,106.4131
2015-03-10 01:00:00,107.6351
2015-03-10 02:00:00,107.8572
2015-03-10 03:00:00,73.5184
2015-03-10 04:00:00,90.8742
2015-03-10 05:00:00,142.1087
2015-03-10 06:00:00,117.9971
2015-03-10 07:00:00,58.818
2015-03-10 08:00:00,57.8864
2015-03-10 09:00:00,63.0447
2015-03-10 10:00:00,107.43
2015-03-10 11:00:00,89.4596
2015-03-10 12:00:00,130.4458
2015-03-10 13:00:00,134.9211
2015-03-10 14:00:00,82.1083
2015-03-10 15:00:00,120.3341
2015-03-10 16:00:00,113.9507
2015-03-10 17:00:00,85.8902
2015-03-10 18:00:00,138.0132
2015-03-10 19:00:00,192.0495
2015-03-10 20:00:00,209.2564
2015-03-10 21:00:00,102.1954
2015-03-10 22:00:00,106.8213
2015-03-10 23:00:00,69.29
2015-03-11 00:00:00,97.9109
2015-03-11 01:00:00,103.404
2015-03-11 02:00:00,73.3621
2015-03-11 03:00:00,58.8158
2015-03-11 04:00:00,69.3148
2015-03-11 05:00:00,58.8778
2015-03-11 06:00:00,102.8934
2015-03-11 07:00:00,67.0354
2015-03-11 08:00:00,64.8448
2015-03-11 09:00:00,58.671
2015-03-11 10:00:00,76.8329
2015-03-11 11:00:00,953.2309
2015-03-11 12:00:00,146.8251
2015-03-11 13:00:00,166.0655
2015-03-11 14:00:00,164.7031
2015-03-11 15:00:00,130.1984
2015-03-11 16:00:00,88.682
2015-03-11 17:00:00,106.4428
2015-03-11 18:00:00,71.4265
2015-03-11 19:00:00,2578.8972
2015-03-11 20:00:00,147.8517
2015-03-11 21:00:00,62.0599
2015-03-11 22:00:00,156.7541
2015-03-11 23:00:00,64.9015
2015-03-12 00:00:00,61.4937
2015-03-12 01:00:00,59.3531
2015-03-12 02:00:00,61.5841
2015-03-12 03:00:00,65.6245
2015-03-12 04:00:00,65.2872
2015-03-12 05:00:00,67.8423
2015-03-12 06:00:00,293.4549
2015-03-12 07:00:00,88.4121
2015-03-12 08:00:00,61.2835
2015-03-12 09:00:00,96.2196
2015-03-12 10:00:00,87.1246
2015-03-12 11:00:00,99.4818
2015-03-12 12:00:00,164.5493
2015-03-12 13:00:00,164.9048
2015-03-12 14:00:00,163.4091
2015-03-12 15:00:00,122.9718
2015-03-12 16:00:00,58.9643
2015-03-12 17:00:00,62.8718
2015-03-12 18:00:00,101.8749
2015-03-12 19:00:00,224.4255
2015-03-12 20:00:00,214.2847
2015-03-12 21:00:00,170.5765
2015-03-12 22:00:00,192.8337
2015-03-12 23:00:00,62.361
2015-03-13 00:00:00,60.714
2015-03-13 01:00:00,68.6395
2015-03-13 02:00:00,57.4577
2015-03-13 03:00:00,64.1898
2015-03-13 04:00:00,63.0637
2015-03-13 05:00:00,64.5199
2015-03-13 06:00:00,158.3912
2015-03-13 07:00:00,60.6353
2015-03-13 08:00:00,66.5268
2015-03-13 09:00:00,64.1975
2015-03-13 10:00:00,58.0735
2015-03-13 11:00:00,88.8654
2015-03-13 12:00:00,229.303
2015-03-13 13:00:00,173.9394
2015-03-13 14:00:00,169.1824
2015-03-13 15:00:00,145.1708
2015-03-13 16:00:00,62.4784
2015-03-13 17:00:00,62.6978
2015-03-13 18:00:00,109.3358
2015-03-13 19:00:00,204.2068
2015-03-13 20:00:00,199.1897
2015-03-13 21:00:00,158.7516
2015-03-13 22:00:00,87.704
2015-03-13 23:00:00,63.7778
2015-03-14 00:00:00,57.8091
2015-03-14 01:00:00,66.4301
2015-03-14 02:00:00,57.8617
2015-03-14 03:00:00,95.5981
2015-03-14 04:00:00,104.4851
2015-03-14 05:00:00,68.8241
2015-03-14 06:00:00,169.3588
2015-03-14 07:00:00,153.9341
2015-03-14 08:00:00,85.3458
2015-03-14 09:00:00,62.1778
2015-03-14 10:00:00,68.329
2015-03-14 11:00:00,63.9347
2015-03-14 12:00:00,158.2831
2015-03-14 13:00:00,163.4983
2015-03-14 14:00:00,68.5746
2015-03-14 15:00:00,62.4472
2015-03-14 16:00:00,67.4551
2015-03-14 17:00:00,59.0668
2015-03-14 18:00:00,65.4238
2015-03-14 19:00:00,258.8013
2015-03-14 20:00:00,176.4074
2015-03-14 21:00:00,91.0592
2015-03-14 22:00:00,148.6865
2015-03-14 23:00:00,61.6203
2015-03-15 00:00:00,67.4603
2015-03-15 01:00:00,59.7533
2015-03-15 02:00:00,66.1047
2015-03-15 03:00:00,65.9424
2015-03-15 04:00:00,58.0295
2015-03-15 05:00:00,67.7304
2015-03-15 06:00:00,57.1396
2015-03-15 07:00:00,121.9004
2015-03-15 08:00:00,128.3886
2015-03-15 09:00:00,95.6806
2015-03-15 10:00:00,105.6414
2015-03-15 11:00:00,64.5284
2015-03-15 12:00:00,66.6964
2015-03-15 13:00:00,56.8568
2015-03-15 14:00:00,62.4431
2015-03-15 15:00:00,65.4549
2015-03-15 16:00:00,97.3778
2015-03-15 17:00:00,165.8283
2015-03-15 18:00:00,96.2641
2015-03-15 19:00:00,66.065
2015-03-15 20:00:00,78.9784
2015-03-15 21:00:00,86.1984
2015-03-15 22:00:00,159.0442
2015-03-15 23:00:00,53.7659
2015-03-16 00:00:00,64.928
2015-03-16 01:00:00,91.5677
2015-03-16 02:00:00,93.7543
2015-03-16 03:00:00,65.9796
2015-03-16 04:00:00,57.2341
2015-03-16 05:00:00,62.4083
2015-03-16 06:00:00,61.2765
2015-03-16 07:00:00,94.14
2015-03-16 08:00:00,91.9151
2015-03-16 09:00:00,65.2791
2015-03-16 10:00:00,60.9846
2015-03-16 11:00:00,134.2589
2015-03-16 12:00:00,160.5423
2015-03-16 13:00:00,141.3574
2015-03-16 14:00:00,64.5461
2015-03-16 15:00:00,63.005
2015-03-16 16:00:00,110.7486
2015-03-16 17:00:00,113.3737
2015-03-16 18:00:00,179.4434
2015-03-16 19:00:00,164.9531
2015-03-16 20:00:00,150.6205
2015-03-16 21:00:00,68.8323
2015-03-16 22:00:00,85.1373
2015-03-16 23:00:00,67.476
2015-03-17 00:00:00,56.1475
2015-03-17 01:00:00,65.7715
2015-03-17 02:00:00,62.4303
2015-03-17 03:00:00,58.805
2015-03-17 04:00:00,64.9815
2015-03-17 05:00:00,57.2655
2015-03-17 06:00:00,170.461
2015-03-17 07:00:00,219.2445
2015-03-17 08:00:00,113.8839
2015-03-17 09:00:00,164.0411
2015-03-17 10:00:00,192.6686
2015-03-17 11:00:00,193.9927
2015-03-17 12:00:00,195.4796
2015-03-17 13:00:00,149.4519
2015-03-17 14:00:00,79.8088
2015-03-17 15:00:00,60.886
2015-03-17 16:00:00,66.7148
2015-03-17 17:00:00,62.1604
2015-03-17 18:00:00,79.4334
2015-03-17 19:00:00,167.4679
2015-03-17 20:00:00,159.1746
2015-03-17 21:00:00,180.2063
2015-03-17 22:00:00,195.0816
2015-03-17 23:00:00,69.384
2015-03-18 00:00:00,64.7863
2015-03-18 01:00:00,60.2154
2015-03-18 02:00:00,64.3576
2015-03-18 03:00:00,60.5267
2015-03-18 04:00:00,56.1405
2015-03-18 05:00:00,62.4976
2015-03-18 06:00:00,124.9878
2015-03-18 07:00:00,160.267
2015-03-18 08:00:00,177.0405
2015-03-18 09:00:00,62.6012
2015-03-18 10:00:00,60.1435
2015-03-18 11:00:00,76.5713
2015-03-18 12:00:00,510.3222
2015-03-18 13:00:00,218.7592
2015-03-18 14:00:00,105.4479
2015-03-18 15:00:00,131.7571
2015-03-18 16:00:00,150.5831
2015-03-18 17:00:00,188.5766
2015-03-18 18:00:00,1108.8984
2015-03-18 19:00:00,697.067
2015-03-18 20:00:00,121.8152
2015-03-18 21:00:00,66.2733
2015-03-18 22:00:00,144.5601
2015-03-18 23:00:00,65.1477
2015-03-19 00:00:00,63.7982
2015-03-19 01:00:00,68.4364
2015-03-19 02:00:00,61.5334
2015-03-19 03:00:00,103.5945
2015-03-19 04:00:00,101.7116
2015-03-19 05:00:00,130.1344
2015-03-19 06:00:00,166.92
2015-03-19 07:00:00,120.7019
2015-03-19 08:00:00,90.4798
2015-03-19 09:00:00,102.3248
2015-03-19 10:00:00,103.8638
2015-03-19 11:00:00,141.7927
2015-03-19 12:00:00,1292.227
2015-03-19 13:00:00,277.5188
2015-03-19 14:00:00,147.457
2015-03-19 15:00:00,144.5221
2015-03-19 16:00:00,141.3026
2015-03-19 17:00:00,175.1903
2015-03-19 18:00:00,320.7315
2015-03-19 19:00:00,253.6173
2015-03-19 20:00:00,191.1153
2015-03-19 21:00:00,207.2028
2015-03-19 22:00:00,396.402
2015-03-19 23:00:00,133.8517
2015-03-20 00:00:00,109.6817
2015-03-20 01:00:00,125.3907
2015-03-20 02:00:00,94.2631
2015-03-20 03:00:00,98.2857
2015-03-20 04:00:00,128.911
2015-03-20 05:00:00,89.6036
2015-03-20 06:00:00,238.7056
2015-03-20 07:00:00,141.0908
2015-03-20 08:00:00,84.3735
2015-03-20 09:00:00,155.8872
2015-03-20 10:00:00,123.0228
2015-03-20 11:00:00,106.78
2015-03-20 12:00:00,119.0762
2015-03-20 13:00:00,164.2104
2015-03-20 14:00:00,105.8513
2015-03-20 15:00:00,112.9168
2015-03-20 16:00:00,96.3606
2015-03-20 17:00:00,119.8838
2015-03-20 18:00:00,107.5376
2015-03-20 19:00:00,319.8649
2015-03-20 20:00:00,203.3887
2015-03-20 21:00:00,173.1041
2015-03-20 22:00:00,254.0237
2015-03-20 23:00:00,88.8187
2015-03-21 00:00:00,197.2647
2015-03-21 01:00:00,88.3556
2015-03-21 02:00:00,94.3674
2015-03-21 03:00:00,95.3563
2015-03-21 04:00:00,117.6853
2015-03-21 05:00:00,146.4001
2015-03-21 06:00:00,210.0829
2015-03-21 07:00:00,130.2579
2015-03-21 08:00:00,122.9844
2015-03-21 09:00:00,82.434
2015-03-21 10:00:00,160.9102
2015-03-21 11:00:00,174.6969
2015-03-21 12:00:00,199.0612
2015-03-21 13:00:00,142.2511
2015-03-21 14:00:00,121.1568
2015-03-21 15:00:00,148.5421
2015-03-21 16:00:00,124.6712
2015-03-21 17:00:00,95.2412
2015-03-21 18:00:00,97.8077
2015-03-21 19:00:00,123.7622
2015-03-21 20:00:00,192.6388
2015-03-21 21:00:00,210.2277
2015-03-21 22:00:00,308.282
2015-03-21 23:00:00,182.9491
2015-03-22 00:00:00,175.807
2015-03-22 01:00:00,98.2193
2015-03-22 02:00:00,112.3699
2015-03-22 03:00:00,114.9039
2015-03-22 04:00:00,108.464
2015-03-22 05:00:00,98.5977
2015-03-22 06:00:00,99.4723
2015-03-22 07:00:00,171.3593
2015-03-22 08:00:00,139.7332
2015-03-22 09:00:00,206.7322
2015-03-22 10:00:00,190.7033
2015-03-22 11:00:00,221.0219
2015-03-22 12:00:00,130.4493
2015-03-22 13:00:00,112.6985
2015-03-22 14:00:00,111.595
2015-03-22 15:00:00,113.5155
2015-03-22 16:00:00,124.0688
2015-03-22 17:00:00,165.5648
2015-03-22 18:00:00,196.8714
2015-03-22 19:00:00,159.602
2015-03-22 20:00:00,144.9182
2015-03-22 21:00:00,50.7347
2015-03-22 22:00:00,104.228
2015-03-22 23:00:00,51.2743
2015-03-23 00:00:00,66.3307
2015-03-23 01:00:00,80.455
2015-03-23 02:00:00,58.7548
2015-03-23 03:00:00,56.6783
2015-03-23 04:00:00,79.5903
2015-03-23 05:00:00,56.8431
2015-03-23 06:00:00,84.3751
2015-03-23 07:00:00,48.9482
2015-03-23 08:00:00,59.5012
2015-03-23 09:00:00,77.7802
2015-03-23 10:00:00,74.1638
2015-03-23 11:00:00,65.8331
2015-03-23 12:00:00,151.8737
2015-03-23 13:00:00,153.1824
2015-03-23 14:00:00,36.7084
2015-03-23 15:00:00,38.2023
2015-03-23 16:00:00,21.0323
2015-03-23 17:00:00,21.069
2015-03-23 18:00:00,21.0084
2015-03-23 19:00:00,20.9793
2015-03-23 20:00:00,34.5316
2015-03-23 21:00:00,119.588
2015-03-23 22:00:00,112.5397
2015-03-23 23:00:00,21.3287
2015-03-24 00:00:00,21.0034
2015-03-24 01:00:00,21.0609
2015-03-24 02:00:00,21.0131
2015-03-24 03:00:00,21.0056
2015-03-24 04:00:00,21.0261
2015-03-24 05:00:00,56.3979
2015-03-24 06:00:00,78.1175
2015-03-24 07:00:00,21.3568
2015-03-24 08:00:00,21.0783
2015-03-24 09:00:00,21.1268
2015-03-24 10:00:00,68.4844
2015-03-24 11:00:00,119.1756
2015-03-24 12:00:00,118.5237
2015-03-24 13:00:00,133.6452
2015-03-24 14:00:00,172.6815
2015-03-24 15:00:00,89.6789
2015-03-24 16:00:00,46.6957
2015-03-24 17:00:00,58.814
2015-03-24 18:00:00,144.7181
2015-03-24 19:00:00,144.2486
2015-03-24 20:00:00,106.8722
2015-03-24 21:00:00,46.8742
2015-03-24 22:00:00,93.1166
2015-03-24 23:00:00,46.6176
2015-03-25 00:00:00,47.0159
2015-03-25 01:00:00,46.675
2015-03-25 02:00:00,46.7166
2015-03-25 03:00:00,46.6848
2015-03-25 04:00:00,46.7035
2015-03-25 05:00:00,46.6604
2015-03-25 06:00:00,79.1863
2015-03-25 07:00:00,144.9826
2015-03-25 08:00:00,62.0935
2015-03-25 09:00:00,46.6026
2015-03-25 10:00:00,76.6915
2015-03-25 11:00:00,144.8684
2015-03-25 12:00:00,144.3351
2015-03-25 13:00:00,155.4613
2015-03-25 14:00:00,76.1248
2015-03-25 15:00:00,46.6017
2015-03-25 16:00:00,46.5831
2015-03-25 17:00:00,46.5071
2015-03-25 18:00:00,141.3009
2015-03-25 19:00:00,144.2803
2015-03-25 20:00:00,144.1512
2015-03-25 21:00:00,95.3525
2015-03-25 22:00:00,93.1059
2015-03-25 23:00:00,46.5353
2015-03-26 00:00:00,46.5597
2015-03-26 01:00:00,46.8019
2015-03-26 02:00:00,46.6551
2015-03-26 03:00:00,46.6384
2015-03-26 04:00:00,46.5971
2015-03-26 05:00:00,46.5834
2015-03-26 06:00:00,141.9284
2015-03-26 07:00:00,136.4841
2015-03-26 08:00:00,62.1312
2015-03-26 09:00:00,144.8835
2015-03-26 10:00:00,144.1268
2015-03-26 11:00:00,144.2051
2015-03-26 12:00:00,144.2205
2015-03-26 13:00:00,144.3738
2015-03-26 14:00:00,144.3295
2015-03-26 15:00:00,125.7692
