index,valore
2014-02-05 09:00:00,292.4499
2014-02-05 10:00:00,60.938
2014-02-05 11:00:00,382.4609
2014-02-05 12:00:00,71.3264
2014-02-05 13:00:00,449.1902
2014-02-05 14:00:00,0.0
2014-02-05 15:00:00,0.0
2014-02-05 16:00:00,355.0
2014-02-05 17:00:00,336.0
2014-02-05 18:00:00,364.0
2014-02-05 19:00:00,393.0
2014-02-05 20:00:00,238.0
2014-02-05 21:00:00,433.0
2014-02-05 22:00:00,301.0
2014-02-05 23:00:00,329.0
2014-02-06 00:00:00,426.0
2014-02-06 01:00:00,262.0
2014-02-06 02:00:00,303.0
2014-02-06 03:00:00,225.0
2014-02-06 04:00:00,418.0
2014-02-06 05:00:00,415.0
2014-02-06 06:00:00,202.0
2014-02-06 07:00:00,333.0
2014-02-06 08:00:00,440.0
2014-02-06 09:00:00,292.4499
2014-02-06 10:00:00,60.938
2014-02-06 11:00:00,382.4609
2014-02-06 12:00:00,71.3264
2014-02-06 13:00:00,449.1902
2014-02-06 14:00:00,0.0
2014-02-06 15:00:00,0.0
2014-02-06 16:00:00,355.0
2014-02-06 17:00:00,336.0
2014-02-06 18:00:00,364.0
2014-02-06 19:00:00,393.0
2014-02-06 20:00:00,238.0
2014-02-06 21:00:00,433.0
2014-02-06 22:00:00,301.0
2014-02-06 23:00:00,329.0
2014-02-07 00:00:00,426.0
2014-02-07 01:00:00,262.0
2014-02-07 02:00:00,303.0
2014-02-07 03:00:00,225.0
2014-02-07 04:00:00,418.0
2014-02-07 05:00:00,415.0
2014-02-07 06:00:00,202.0
2014-02-07 07:00:00,333.0
2014-02-07 08:00:00,440.0
2014-02-07 09:00:00,292.4499
2014-02-07 10:00:00,60.938
2014-02-07 11:00:00,382.4609
2014-02-07 12:00:00,71.3264
2014-02-07 13:00:00,449.1902
2014-02-07 14:00:00,0.0
2014-02-07 15:00:00,0.0
2014-02-07 16:00:00,355.0
2014-02-07 17:00:00,336.0
2014-02-07 18:00:00,364.0
2014-02-07 19:00:00,393.0
2014-02-07 20:00:00,238.0
2014-02-07 21:00:00,433.0
2014-02-07 22:00:00,301.0
2014-02-07 23:00:00,329.0
2014-02-08 00:00:00,426.0
2014-02-08 01:00:00,262.0
2014-02-08 02:00:00,303.0
2014-02-08 03:00:00,225.0
2014-02-08 04:00:00,418.0
2014-02-08 05:00:00,415.0
2014-02-08 06:00:00,202.0
2014-02-08 07:00:00,333.0
2014-02-08 08:00:00,440.0
2014-02-08 09:00:00,292.4499
2014-02-08 10:00:00,60.938
2014-02-08 11:00:00,382.4609
2014-02-08 12:00:00,71.3264
2014-02-08 13:00:00,449.1902
2014-02-08 14:00:00,0.0
2014-02-08 15:00:00,0.0
2014-02-08 16:00:00,355.0
2014-02-08 17:00:00,336.0
2014-02-08 18:00:00,364.0
2014-02-08 19:00:00,393.0
2014-02-08 20:00:00,238.0
2014-02-08 21:00:00,433.0
2014-02-08 22:00:00,301.0
2014-02-08 23:00:00,329.0
2014-02-09 00:00:00,426.0
2014-02-09 01:00:00,262.0
2014-02-09 02:00:00,303.0
2014-02-09 03:00:00,225.0
2014-02-09 04:00:00,418.0
2014-02-09 05:00:00,415.0
2014-02-09 06:00:00,202.0
2014-02-09 07:00:00,333.0
2014-02-09 08:00:00,440.0
2014-02-09 09:00:00,292.4499
2014-02-09 10:00:00,60.938
2014-02-09 11:00:00,382.4609
2014-02-09 12:00:00,71.3264
2014-02-09 13:00:00,449.1902
2014-02-09 14:00:00,0.0
2014-02-09 15:00:00,0.0
2014-02-09 16:00:00,355.0
2014-02-09 17:00:00,336.0
2014-02-09 18:00:00,364.0
2014-02-09 19:00:00,393.0
2014-02-09 20:00:00,238.0
2014-02-09 21:00:00,433.0
2014-02-09 22:00:00,301.0
2014-02-09 23:00:00,329.0
2014-02-10 00:00:00,426.0
2014-02-10 01:00:00,262.0
2014-02-10 02:00:00,303.0
2014-02-10 03:00:00,225.0
2014-02-10 04:00:00,418.0
2014-02-10 05:00:00,415.0
2014-02-10 06:00:00,202.0
2014-02-10 07:00:00,333.0
2014-02-10 08:00:00,440.0
2014-02-10 09:00:00,292.4499
2014-02-10 10:00:00,60.938
2014-02-10 11:00:00,382.4609
2014-02-10 12:00:00,71.3264
2014-02-10 13:00:00,449.1902
2014-02-10 14:00:00,0.0
2014-02-10 15:00:00,0.0
2014-02-10 16:00:00,355.0
2014-02-10 17:00:00,336.0
2014-02-10 18:00:00,364.0
2014-02-10 19:00:00,393.0
2014-02-10 20:00:00,238.0
2014-02-10 21:00:00,433.0
2014-02-10 22:00:00,301.0
2014-02-10 23:00:00,329.0
2014-02-11 00:00:00,426.0
2014-02-11 01:00:00,262.0
2014-02-11 02:00:00,303.0
2014-02-11 03:00:00,225.0
2014-02-11 04:00:00,418.0
2014-02-11 05:00:00,415.0
2014-02-11 06:00:00,202.0
2014-02-11 07:00:00,333.0
2014-02-11 08:00:00,440.0
2014-02-11 09:00:00,292.4499
2014-02-11 10:00:00,60.938
2014-02-11 11:00:00,382.4609
2014-02-11 12:00:00,71.3264
2014-02-11 13:00:00,449.1902
2014-02-11 14:00:00,0.0
2014-02-11 15:00:00,0.0
2014-02-11 16:00:00,355.0
2014-02-11 17:00:00,336.0
2014-02-11 18:00:00,364.0
2014-02-11 19:00:00,393.0
2014-02-11 20:00:00,238.0
2014-02-11 21:00:00,433.0
2014-02-11 22:00:00,301.0
2014-02-11 23:00:00,329.0
2014-02-12 00:00:00,426.0
2014-02-12 01:00:00,262.0
2014-02-12 02:00:00,303.0
2014-02-12 03:00:00,225.0
2014-02-12 04:00:00,418.0
2014-02-12 05:00:00,415.0
2014-02-12 06:00:00,202.0
2014-02-12 07:00:00,333.0
2014-02-12 08:00:00,440.0
2014-02-12 09:00:00,292.4499
2014-02-12 10:00:00,60.938
2014-02-12 11:00:00,382.4609
2014-02-12 12:00:00,71.3264
2014-02-12 13:00:00,449.1902
2014-02-12 14:00:00,0.0
2014-02-12 15:00:00,0.0
2014-02-12 16:00:00,355.0
2014-02-12 17:00:00,336.0
2014-02-12 18:00:00,364.0
2014-02-12 19:00:00,393.0
2014-02-12 20:00:00,238.0
2014-02-12 21:00:00,433.0
2014-02-12 22:00:00,301.0
2014-02-12 23:00:00,329.0
2014-02-13 00:00:00,426.0
2014-02-13 01:00:00,262.0
2014-02-13 02:00:00,303.0
2014-02-13 03:00:00,225.0
2014-02-13 04:00:00,418.0
2014-02-13 05:00:00,415.0
2014-02-13 06:00:00,202.0
2014-02-13 07:00:00,333.0
2014-02-13 08:00:00,440.0
2014-02-13 09:00:00,292.4499
2014-02-13 10:00:00,60.938
2014-02-13 11:00:00,382.4609
2014-02-13 12:00:00,71.3264
2014-02-13 13:00:00,449.1902
2014-02-13 14:00:00,0.0
2014-02-13 15:00:00,0.0
2014-02-13 16:00:00,355.0
2014-02-13 17:00:00,336.0
2014-02-13 18:00:00,364.0
2014-02-13 19:00:00,393.0
2014-02-13 20:00:00,238.0
2014-02-13 21:00:00,433.0
2014-02-13 22:00:00,301.0
2014-02-13 23:00:00,329.0
2014-02-14 00:00:00,426.0
2014-02-14 01:00:00,262.0
2014-02-14 02:00:00,303.0
2014-02-14 03:00:00,225.0
2014-02-14 04:00:00,418.0
2014-02-14 05:00:00,415.0
2014-02-14 06:00:00,202.0
2014-02-14 07:00:00,333.0
2014-02-14 08:00:00,440.0
2014-02-14 09:00:00,292.4499
2014-02-14 10:00:00,60.938
2014-02-14 11:00:00,382.4609
2014-02-14 12:00:00,71.3264
2014-02-14 13:00:00,449.1902
2014-02-14 14:00:00,0.0
2014-02-14 15:00:00,0.0
2014-02-14 16:00:00,355.0
2014-02-14 17:00:00,336.0
2014-02-14 18:00:00,364.0
2014-02-14 19:00:00,393.0
2014-02-14 20:00:00,238.0
2014-02-14 21:00:00,433.0
2014-02-14 22:00:00,301.0
2014-02-14 23:00:00,329.0
2014-02-15 00:00:00,426.0
2014-02-15 01:00:00,262.0
2014-02-15 02:00:00,303.0
2014-02-15 03:00:00,225.0
2014-02-15 04:00:00,418.0
2014-02-15 05:00:00,415.0
2014-02-15 06:00:00,202.0
2014-02-15 07:00:00,333.0
2014-02-15 08:00:00,440.0
2014-02-15 09:00:00,292.4499
2014-02-15 10:00:00,60.938
2014-02-15 11:00:00,382.4609
2014-02-15 12:00:00,71.3264
2014-02-15 13:00:00,449.1902
2014-02-15 14:00:00,0.0
2014-02-15 15:00:00,0.0
2014-02-15 16:00:00,355.0
2014-02-15 17:00:00,336.0
2014-02-15 18:00:00,364.0
2014-02-15 19:00:00,393.0
2014-02-15 20:00:00,238.0
2014-02-15 21:00:00,433.0
2014-02-15 22:00:00,301.0
2014-02-15 23:00:00,329.0
2014-02-16 00:00:00,426.0
2014-02-16 01:00:00,262.0
2014-02-16 02:00:00,303.0
2014-02-16 03:00:00,225.0
2014-02-16 04:00:00,418.0
2014-02-16 05:00:00,415.0
2014-02-16 06:00:00,202.0
2014-02-16 07:00:00,333.0
2014-02-16 08:00:00,440.0
2014-02-16 09:00:00,292.4499
2014-02-16 10:00:00,60.938
2014-02-16 11:00:00,382.4609
2014-02-16 12:00:00,71.3264
2014-02-16 13:00:00,449.1902
2014-02-16 14:00:00,0.0
2014-02-16 15:00:00,0.0
2014-02-16 16:00:00,355.0
2014-02-16 17:00:00,336.0
2014-02-16 18:00:00,364.0
2014-02-16 19:00:00,393.0
2014-02-16 20:00:00,238.0
2014-02-16 21:00:00,433.0
2014-02-16 22:00:00,301.0
2014-02-16 23:00:00,329.0
2014-02-17 00:00:00,426.0
2014-02-17 01:00:00,262.0
2014-02-17 02:00:00,303.0
2014-02-17 03:00:00,225.0
2014-02-17 04:00:00,418.0
2014-02-17 05:00:00,415.0
2014-02-17 06:00:00,202.0
2014-02-17 07:00:00,333.0
2014-02-17 08:00:00,440.0
2014-02-17 09:00:00,292.4499
2014-02-17 10:00:00,60.938
2014-02-17 11:00:00,382.4609
2014-02-17 12:00:00,71.3264
2014-02-17 13:00:00,449.1902
2014-02-17 14:00:00,0.0
2014-02-17 15:00:00,0.0
2014-02-17 16:00:00,355.0
2014-02-17 17:00:00,336.0
2014-02-17 18:00:00,364.0
2014-02-17 19:00:00,393.0
2014-02-17 20:00:00,238.0
2014-02-17 21:00:00,433.0
2014-02-17 22:00:00,301.0
2014-02-17 23:00:00,329.0
2014-02-18 00:00:00,426.0
2014-02-18 01:00:00,262.0
2014-02-18 02:00:00,303.0
2014-02-18 03:00:00,225.0
2014-02-18 04:00:00,418.0
2014-02-18 05:00:00,415.0
2014-02-18 06:00:00,202.0
2014-02-18 07:00:00,333.0
2014-02-18 08:00:00,440.0
2014-02-18 09:00:00,292.4499
2014-02-18 10:00:00,60.938
2014-02-18 11:00:00,382.4609
2014-02-18 12:00:00,71.3264
2014-02-18 13:00:00,449.1902
2014-02-18 14:00:00,0.0
2014-02-18 15:00:00,0.0
2014-02-18 16:00:00,355.0
2014-02-18 17:00:00,336.0
2014-02-18 18:00:00,364.0
2014-02-18 19:00:00,393.0
2014-02-18 20:00:00,238.0
2014-02-18 21:00:00,433.0
2014-02-18 22:00:00,301.0
2014-02-18 23:00:00,329.0
2014-02-19 00:00:00,426.0
2014-02-19 01:00:00,262.0
2014-02-19 02:00:00,303.0
2014-02-19 03:00:00,225.0
2014-02-19 04:00:00,418.0
2014-02-19 05:00:00,415.0
2014-02-19 06:00:00,202.0
2014-02-19 07:00:00,333.0
2014-02-19 08:00:00,440.0
2014-02-19 09:00:00,292.4499
2014-02-19 10:00:00,60.938
2014-02-19 11:00:00,382.4609
2014-02-19 12:00:00,71.3264
2014-02-19 13:00:00,449.1902
2014-02-19 14:00:00,0.0
2014-02-19 15:00:00,0.0
2014-02-19 16:00:00,355.0
2014-02-19 17:00:00,336.0
2014-02-19 18:00:00,364.0
2014-02-19 19:00:00,393.0
2014-02-19 20:00:00,238.0
2014-02-19 21:00:00,433.0
2014-02-19 22:00:00,301.0
2014-02-19 23:00:00,329.0
2014-02-20 00:00:00,426.0
2014-02-20 01:00:00,262.0
2014-02-20 02:00:00,303.0
2014-02-20 03:00:00,225.0
2014-02-20 04:00:00,418.0
2014-02-20 05:00:00,415.0
2014-02-20 06:00:00,202.0
2014-02-20 07:00:00,333.0
2014-02-20 08:00:00,440.0
2014-02-20 09:00:00,292.4499
2014-02-20 10:00:00,60.938
2014-02-20 11:00:00,382.4609
2014-02-20 12:00:00,71.3264
2014-02-20 13:00:00,449.1902
2014-02-20 14:00:00,0.0
2014-02-20 15:00:00,0.0
2014-02-20 16:00:00,355.0
2014-02-20 17:00:00,336.0
2014-02-20 18:00:00,364.0
2014-02-20 19:00:00,393.0
2014-02-20 20:00:00,238.0
2014-02-20 21:00:00,433.0
2014-02-20 22:00:00,301.0
2014-02-20 23:00:00,329.0
2014-02-21 00:00:00,426.0
2014-02-21 01:00:00,262.0
2014-02-21 02:00:00,303.0
2014-02-21 03:00:00,225.0
2014-02-21 04:00:00,418.0
2014-02-21 05:00:00,415.0
2014-02-21 06:00:00,202.0
2014-02-21 07:00:00,333.0
2014-02-21 08:00:00,440.0
2014-02-21 09:00:00,292.4499
2014-02-21 10:00:00,60.938
2014-02-21 11:00:00,382.4609
2014-02-21 12:00:00,71.3264
2014-02-21 13:00:00,449.1902
2014-02-21 14:00:00,0.0
2014-02-21 15:00:00,0.0
2014-02-21 16:00:00,355.0
2014-02-21 17:00:00,336.0
2014-02-21 18:00:00,364.0
2014-02-21 19:00:00,393.0
2014-02-21 20:00:00,238.0
2014-02-21 21:00:00,433.0
2014-02-21 22:00:00,301.0
2014-02-21 23:00:00,329.0
2014-02-22 00:00:00,426.0
2014-02-22 01:00:00,262.0
2014-02-22 02:00:00,303.0
2014-02-22 03:00:00,225.0
2014-02-22 04:00:00,418.0
2014-02-22 05:00:00,415.0
2014-02-22 06:00:00,202.0
2014-02-22 07:00:00,333.0
2014-02-22 08:00:00,440.0
2014-02-22 09:00:00,292.4499
2014-02-22 10:00:00,60.938
2014-02-22 11:00:00,382.4609
2014-02-22 12:00:00,71.3264
2014-02-22 13:00:00,449.1902
2014-02-22 14:00:00,0.0
2014-02-22 15:00:00,0.0
2014-02-22 16:00:00,355.0
2014-02-22 17:00:00,336.0
2014-02-22 18:00:00,364.0
2014-02-22 19:00:00,393.0
2014-02-22 20:00:00,238.0
2014-02-22 21:00:00,433.0
2014-02-22 22:00:00,301.0
2014-02-22 23:00:00,329.0
2014-02-23 00:00:00,426.0
2014-02-23 01:00:00,262.0
2014-02-23 02:00:00,303.0
2014-02-23 03:00:00,225.0
2014-02-23 04:00:00,418.0
2014-02-23 05:00:00,415.0
2014-02-23 06:00:00,202.0
2014-02-23 07:00:00,333.0
2014-02-23 08:00:00,440.0
2014-02-23 09:00:00,292.4499
2014-02-23 10:00:00,60.938
2014-02-23 11:00:00,382.4609
2014-02-23 12:00:00,71.3264
2014-02-23 13:00:00,449.1902
2014-02-23 14:00:00,0.0
2014-02-23 15:00:00,0.0
2014-02-23 16:00:00,355.0
2014-02-23 17:00:00,336.0
2014-02-23 18:00:00,364.0
2014-02-23 19:00:00,393.0
2014-02-23 20:00:00,238.0
2014-02-23 21:00:00,433.0
2014-02-23 22:00:00,301.0
2014-02-23 23:00:00,329.0
2014-02-24 00:00:00,426.0
2014-02-24 01:00:00,262.0
2014-02-24 02:00:00,303.0
2014-02-24 03:00:00,225.0
2014-02-24 04:00:00,418.0
2014-02-24 05:00:00,415.0
2014-02-24 06:00:00,202.0
2014-02-24 07:00:00,333.0
2014-02-24 08:00:00,440.0
2014-02-24 09:00:00,292.4499
2014-02-24 10:00:00,60.938
2014-02-24 11:00:00,382.4609
2014-02-24 12:00:00,71.3264
2014-02-24 13:00:00,449.1902
2014-02-24 14:00:00,0.0
2014-02-24 15:00:00,0.0
2014-02-24 16:00:00,355.0
2014-02-24 17:00:00,336.0
2014-02-24 18:00:00,364.0
2014-02-24 19:00:00,393.0
2014-02-24 20:00:00,238.0
2014-02-24 21:00:00,433.0
2014-02-24 22:00:00,301.0
2014-02-24 23:00:00,329.0
2014-02-25 00:00:00,426.0
2014-02-25 01:00:00,262.0
2014-02-25 02:00:00,303.0
2014-02-25 03:00:00,225.0
2014-02-25 04:00:00,418.0
2014-02-25 05:00:00,415.0
2014-02-25 06:00:00,202.0
2014-02-25 07:00:00,333.0
2014-02-25 08:00:00,440.0
2014-02-25 09:00:00,292.4499
2014-02-25 10:00:00,60.938
2014-02-25 11:00:00,382.4609
2014-02-25 12:00:00,71.3264
2014-02-25 13:00:00,449.1902
2014-02-25 14:00:00,0.0
2014-02-25 15:00:00,0.0
2014-02-25 16:00:00,355.0
2014-02-25 17:00:00,336.0
2014-02-25 18:00:00,364.0
2014-02-25 19:00:00,393.0
2014-02-25 20:00:00,238.0
2014-02-25 21:00:00,433.0
2014-02-25 22:00:00,301.0
2014-02-25 23:00:00,329.0
2014-02-26 00:00:00,426.0
2014-02-26 01:00:00,262.0
2014-02-26 02:00:00,303.0
2014-02-26 03:00:00,225.0
2014-02-26 04:00:00,418.0
2014-02-26 05:00:00,415.0
2014-02-26 06:00:00,202.0
2014-02-26 07:00:00,333.0
2014-02-26 08:00:00,440.0
2014-02-26 09:00:00,292.4499
2014-02-26 10:00:00,60.938
2014-02-26 11:00:00,382.4609
2014-02-26 12:00:00,71.3264
2014-02-26 13:00:00,449.1902
2014-02-26 14:00:00,0.0
2014-02-26 15:00:00,0.0
2014-02-26 16:00:00,355.0
2014-02-26 17:00:00,336.0
2014-02-26 18:00:00,364.0
2014-02-26 19:00:00,393.0
2014-02-26 20:00:00,238.0
2014-02-26 21:00:00,433.0
2014-02-26 22:00:00,301.0
2014-02-26 23:00:00,329.0
2014-02-27 00:00:00,426.0
2014-02-27 01:00:00,262.0
2014-02-27 02:00:00,303.0
2014-02-27 03:00:00,225.0
2014-02-27 04:00:00,418.0
2014-02-27 05:00:00,415.0
2014-02-27 06:00:00,202.0
2014-02-27 07:00:00,333.0
2014-02-27 08:00:00,440.0
2014-02-27 09:00:00,292.4499
2014-02-27 10:00:00,60.938
2014-02-27 11:00:00,382.4609
2014-02-27 12:00:00,71.3264
2014-02-27 13:00:00,449.1902
2014-02-27 14:00:00,0.0
2014-02-27 15:00:00,0.0
2014-02-27 16:00:00,355.0
2014-02-27 17:00:00,336.0
2014-02-27 18:00:00,364.0
2014-02-27 19:00:00,393.0
2014-02-27 20:00:00,238.0
2014-02-27 21:00:00,433.0
2014-02-27 22:00:00,301.0
2014-02-27 23:00:00,329.0
2014-02-28 00:00:00,426.0
2014-02-28 01:00:00,262.0
2014-02-28 02:00:00,303.0
2014-02-28 03:00:00,225.0
2014-02-28 04:00:00,418.0
2014-02-28 05:00:00,415.0
2014-02-28 06:00:00,202.0
2014-02-28 07:00:00,333.0
2014-02-28 08:00:00,440.0
2014-02-28 09:00:00,292.4499
2014-02-28 10:00:00,60.938
2014-02-28 11:00:00,382.4609
2014-02-28 12:00:00,71.3264
2014-02-28 13:00:00,449.1902
2014-02-28 14:00:00,0.0
2014-02-28 15:00:00,0.0
2014-02-28 16:00:00,355.0
2014-02-28 17:00:00,336.0
2014-02-28 18:00:00,364.0
2014-02-28 19:00:00,393.0
2014-02-28 20:00:00,238.0
2014-02-28 21:00:00,433.0
2014-02-28 22:00:00,301.0
2014-02-28 23:00:00,329.0
2014-03-01 00:00:00,426.0
2014-03-01 01:00:00,262.0
2014-03-01 02:00:00,303.0
2014-03-01 03:00:00,225.0
2014-03-01 04:00:00,418.0
2014-03-01 05:00:00,415.0
2014-03-01 06:00:00,202.0
2014-03-01 07:00:00,333.0
2014-03-01 08:00:00,440.0
2014-03-01 09:00:00,292.4499
2014-03-01 10:00:00,60.938
2014-03-01 11:00:00,382.4609
2014-03-01 12:00:00,71.3264
2014-03-01 13:00:00,449.1902
2014-03-01 14:00:00,0.0
2014-03-01 15:00:00,0.0
2014-03-01 16:00:00,355.0
2014-03-01 17:00:00,336.0
2014-03-01 18:00:00,364.0
2014-03-01 19:00:00,393.0
2014-03-01 20:00:00,238.0
2014-03-01 21:00:00,433.0
2014-03-01 22:00:00,301.0
2014-03-01 23:00:00,329.0
2014-03-02 00:00:00,426.0
2014-03-02 01:00:00,262.0
2014-03-02 02:00:00,303.0
2014-03-02 03:00:00,225.0
2014-03-02 04:00:00,418.0
2014-03-02 05:00:00,415.0
2014-03-02 06:00:00,202.0
2014-03-02 07:00:00,333.0
2014-03-02 08:00:00,440.0
2014-03-02 09:00:00,292.4499
2014-03-02 10:00:00,60.938
2014-03-02 11:00:00,382.4609
2014-03-02 12:00:00,71.3264
2014-03-02 13:00:00,449.1902
2014-03-02 14:00:00,0.0
2014-03-02 15:00:00,0.0
2014-03-02 16:00:00,355.0
2014-03-02 17:00:00,336.0
2014-03-02 18:00:00,364.0
2014-03-02 19:00:00,393.0
2014-03-02 20:00:00,238.0
2014-03-02 21:00:00,433.0
2014-03-02 22:00:00,301.0
2014-03-02 23:00:00,329.0
2014-03-03 00:00:00,426.0
2014-03-03 01:00:00,262.0
2014-03-03 02:00:00,303.0
2014-03-03 03:00:00,225.0
2014-03-03 04:00:00,418.0
2014-03-03 05:00:00,415.0
2014-03-03 06:00:00,202.0
2014-03-03 07:00:00,333.0
2014-03-03 08:00:00,440.0
2014-03-03 09:00:00,292.4499
2014-03-03 10:00:00,60.938
2014-03-03 11:00:00,382.4609
2014-03-03 12:00:00,71.3264
2014-03-03 13:00:00,449.1902
2014-03-03 14:00:00,0.0
2014-03-03 15:00:00,0.0
2014-03-03 16:00:00,355.0
2014-03-03 17:00:00,336.0
2014-03-03 18:00:00,364.0
2014-03-03 19:00:00,393.0
2014-03-03 20:00:00,238.0
2014-03-03 21:00:00,433.0
2014-03-03 22:00:00,301.0
2014-03-03 23:00:00,329.0
2014-03-04 00:00:00,426.0
2014-03-04 01:00:00,262.0
2014-03-04 02:00:00,303.0
2014-03-04 03:00:00,225.0
2014-03-04 04:00:00,418.0
2014-03-04 05:00:00,415.0
2014-03-04 06:00:00,202.0
2014-03-04 07:00:00,333.0
2014-03-04 08:00:00,440.0
2014-03-04 09:00:00,292.4499
2014-03-04 10:00:00,60.938
2014-03-04 11:00:00,382.4609
2014-03-04 12:00:00,71.3264
2014-03-04 13:00:00,449.1902
2014-03-04 14:00:00,0.0
2014-03-04 15:00:00,0.0
2014-03-04 16:00:00,355.0
2014-03-04 17:00:00,336.0
2014-03-04 18:00:00,364.0
2014-03-04 19:00:00,393.0
2014-03-04 20:00:00,238.0
2014-03-04 21:00:00,433.0
2014-03-04 22:00:00,301.0
2014-03-04 23:00:00,329.0
2014-03-05 00:00:00,426.0
2014-03-05 01:00:00,262.0
2014-03-05 02:00:00,303.0
2014-03-05 03:00:00,225.0
2014-03-05 04:00:00,418.0
2014-03-05 05:00:00,415.0
2014-03-05 06:00:00,202.0
2014-03-05 07:00:00,333.0
2014-03-05 08:00:00,440.0
2014-03-05 09:00:00,292.4499
2014-03-05 10:00:00,60.938
2014-03-05 11:00:00,382.4609
2014-03-05 12:00:00,71.3264
2014-03-05 13:00:00,449.1902
2014-03-05 14:00:00,0.0
2014-03-05 15:00:00,0.0
2014-03-05 16:00:00,355.0
2014-03-05 17:00:00,336.0
2014-03-05 18:00:00,364.0
2014-03-05 19:00:00,393.0
2014-03-05 20:00:00,238.0
2014-03-05 21:00:00,433.0
2014-03-05 22:00:00,301.0
2014-03-05 23:00:00,329.0
2014-03-06 00:00:00,426.0
2014-03-06 01:00:00,262.0
2014-03-06 02:00:00,303.0
2014-03-06 03:00:00,225.0
2014-03-06 04:00:00,418.0
2014-03-06 05:00:00,415.0
2014-03-06 06:00:00,202.0
2014-03-06 07:00:00,333.0
2014-03-06 08:00:00,440.0
2014-03-06 09:00:00,292.4499
2014-03-06 10:00:00,60.938
2014-03-06 11:00:00,382.4609
2014-03-06 12:00:00,71.3264
2014-03-06 13:00:00,449.1902
2014-03-06 14:00:00,0.0
2014-03-06 15:00:00,0.0
2014-03-06 16:00:00,355.0
2014-03-06 17:00:00,336.0
2014-03-06 18:00:00,364.0
2014-03-06 19:00:00,393.0
2014-03-06 20:00:00,238.0
2014-03-06 21:00:00,433.0
2014-03-06 22:00:00,301.0
2014-03-06 23:00:00,329.0
2014-03-07 00:00:00,426.0
2014-03-07 01:00:00,262.0
2014-03-07 02:00:00,303.0
2014-03-07 03:00:00,225.0
2014-03-07 04:00:00,418.0
2014-03-07 05:00:00,415.0
2014-03-07 06:00:00,202.0
2014-03-07 07:00:00,333.0
2014-03-07 08:00:00,440.0
2014-03-07 09:00:00,292.4499
2014-03-07 10:00:00,60.938
2014-03-07 11:00:00,382.4609
2014-03-07 12:00:00,71.3264
2014-03-07 13:00:00,449.1902
2014-03-07 14:00:00,0.0
2014-03-07 15:00:00,0.0
2014-03-07 16:00:00,355.0
2014-03-07 17:00:00,336.0
2014-03-07 18:00:00,364.0
2014-03-07 19:00:00,393.0
2014-03-07 20:00:00,238.0
2014-03-07 21:00:00,433.0
2014-03-07 22:00:00,301.0
2014-03-07 23:00:00,329.0
2014-03-08 00:00:00,426.0
2014-03-08 01:00:00,262.0
2014-03-08 02:00:00,303.0
2014-03-08 03:00:00,225.0
2014-03-08 04:00:00,418.0
2014-03-08 05:00:00,415.0
2014-03-08 06:00:00,202.0
2014-03-08 07:00:00,333.0
2014-03-08 08:00:00,440.0
2014-03-08 09:00:00,292.4499
2014-03-08 10:00:00,60.938
2014-03-08 11:00:00,382.4609
2014-03-08 12:00:00,71.3264
2014-03-08 13:00:00,449.1902
2014-03-08 14:00:00,0.0
2014-03-08 15:00:00,0.0
2014-03-08 16:00:00,355.0
2014-03-08 17:00:00,336.0
2014-03-08 18:00:00,364.0
2014-03-08 19:00:00,393.0
2014-03-08 20:00:00,238.0
2014-03-08 21:00:00,433.0
2014-03-08 22:00:00,301.0
2014-03-08 23:00:00,329.0
2014-03-09 00:00:00,426.0
2014-03-09 01:00:00,262.0
2014-03-09 02:00:00,303.0
2014-03-09 03:00:00,225.0
2014-03-09 04:00:00,418.0
2014-03-09 05:00:00,415.0
2014-03-09 06:00:00,202.0
2014-03-09 07:00:00,333.0
2014-03-09 08:00:00,440.0
2014-03-09 09:00:00,292.4499
2014-03-09 10:00:00,60.938
2014-03-09 11:00:00,382.4609
2014-03-09 12:00:00,71.3264
2014-03-09 13:00:00,449.1902
2014-03-09 14:00:00,0.0
2014-03-09 15:00:00,0.0
2014-03-09 16:00:00,355.0
2014-03-09 17:00:00,336.0
2014-03-09 18:00:00,364.0
2014-03-09 19:00:00,393.0
2014-03-09 20:00:00,238.0
2014-03-09 21:00:00,433.0
2014-03-09 22:00:00,301.0
2014-03-09 23:00:00,329.0
2014-03-10 00:00:00,426.0
2014-03-10 01:00:00,262.0
2014-03-10 02:00:00,303.0
2014-03-10 03:00:00,225.0
2014-03-10 04:00:00,418.0
2014-03-10 05:00:00,415.0
2014-03-10 06:00:00,202.0
2014-03-10 07:00:00,333.0
2014-03-10 08:00:00,440.0
2014-03-10 09:00:00,292.4499
2014-03-10 10:00:00,60.938
2014-03-10 11:00:00,382.4609
2014-03-10 12:00:00,71.3264
2014-03-10 13:00:00,449.1902
2014-03-10 14:00:00,0.0
2014-03-10 15:00:00,0.0
2014-03-10 16:00:00,355.0
2014-03-10 17:00:00,336.0
2014-03-10 18:00:00,364.0
2014-03-10 19:00:00,393.0
2014-03-10 20:00:00,238.0
2014-03-10 21:00:00,433.0
2014-03-10 22:00:00,301.0
2014-03-10 23:00:00,329.0
2014-03-11 00:00:00,426.0
2014-03-11 01:00:00,262.0
2014-03-11 02:00:00,303.0
2014-03-11 03:00:00,225.0
2014-03-11 04:00:00,418.0
2014-03-11 05:00:00,415.0
2014-03-11 06:00:00,202.0
2014-03-11 07:00:00,333.0
2014-03-11 08:00:00,440.0
2014-03-11 09:00:00,292.4499
2014-03-11 10:00:00,60.938
2014-03-11 11:00:00,382.4609
2014-03-11 12:00:00,71.3264
2014-03-11 13:00:00,449.1902
2014-03-11 14:00:00,0.0
2014-03-11 15:00:00,0.0
2014-03-11 16:00:00,355.0
2014-03-11 17:00:00,336.0
2014-03-11 18:00:00,364.0
2014-03-11 19:00:00,393.0
2014-03-11 20:00:00,238.0
2014-03-11 21:00:00,433.0
2014-03-11 22:00:00,301.0
2014-03-11 23:00:00,329.0
2014-03-12 00:00:00,426.0
2014-03-12 01:00:00,262.0
2014-03-12 02:00:00,303.0
2014-03-12 03:00:00,225.0
2014-03-12 04:00:00,418.0
2014-03-12 05:00:00,415.0
2014-03-12 06:00:00,202.0
2014-03-12 07:00:00,333.0
2014-03-12 08:00:00,440.0
2014-03-12 09:00:00,292.4499
2014-03-12 10:00:00,60.938
2014-03-12 11:00:00,382.4609
2014-03-12 12:00:00,71.3264
2014-03-12 13:00:00,449.1902
2014-03-12 14:00:00,0.0
2014-03-12 15:00:00,0.0
2014-03-12 16:00:00,355.0
2014-03-12 17:00:00,336.0
2014-03-12 18:00:00,364.0
2014-03-12 19:00:00,393.0
2014-03-12 20:00:00,238.0
2014-03-12 21:00:00,433.0
2014-03-12 22:00:00,301.0
2014-03-12 23:00:00,329.0
2014-03-13 00:00:00,426.0
2014-03-13 01:00:00,262.0
2014-03-13 02:00:00,303.0
2014-03-13 03:00:00,225.0
2014-03-13 04:00:00,418.0
2014-03-13 05:00:00,415.0
2014-03-13 06:00:00,202.0
2014-03-13 07:00:00,333.0
2014-03-13 08:00:00,440.0
2014-03-13 09:00:00,292.4499
2014-03-13 10:00:00,60.938
2014-03-13 11:00:00,382.4609
2014-03-13 12:00:00,71.3264
2014-03-13 13:00:00,449.1902
2014-03-13 14:00:00,0.0
2014-03-13 15:00:00,0.0
2014-03-13 16:00:00,355.0
2014-03-13 17:00:00,336.0
2014-03-13 18:00:00,364.0
2014-03-13 19:00:00,393.0
2014-03-13 20:00:00,238.0
2014-03-13 21:00:00,433.0
2014-03-13 22:00:00,301.0
2014-03-13 23:00:00,329.0
2014-03-14 00:00:00,426.0
2014-03-14 01:00:00,262.0
2014-03-14 02:00:00,303.0
2014-03-14 03:00:00,225.0
2014-03-14 04:00:00,418.0
2014-03-14 05:00:00,415.0
2014-03-14 06:00:00,202.0
2014-03-14 07:00:00,333.0
2014-03-14 08:00:00,440.0
2014-03-14 09:00:00,292.4499
2014-03-14 10:00:00,60.938
2014-03-14 11:00:00,382.4609
2014-03-14 12:00:00,71.3264
2014-03-14 13:00:00,449.1902
2014-03-14 14:00:00,0.0
2014-03-14 15:00:00,0.0
2014-03-14 16:00:00,355.0
2014-03-14 17:00:00,336.0
2014-03-14 18:00:00,364.0
2014-03-14 19:00:00,393.0
2014-03-14 20:00:00,238.0
2014-03-14 21:00:00,433.0
2014-03-14 22:00:00,301.0
2014-03-14 23:00:00,329.0
2014-03-15 00:00:00,426.0
2014-03-15 01:00:00,262.0
2014-03-15 02:00:00,303.0
2014-03-15 03:00:00,225.0
2014-03-15 04:00:00,418.0
2014-03-15 05:00:00,415.0
2014-03-15 06:00:00,202.0
2014-03-15 07:00:00,333.0
2014-03-15 08:00:00,440.0
2014-03-15 09:00:00,292.4499
2014-03-15 10:00:00,60.938
2014-03-15 11:00:00,382.4609
2014-03-15 12:00:00,71.3264
2014-03-15 13:00:00,449.1902
2014-03-15 14:00:00,0.0
2014-03-15 15:00:00,0.0
2014-03-15 16:00:00,355.0
2014-03-15 17:00:00,336.0
2014-03-15 18:00:00,364.0
2014-03-15 19:00:00,393.0
2014-03-15 20:00:00,238.0
2014-03-15 21:00:00,433.0
2014-03-15 22:00:00,301.0
2014-03-15 23:00:00,329.0
2014-03-16 00:00:00,426.0
2014-03-16 01:00:00,262.0
2014-03-16 02:00:00,303.0
2014-03-16 03:00:00,225.0
2014-03-16 04:00:00,418.0
2014-03-16 05:00:00,415.0
2014-03-16 06:00:00,202.0
2014-03-16 07:00:00,333.0
2014-03-16 08:00:00,440.0
2014-03-16 09:00:00,292.4499
2014-03-16 10:00:00,60.938
2014-03-16 11:00:00,382.4609
2014-03-16 12:00:00,71.3264
2014-03-16 13:00:00,449.1902
2014-03-16 14:00:00,0.0
2014-03-16 15:00:00,0.0
2014-03-16 16:00:00,355.0
2014-03-16 17:00:00,336.0
2014-03-16 18:00:00,364.0
2014-03-16 19:00:00,393.0
2014-03-16 20:00:00,238.0
2014-03-16 21:00:00,433.0
2014-03-16 22:00:00,301.0
2014-03-16 23:00:00,329.0
2014-03-17 00:00:00,426.0
2014-03-17 01:00:00,262.0
2014-03-17 02:00:00,303.0
2014-03-17 03:00:00,225.0
2014-03-17 04:00:00,418.0
2014-03-17 05:00:00,415.0
2014-03-17 06:00:00,202.0
2014-03-17 07:00:00,333.0
2014-03-17 08:00:00,440.0
2014-03-17 09:00:00,292.4499
2014-03-17 10:00:00,60.938
2014-03-17 11:00:00,382.4609
2014-03-17 12:00:00,71.3264
2014-03-17 13:00:00,449.1902
2014-03-17 14:00:00,0.0
2014-03-17 15:00:00,0.0
2014-03-17 16:00:00,355.0
2014-03-17 17:00:00,336.0
2014-03-17 18:00:00,364.0
2014-03-17 19:00:00,393.0
2014-03-17 20:00:00,238.0
2014-03-17 21:00:00,433.0
2014-03-17 22:00:00,301.0
2014-03-17 23:00:00,329.0
2014-03-18 00:00:00,426.0
2014-03-18 01:00:00,262.0
2014-03-18 02:00:00,303.0
2014-03-18 03:00:00,225.0
2014-03-18 04:00:00,418.0
2014-03-18 05:00:00,415.0
2014-03-18 06:00:00,202.0
2014-03-18 07:00:00,333.0
2014-03-18 08:00:00,440.0
2014-03-18 09:00:00,292.4499
2014-03-18 10:00:00,60.938
2014-03-18 11:00:00,382.4609
2014-03-18 12:00:00,71.3264
2014-03-18 13:00:00,449.1902
2014-03-18 14:00:00,0.0
2014-03-18 15:00:00,0.0
2014-03-18 16:00:00,355.0
2014-03-18 17:00:00,336.0
2014-03-18 18:00:00,364.0
2014-03-18 19:00:00,393.0
2014-03-18 20:00:00,238.0
2014-03-18 21:00:00,433.0
2014-03-18 22:00:00,301.0
2014-03-18 23:00:00,329.0
2014-03-19 00:00:00,426.0
2014-03-19 01:00:00,262.0
2014-03-19 02:00:00,303.0
2014-03-19 03:00:00,225.0
2014-03-19 04:00:00,418.0
2014-03-19 05:00:00,415.0
2014-03-19 06:00:00,202.0
2014-03-19 07:00:00,333.0
2014-03-19 08:00:00,440.0
2014-03-19 09:00:00,292.4499
2014-03-19 10:00:00,60.938
2014-03-19 11:00:00,382.4609
2014-03-19 12:00:00,71.3264
2014-03-19 13:00:00,449.1902
2014-03-19 14:00:00,0.0
2014-03-19 15:00:00,0.0
2014-03-19 16:00:00,355.0
2014-03-19 17:00:00,336.0
2014-03-19 18:00:00,364.0
2014-03-19 19:00:00,393.0
2014-03-19 20:00:00,238.0
2014-03-19 21:00:00,433.0
2014-03-19 22:00:00,301.0
2014-03-19 23:00:00,329.0
2014-03-20 00:00:00,426.0
2014-03-20 01:00:00,262.0
2014-03-20 02:00:00,303.0
2014-03-20 03:00:00,225.0
2014-03-20 04:00:00,418.0
2014-03-20 05:00:00,415.0
2014-03-20 06:00:00,202.0
2014-03-20 07:00:00,333.0
2014-03-20 08:00:00,440.0
2014-03-20 09:00:00,292.4499
2014-03-20 10:00:00,60.938
2014-03-20 11:00:00,382.4609
2014-03-20 12:00:00,71.3264
2014-03-20 13:00:00,449.1902
2014-03-20 14:00:00,0.0
2014-03-20 15:00:00,0.0
2014-03-20 16:00:00,355.0
2014-03-20 17:00:00,336.0
2014-03-20 18:00:00,364.0
2014-03-20 19:00:00,393.0
2014-03-20 20:00:00,238.0
2014-03-20 21:00:00,433.0
2014-03-20 22:00:00,301.0
2014-03-20 23:00:00,329.0
2014-03-21 00:00:00,426.0
2014-03-21 01:00:00,262.0
2014-03-21 02:00:00,303.0
2014-03-21 03:00:00,225.0
2014-03-21 04:00:00,418.0
2014-03-21 05:00:00,415.0
2014-03-21 06:00:00,202.0
2014-03-21 07:00:00,333.0
2014-03-21 08:00:00,440.0
2014-03-21 09:00:00,292.4499
2014-03-21 10:00:00,60.938
2014-03-21 11:00:00,382.4609
2014-03-21 12:00:00,71.3264
2014-03-21 13:00:00,449.1902
2014-03-21 14:00:00,0.0
2014-03-21 15:00:00,0.0
2014-03-21 16:00:00,355.0
2014-03-21 17:00:00,336.0
2014-03-21 18:00:00,364.0
2014-03-21 19:00:00,393.0
2014-03-21 20:00:00,238.0
2014-03-21 21:00:00,433.0
2014-03-21 22:00:00,301.0
2014-03-21 23:00:00,329.0
2014-03-22 00:00:00,426.0
2014-03-22 01:00:00,262.0
2014-03-22 02:00:00,303.0
2014-03-22 03:00:00,225.0
2014-03-22 04:00:00,418.0
2014-03-22 05:00:00,415.0
2014-03-22 06:00:00,202.0
2014-03-22 07:00:00,333.0
2014-03-22 08:00:00,440.0
2014-03-22 09:00:00,292.4499
2014-03-22 10:00:00,60.938
2014-03-22 11:00:00,382.4609
2014-03-22 12:00:00,71.3264
2014-03-22 13:00:00,449.1902
2014-03-22 14:00:00,0.0
2014-03-22 15:00:00,0.0
2014-03-22 16:00:00,355.0
2014-03-22 17:00:00,336.0
2014-03-22 18:00:00,364.0
2014-03-22 19:00:00,393.0
2014-03-22 20:00:00,238.0
2014-03-22 21:00:00,433.0
2014-03-22 22:00:00,301.0
2014-03-22 23:00:00,329.0
2014-03-23 00:00:00,426.0
2014-03-23 01:00:00,262.0
2014-03-23 02:00:00,303.0
2014-03-23 03:00:00,225.0
2014-03-23 04:00:00,418.0
2014-03-23 05:00:00,415.0
2014-03-23 06:00:00,202.0
2014-03-23 07:00:00,333.0
2014-03-23 08:00:00,440.0
2014-03-23 09:00:00,292.4499
2014-03-23 10:00:00,60.938
2014-03-23 11:00:00,382.4609
2014-03-23 12:00:00,71.3264
2014-03-23 13:00:00,449.1902
2014-03-23 14:00:00,0.0
2014-03-23 15:00:00,0.0
2014-03-23 16:00:00,355.0
2014-03-23 17:00:00,336.0
2014-03-23 18:00:00,364.0
2014-03-23 19:00:00,393.0
2014-03-23 20:00:00,238.0
2014-03-23 21:00:00,433.0
2014-03-23 22:00:00,301.0
2014-03-23 23:00:00,329.0
2014-03-24 00:00:00,426.0
2014-03-24 01:00:00,262.0
2014-03-24 02:00:00,303.0
2014-03-24 03:00:00,225.0
2014-03-24 04:00:00,418.0
2014-03-24 05:00:00,415.0
2014-03-24 06:00:00,202.0
2014-03-24 07:00:00,333.0
2014-03-24 08:00:00,440.0
2014-03-24 09:00:00,292.4499
2014-03-24 10:00:00,60.938
2014-03-24 11:00:00,382.4609
2014-03-24 12:00:00,71.3264
2014-03-24 13:00:00,449.1902
2014-03-24 14:00:00,0.0
2014-03-24 15:00:00,0.0
2014-03-24 16:00:00,355.0
2014-03-24 17:00:00,336.0
2014-03-24 18:00:00,364.0
2014-03-24 19:00:00,393.0
2014-03-24 20:00:00,238.0
2014-03-24 21:00:00,433.0
2014-03-24 22:00:00,301.0
2014-03-24 23:00:00,329.0
2014-03-25 00:00:00,426.0
2014-03-25 01:00:00,262.0
2014-03-25 02:00:00,303.0
2014-03-25 03:00:00,225.0
2014-03-25 04:00:00,418.0
2014-03-25 05:00:00,415.0
2014-03-25 06:00:00,202.0
2014-03-25 07:00:00,333.0
2014-03-25 08:00:00,440.0
2014-03-25 09:00:00,292.4499
2014-03-25 10:00:00,60.938
2014-03-25 11:00:00,382.4609
2014-03-25 12:00:00,71.3264
2014-03-25 13:00:00,449.1902
2014-03-25 14:00:00,0.0
2014-03-25 15:00:00,0.0
2014-03-25 16:00:00,355.0
2014-03-25 17:00:00,336.0
2014-03-25 18:00:00,364.0
2014-03-25 19:00:00,393.0
2014-03-25 20:00:00,238.0
2014-03-25 21:00:00,433.0
2014-03-25 22:00:00,301.0
2014-03-25 23:00:00,329.0
2014-03-26 00:00:00,426.0
2014-03-26 01:00:00,262.0
2014-03-26 02:00:00,303.0
2014-03-26 03:00:00,225.0
2014-03-26 04:00:00,418.0
2014-03-26 05:00:00,415.0
2014-03-26 06:00:00,202.0
2014-03-26 07:00:00,333.0
2014-03-26 08:00:00,440.0
2014-03-26 09:00:00,292.4499
2014-03-26 10:00:00,60.938
2014-03-26 11:00:00,382.4609
2014-03-26 12:00:00,71.3264
2014-03-26 13:00:00,449.1902
2014-03-26 14:00:00,0.0
2014-03-26 15:00:00,0.0
2014-03-26 16:00:00,355.0
2014-03-26 17:00:00,336.0
2014-03-26 18:00:00,364.0
2014-03-26 19:00:00,393.0
2014-03-26 20:00:00,238.0
2014-03-26 21:00:00,433.0
2014-03-26 22:00:00,301.0
2014-03-26 23:00:00,329.0
2014-03-27 00:00:00,426.0
2014-03-27 01:00:00,262.0
2014-03-27 02:00:00,303.0
2014-03-27 03:00:00,225.0
2014-03-27 04:00:00,418.0
2014-03-27 05:00:00,415.0
2014-03-27 06:00:00,202.0
2014-03-27 07:00:00,333.0
2014-03-27 08:00:00,440.0
2014-03-27 09:00:00,292.4499
2014-03-27 10:00:00,60.938
2014-03-27 11:00:00,382.4609
2014-03-27 12:00:00,71.3264
2014-03-27 13:00:00,449.1902
2014-03-27 14:00:00,0.0
2014-03-27 15:00:00,0.0
2014-03-27 16:00:00,355.0
2014-03-27 17:00:00,336.0
2014-03-27 18:00:00,364.0
2014-03-27 19:00:00,393.0
2014-03-27 20:00:00,238.0
2014-03-27 21:00:00,433.0
2014-03-27 22:00:00,301.0
2014-03-27 23:00:00,329.0
2014-03-28 00:00:00,426.0
2014-03-28 01:00:00,262.0
2014-03-28 02:00:00,303.0
2014-03-28 03:00:00,225.0
2014-03-28 04:00:00,418.0
2014-03-28 05:00:00,415.0
2014-03-28 06:00:00,202.0
2014-03-28 07:00:00,333.0
2014-03-28 08:00:00,440.0
2014-03-28 09:00:00,292.4499
2014-03-28 10:00:00,60.938
2014-03-28 11:00:00,382.4609
2014-03-28 12:00:00,71.3264
2014-03-28 13:00:00,449.1902
2014-03-28 14:00:00,0.0
2014-03-28 15:00:00,0.0
2014-03-28 16:00:00,355.0
2014-03-28 17:00:00,336.0
2014-03-28 18:00:00,364.0
2014-03-28 19:00:00,393.0
2014-03-28 20:00:00,238.0
2014-03-28 21:00:00,433.0
2014-03-28 22:00:00,301.0
2014-03-28 23:00:00,329.0
2014-03-29 00:00:00,426.0
2014-03-29 01:00:00,262.0
2014-03-29 02:00:00,303.0
2014-03-29 03:00:00,225.0
2014-03-29 04:00:00,418.0
2014-03-29 05:00:00,415.0
2014-03-29 06:00:00,202.0
2014-03-29 07:00:00,333.0
2014-03-29 08:00:00,440.0
2014-03-29 09:00:00,292.4499
2014-03-29 10:00:00,60.938
2014-03-29 11:00:00,382.4609
2014-03-29 12:00:00,71.3264
2014-03-29 13:00:00,449.1902
2014-03-29 14:00:00,0.0
2014-03-29 15:00:00,0.0
2014-03-29 16:00:00,355.0
2014-03-29 17:00:00,336.0
2014-03-29 18:00:00,364.0
2014-03-29 19:00:00,393.0
2014-03-29 20:00:00,238.0
2014-03-29 21:00:00,433.0
2014-03-29 22:00:00,301.0
2014-03-29 23:00:00,329.0
2014-03-30 00:00:00,426.0
2014-03-30 01:00:00,262.0
2014-03-30 02:00:00,303.0
2014-03-30 03:00:00,225.0
2014-03-30 04:00:00,418.0
2014-03-30 05:00:00,415.0
2014-03-30 06:00:00,202.0
2014-03-30 07:00:00,333.0
2014-03-30 08:00:00,440.0
2014-03-30 09:00:00,292.4499
2014-03-30 10:00:00,60.938
2014-03-30 11:00:00,382.4609
2014-03-30 12:00:00,71.3264
2014-03-30 13:00:00,449.1902
2014-03-30 14:00:00,0.0
2014-03-30 15:00:00,0.0
2014-03-30 16:00:00,355.0
2014-03-30 17:00:00,336.0
2014-03-30 18:00:00,364.0
2014-03-30 19:00:00,393.0
2014-03-30 20:00:00,238.0
2014-03-30 21:00:00,433.0
2014-03-30 22:00:00,301.0
2014-03-30 23:00:00,329.0
2014-03-31 00:00:00,426.0
2014-03-31 01:00:00,262.0
2014-03-31 02:00:00,303.0
2014-03-31 03:00:00,225.0
2014-03-31 04:00:00,418.0
2014-03-31 05:00:00,415.0
2014-03-31 06:00:00,202.0
2014-03-31 07:00:00,333.0
2014-03-31 08:00:00,440.0
2014-03-31 09:00:00,292.4499
2014-03-31 10:00:00,60.938
2014-03-31 11:00:00,382.4609
2014-03-31 12:00:00,71.3264
2014-03-31 13:00:00,449.1902
2014-03-31 14:00:00,0.0
2014-03-31 15:00:00,0.0
2014-03-31 16:00:00,355.0
2014-03-31 17:00:00,336.0
2014-03-31 18:00:00,364.0
2014-03-31 19:00:00,393.0
2014-03-31 20:00:00,238.0
2014-03-31 21:00:00,433.0
2014-03-31 22:00:00,301.0
2014-03-31 23:00:00,329.0
2014-04-01 00:00:00,426.0
2014-04-01 01:00:00,262.0
2014-04-01 02:00:00,303.0
2014-04-01 03:00:00,225.0
2014-04-01 04:00:00,418.0
2014-04-01 05:00:00,415.0
2014-04-01 06:00:00,202.0
2014-04-01 07:00:00,333.0
2014-04-01 08:00:00,440.0
2014-04-01 09:00:00,292.4499
2014-04-01 10:00:00,60.938
2014-04-01 11:00:00,382.4609
2014-04-01 12:00:00,71.3264
2014-04-01 13:00:00,449.1902
2014-04-01 14:00:00,0.0
2014-04-01 15:00:00,0.0
2014-04-01 16:00:00,355.0
2014-04-01 17:00:00,336.0
2014-04-01 18:00:00,364.0
2014-04-01 19:00:00,393.0
2014-04-01 20:00:00,238.0
2014-04-01 21:00:00,433.0
2014-04-01 22:00:00,301.0
2014-04-01 23:00:00,329.0
2014-04-02 00:00:00,426.0
2014-04-02 01:00:00,262.0
2014-04-02 02:00:00,303.0
2014-04-02 03:00:00,225.0
2014-04-02 04:00:00,418.0
2014-04-02 05:00:00,415.0
2014-04-02 06:00:00,202.0
2014-04-02 07:00:00,333.0
2014-04-02 08:00:00,440.0
2014-04-02 09:00:00,292.4499
2014-04-02 10:00:00,60.938
2014-04-02 11:00:00,382.4609
2014-04-02 12:00:00,71.3264
2014-04-02 13:00:00,449.1902
2014-04-02 14:00:00,0.0
2014-04-02 15:00:00,0.0
2014-04-02 16:00:00,355.0
2014-04-02 17:00:00,336.0
2014-04-02 18:00:00,364.0
2014-04-02 19:00:00,393.0
2014-04-02 20:00:00,238.0
2014-04-02 21:00:00,433.0
2014-04-02 22:00:00,301.0
2014-04-02 23:00:00,329.0
2014-04-03 00:00:00,426.0
2014-04-03 01:00:00,262.0
2014-04-03 02:00:00,303.0
2014-04-03 03:00:00,225.0
2014-04-03 04:00:00,418.0
2014-04-03 05:00:00,415.0
2014-04-03 06:00:00,202.0
2014-04-03 07:00:00,333.0
2014-04-03 08:00:00,440.0
2014-04-03 09:00:00,292.4499
2014-04-03 10:00:00,60.938
2014-04-03 11:00:00,382.4609
2014-04-03 12:00:00,71.3264
2014-04-03 13:00:00,449.1902
2014-04-03 14:00:00,0.0
2014-04-03 15:00:00,0.0
2014-04-03 16:00:00,355.0
2014-04-03 17:00:00,336.0
2014-04-03 18:00:00,364.0
2014-04-03 19:00:00,393.0
2014-04-03 20:00:00,238.0
2014-04-03 21:00:00,433.0
2014-04-03 22:00:00,301.0
2014-04-03 23:00:00,329.0
2014-04-04 00:00:00,426.0
2014-04-04 01:00:00,262.0
2014-04-04 02:00:00,303.0
2014-04-04 03:00:00,225.0
2014-04-04 04:00:00,418.0
2014-04-04 05:00:00,415.0
2014-04-04 06:00:00,202.0
2014-04-04 07:00:00,333.0
2014-04-04 08:00:00,440.0
2014-04-04 09:00:00,292.4499
2014-04-04 10:00:00,60.938
2014-04-04 11:00:00,382.4609
2014-04-04 12:00:00,71.3264
2014-04-04 13:00:00,449.1902
2014-04-04 14:00:00,0.0
2014-04-04 15:00:00,0.0
2014-04-04 16:00:00,355.0
2014-04-04 17:00:00,336.0
2014-04-04 18:00:00,364.0
2014-04-04 19:00:00,393.0
2014-04-04 20:00:00,238.0
2014-04-04 21:00:00,433.0
2014-04-04 22:00:00,301.0
2014-04-04 23:00:00,329.0
2014-04-05 00:00:00,426.0
2014-04-05 01:00:00,262.0
2014-04-05 02:00:00,303.0
2014-04-05 03:00:00,225.0
2014-04-05 04:00:00,418.0
2014-04-05 05:00:00,415.0
2014-04-05 06:00:00,202.0
2014-04-05 07:00:00,333.0
2014-04-05 08:00:00,440.0
2014-04-05 09:00:00,292.4499
2014-04-05 10:00:00,60.938
2014-04-05 11:00:00,382.4609
2014-04-05 12:00:00,71.3264
2014-04-05 13:00:00,449.1902
2014-04-05 14:00:00,0.0
2014-04-05 15:00:00,0.0
2014-04-05 16:00:00,355.0
2014-04-05 17:00:00,336.0
2014-04-05 18:00:00,364.0
2014-04-05 19:00:00,393.0
2014-04-05 20:00:00,238.0
2014-04-05 21:00:00,433.0
2014-04-05 22:00:00,301.0
2014-04-05 23:00:00,329.0
2014-04-06 00:00:00,426.0
2014-04-06 01:00:00,262.0
2014-04-06 02:00:00,303.0
2014-04-06 03:00:00,225.0
2014-04-06 04:00:00,418.0
2014-04-06 05:00:00,415.0
2014-04-06 06:00:00,202.0
2014-04-06 07:00:00,333.0
2014-04-06 08:00:00,440.0
2014-04-06 09:00:00,292.4499
2014-04-06 10:00:00,60.938
2014-04-06 11:00:00,382.4609
2014-04-06 12:00:00,71.3264
2014-04-06 13:00:00,449.1902
2014-04-06 14:00:00,0.0
2014-04-06 15:00:00,0.0
2014-04-06 16:00:00,355.0
2014-04-06 17:00:00,336.0
2014-04-06 18:00:00,364.0
2014-04-06 19:00:00,393.0
2014-04-06 20:00:00,238.0
2014-04-06 21:00:00,433.0
2014-04-06 22:00:00,301.0
2014-04-06 23:00:00,329.0
2014-04-07 00:00:00,426.0
2014-04-07 01:00:00,262.0
2014-04-07 02:00:00,303.0
2014-04-07 03:00:00,225.0
2014-04-07 04:00:00,418.0
2014-04-07 05:00:00,415.0
2014-04-07 06:00:00,202.0
2014-04-07 07:00:00,333.0
2014-04-07 08:00:00,440.0
2014-04-07 09:00:00,292.4499
2014-04-07 10:00:00,60.938
2014-04-07 11:00:00,382.4609
2014-04-07 12:00:00,71.3264
2014-04-07 13:00:00,449.1902
2014-04-07 14:00:00,0.0
2014-04-07 15:00:00,0.0
2014-04-07 16:00:00,355.0
2014-04-07 17:00:00,336.0
2014-04-07 18:00:00,364.0
2014-04-07 19:00:00,393.0
2014-04-07 20:00:00,238.0
2014-04-07 21:00:00,433.0
2014-04-07 22:00:00,301.0
2014-04-07 23:00:00,329.0
2014-04-08 00:00:00,426.0
2014-04-08 01:00:00,262.0
2014-04-08 02:00:00,303.0
2014-04-08 03:00:00,225.0
2014-04-08 04:00:00,418.0
2014-04-08 05:00:00,415.0
2014-04-08 06:00:00,202.0
2014-04-08 07:00:00,333.0
2014-04-08 08:00:00,440.0
2014-04-08 09:00:00,292.4499
2014-04-08 10:00:00,60.938
2014-04-08 11:00:00,382.4609
2014-04-08 12:00:00,71.3264
2014-04-08 13:00:00,449.1902
2014-04-08 14:00:00,0.0
2014-04-08 15:00:00,0.0
2014-04-08 16:00:00,355.0
2014-04-08 17:00:00,336.0
2014-04-08 18:00:00,364.0
2014-04-08 19:00:00,393.0
2014-04-08 20:00:00,238.0
2014-04-08 21:00:00,433.0
2014-04-08 22:00:00,301.0
2014-04-08 23:00:00,329.0
2014-04-09 00:00:00,426.0
2014-04-09 01:00:00,262.0
2014-04-09 02:00:00,303.0
2014-04-09 03:00:00,225.0
2014-04-09 04:00:00,418.0
2014-04-09 05:00:00,415.0
2014-04-09 06:00:00,202.0
2014-04-09 07:00:00,333.0
2014-04-09 08:00:00,440.0
2014-04-09 09:00:00,292.4499
2014-04-09 10:00:00,60.938
2014-04-09 11:00:00,382.4609
2014-04-09 12:00:00,71.3264
2014-04-09 13:00:00,449.1902
2014-04-09 14:00:00,0.0
2014-04-09 15:00:00,0.0
2014-04-09 16:00:00,355.0
2014-04-09 17:00:00,336.0
2014-04-09 18:00:00,364.0
2014-04-09 19:00:00,393.0
2014-04-09 20:00:00,238.0
2014-04-09 21:00:00,433.0
2014-04-09 22:00:00,301.0
2014-04-09 23:00:00,329.0
2014-04-10 00:00:00,426.0
2014-04-10 01:00:00,262.0
2014-04-10 02:00:00,303.0
2014-04-10 03:00:00,225.0
2014-04-10 04:00:00,418.0
2014-04-10 05:00:00,415.0
2014-04-10 06:00:00,202.0
2014-04-10 07:00:00,333.0
2014-04-10 08:00:00,440.0
2014-04-10 09:00:00,292.4499
2014-04-10 10:00:00,60.938
2014-04-10 11:00:00,382.4609
2014-04-10 12:00:00,71.3264
2014-04-10 13:00:00,449.1902
2014-04-10 14:00:00,0.0
2014-04-10 15:00:00,0.0
2014-04-10 16:00:00,355.0
2014-04-10 17:00:00,336.0
2014-04-10 18:00:00,364.0
2014-04-10 19:00:00,393.0
2014-04-10 20:00:00,238.0
2014-04-10 21:00:00,433.0
2014-04-10 22:00:00,301.0
2014-04-10 23:00:00,329.0
2014-04-11 00:00:00,426.0
2014-04-11 01:00:00,262.0
2014-04-11 02:00:00,303.0
2014-04-11 03:00:00,225.0
2014-04-11 04:00:00,418.0
2014-04-11 05:00:00,415.0
2014-04-11 06:00:00,202.0
2014-04-11 07:00:00,333.0
2014-04-11 08:00:00,440.0
2014-04-11 09:00:00,292.4499
2014-04-11 10:00:00,60.938
2014-04-11 11:00:00,382.4609
2014-04-11 12:00:00,71.3264
2014-04-11 13:00:00,449.1902
2014-04-11 14:00:00,0.0
2014-04-11 15:00:00,0.0
2014-04-11 16:00:00,355.0
2014-04-11 17:00:00,336.0
2014-04-11 18:00:00,364.0
2014-04-11 19:00:00,393.0
2014-04-11 20:00:00,238.0
2014-04-11 21:00:00,433.0
2014-04-11 22:00:00,301.0
2014-04-11 23:00:00,329.0
2014-04-12 00:00:00,426.0
2014-04-12 01:00:00,262.0
2014-04-12 02:00:00,303.0
2014-04-12 03:00:00,225.0
2014-04-12 04:00:00,418.0
2014-04-12 05:00:00,415.0
2014-04-12 06:00:00,202.0
2014-04-12 07:00:00,333.0
2014-04-12 08:00:00,440.0
2014-04-12 09:00:00,292.4499
2014-04-12 10:00:00,60.938
2014-04-12 11:00:00,382.4609
2014-04-12 12:00:00,71.3264
2014-04-12 13:00:00,449.1902
2014-04-12 14:00:00,0.0
2014-04-12 15:00:00,0.0
2014-04-12 16:00:00,355.0
2014-04-12 17:00:00,336.0
2014-04-12 18:00:00,364.0
2014-04-12 19:00:00,393.0
2014-04-12 20:00:00,238.0
2014-04-12 21:00:00,433.0
2014-04-12 22:00:00,301.0
2014-04-12 23:00:00,329.0
2014-04-13 00:00:00,426.0
2014-04-13 01:00:00,262.0
2014-04-13 02:00:00,303.0
2014-04-13 03:00:00,225.0
2014-04-13 04:00:00,418.0
2014-04-13 05:00:00,415.0
2014-04-13 06:00:00,202.0
2014-04-13 07:00:00,333.0
2014-04-13 08:00:00,440.0
2014-04-13 09:00:00,292.4499
2014-04-13 10:00:00,60.938
2014-04-13 11:00:00,382.4609
2014-04-13 12:00:00,71.3264
2014-04-13 13:00:00,449.1902
2014-04-13 14:00:00,0.0
2014-04-13 15:00:00,0.0
2014-04-13 16:00:00,355.0
2014-04-13 17:00:00,336.0
2014-04-13 18:00:00,364.0
2014-04-13 19:00:00,393.0
2014-04-13 20:00:00,238.0
2014-04-13 21:00:00,433.0
2014-04-13 22:00:00,301.0
2014-04-13 23:00:00,329.0
2014-04-14 00:00:00,426.0
2014-04-14 01:00:00,262.0
2014-04-14 02:00:00,303.0
2014-04-14 03:00:00,225.0
2014-04-14 04:00:00,418.0
2014-04-14 05:00:00,415.0
2014-04-14 06:00:00,202.0
2014-04-14 07:00:00,333.0
2014-04-14 08:00:00,440.0
2014-04-14 09:00:00,292.4499
2014-04-14 10:00:00,60.938
2014-04-14 11:00:00,382.4609
2014-04-14 12:00:00,71.3264
2014-04-14 13:00:00,449.1902
2014-04-14 14:00:00,0.0
2014-04-14 15:00:00,0.0
2014-04-14 16:00:00,355.0
2014-04-14 17:00:00,336.0
2014-04-14 18:00:00,364.0
2014-04-14 19:00:00,393.0
2014-04-14 20:00:00,238.0
2014-04-14 21:00:00,433.0
2014-04-14 22:00:00,301.0
2014-04-14 23:00:00,329.0
2014-04-15 00:00:00,426.0
2014-04-15 01:00:00,262.0
2014-04-15 02:00:00,303.0
2014-04-15 03:00:00,225.0
2014-04-15 04:00:00,418.0
2014-04-15 05:00:00,415.0
2014-04-15 06:00:00,202.0
2014-04-15 07:00:00,333.0
2014-04-15 08:00:00,440.0
2014-04-15 09:00:00,292.4499
2014-04-15 10:00:00,0.0
2014-04-15 11:00:00,0.0
2014-04-15 12:00:00,0.0
2014-04-15 13:00:00,0.0
2014-04-15 14:00:00,0.0
2014-04-15 15:00:00,0.0
2014-04-15 16:00:00,355.0
2014-04-15 17:00:00,336.0
2014-04-15 18:00:00,364.0
2014-04-15 19:00:00,393.0
2014-04-15 20:00:00,238.0
2014-04-15 21:00:00,433.0
2014-04-15 22:00:00,301.0
2014-04-15 23:00:00,329.0
2014-04-16 00:00:00,426.0
2014-04-16 01:00:00,262.0
2014-04-16 02:00:00,303.0
2014-04-16 03:00:00,225.0
2014-04-16 04:00:00,418.0
2014-04-16 05:00:00,415.0
2014-04-16 06:00:00,202.0
2014-04-16 07:00:00,333.0
2014-04-16 08:00:00,440.0
2014-04-16 09:00:00,292.4499
2014-04-16 10:00:00,0.0
2014-04-16 11:00:00,0.0
2014-04-16 12:00:00,0.0
2014-04-16 13:00:00,0.0
2014-04-16 14:00:00,0.0
2014-04-16 15:00:00,0.0
2014-04-16 16:00:00,355.0
2014-04-16 17:00:00,336.0
2014-04-16 18:00:00,364.0
2014-04-16 19:00:00,393.0
2014-04-16 20:00:00,238.0
2014-04-16 21:00:00,433.0
2014-04-16 22:00:00,301.0
2014-04-16 23:00:00,329.0
2014-04-17 00:00:00,426.0
2014-04-17 01:00:00,262.0
2014-04-17 02:00:00,303.0
2014-04-17 03:00:00,225.0
2014-04-17 04:00:00,418.0
2014-04-17 05:00:00,415.0
2014-04-17 06:00:00,202.0
2014-04-17 07:00:00,333.0
2014-04-17 08:00:00,440.0
2014-04-17 09:00:00,292.4499
2014-04-17 10:00:00,0.0
2014-04-17 11:00:00,0.0
2014-04-17 12:00:00,0.0
2014-04-17 13:00:00,0.0
2014-04-17 14:00:00,0.0
2014-04-17 15:00:00,0.0
2014-04-17 16:00:00,355.0
2014-04-17 17:00:00,336.0
2014-04-17 18:00:00,364.0
2014-04-17 19:00:00,393.0
2014-04-17 20:00:00,238.0
2014-04-17 21:00:00,433.0
2014-04-17 22:00:00,301.0
2014-04-17 23:00:00,329.0
2014-04-18 00:00:00,426.0
2014-04-18 01:00:00,262.0
2014-04-18 02:00:00,303.0
2014-04-18 03:00:00,225.0
2014-04-18 04:00:00,418.0
2014-04-18 05:00:00,415.0
2014-04-18 06:00:00,202.0
2014-04-18 07:00:00,333.0
2014-04-18 08:00:00,440.0
2014-04-18 09:00:00,292.4499
2014-04-18 10:00:00,0.0
2014-04-18 11:00:00,0.0
2014-04-18 12:00:00,0.0
2014-04-18 13:00:00,0.0
2014-04-18 14:00:00,0.0
2014-04-18 15:00:00,0.0
2014-04-18 16:00:00,355.0
2014-04-18 17:00:00,336.0
2014-04-18 18:00:00,364.0
2014-04-18 19:00:00,393.0
2014-04-18 20:00:00,238.0
2014-04-18 21:00:00,433.0
2014-04-18 22:00:00,301.0
2014-04-18 23:00:00,329.0
2014-04-19 00:00:00,426.0
2014-04-19 01:00:00,262.0
2014-04-19 02:00:00,303.0
2014-04-19 03:00:00,225.0
2014-04-19 04:00:00,418.0
2014-04-19 05:00:00,415.0
2014-04-19 06:00:00,202.0
2014-04-19 07:00:00,333.0
2014-04-19 08:00:00,440.0
2014-04-19 09:00:00,292.4499
2014-04-19 10:00:00,0.0
2014-04-19 11:00:00,0.0
2014-04-19 12:00:00,0.0
2014-04-19 13:00:00,0.0
2014-04-19 14:00:00,0.0
2014-04-19 15:00:00,0.0
2014-04-19 16:00:00,355.0
2014-04-19 17:00:00,336.0
2014-04-19 18:00:00,364.0
2014-04-19 19:00:00,393.0
2014-04-19 20:00:00,238.0
2014-04-19 21:00:00,433.0
2014-04-19 22:00:00,301.0
2014-04-19 23:00:00,329.0
2014-04-20 00:00:00,426.0
2014-04-20 01:00:00,262.0
2014-04-20 02:00:00,303.0
2014-04-20 03:00:00,225.0
2014-04-20 04:00:00,418.0
2014-04-20 05:00:00,415.0
2014-04-20 06:00:00,202.0
2014-04-20 07:00:00,333.0
2014-04-20 08:00:00,440.0
2014-04-20 09:00:00,292.4499
2014-04-20 10:00:00,0.0
2014-04-20 11:00:00,0.0
2014-04-20 12:00:00,0.0
2014-04-20 13:00:00,0.0
2014-04-20 14:00:00,0.0
2014-04-20 15:00:00,0.0
2014-04-20 16:00:00,355.0
2014-04-20 17:00:00,336.0
2014-04-20 18:00:00,364.0
2014-04-20 19:00:00,393.0
2014-04-20 20:00:00,238.0
2014-04-20 21:00:00,433.0
2014-04-20 22:00:00,301.0
2014-04-20 23:00:00,329.0
2014-04-21 00:00:00,426.0
2014-04-21 01:00:00,262.0
2014-04-21 02:00:00,303.0
2014-04-21 03:00:00,225.0
2014-04-21 04:00:00,418.0
2014-04-21 05:00:00,415.0
2014-04-21 06:00:00,202.0
2014-04-21 07:00:00,333.0
2014-04-21 08:00:00,440.0
2014-04-21 09:00:00,292.4499
2014-04-21 10:00:00,0.0
2014-04-21 11:00:00,0.0
2014-04-21 12:00:00,0.0
2014-04-21 13:00:00,0.0
2014-04-21 14:00:00,0.0
2014-04-21 15:00:00,0.0
2014-04-21 16:00:00,355.0
2014-04-21 17:00:00,336.0
2014-04-21 18:00:00,364.0
2014-04-21 19:00:00,393.0
2014-04-21 20:00:00,238.0
2014-04-21 21:00:00,433.0
2014-04-21 22:00:00,301.0
2014-04-21 23:00:00,329.0
2014-04-22 00:00:00,426.0
2014-04-22 01:00:00,262.0
2014-04-22 02:00:00,303.0
2014-04-22 03:00:00,225.0
2014-04-22 04:00:00,418.0
2014-04-22 05:00:00,415.0
2014-04-22 06:00:00,202.0
2014-04-22 07:00:00,333.0
2014-04-22 08:00:00,440.0
2014-04-22 09:00:00,292.4499
2014-04-22 10:00:00,0.0
2014-04-22 11:00:00,0.0
2014-04-22 12:00:00,0.0
2014-04-22 13:00:00,0.0
2014-04-22 14:00:00,0.0
2014-04-22 15:00:00,0.0
2014-04-22 16:00:00,355.0
2014-04-22 17:00:00,336.0
2014-04-22 18:00:00,364.0
2014-04-22 19:00:00,393.0
2014-04-22 20:00:00,238.0
2014-04-22 21:00:00,433.0
2014-04-22 22:00:00,301.0
2014-04-22 23:00:00,329.0
2014-04-23 00:00:00,426.0
2014-04-23 01:00:00,262.0
2014-04-23 02:00:00,303.0
2014-04-23 03:00:00,225.0
2014-04-23 04:00:00,418.0
2014-04-23 05:00:00,415.0
2014-04-23 06:00:00,202.0
2014-04-23 07:00:00,333.0
2014-04-23 08:00:00,440.0
2014-04-23 09:00:00,292.4499
2014-04-23 10:00:00,0.0
2014-04-23 11:00:00,0.0
2014-04-23 12:00:00,0.0
2014-04-23 13:00:00,0.0
2014-04-23 14:00:00,0.0
2014-04-23 15:00:00,0.0
2014-04-23 16:00:00,355.0
2014-04-23 17:00:00,336.0
2014-04-23 18:00:00,364.0
2014-04-23 19:00:00,393.0
2014-04-23 20:00:00,238.0
2014-04-23 21:00:00,433.0
2014-04-23 22:00:00,301.0
2014-04-23 23:00:00,329.0
2014-04-24 00:00:00,426.0
2014-04-24 01:00:00,262.0
2014-04-24 02:00:00,303.0
2014-04-24 03:00:00,225.0
2014-04-24 04:00:00,418.0
2014-04-24 05:00:00,415.0
2014-04-24 06:00:00,202.0
2014-04-24 07:00:00,333.0
2014-04-24 08:00:00,440.0
2014-04-24 09:00:00,292.4499
2014-04-24 10:00:00,0.0
2014-04-24 11:00:00,0.0
2014-04-24 12:00:00,0.0
2014-04-24 13:00:00,0.0
2014-04-24 14:00:00,0.0
2014-04-24 15:00:00,0.0
2014-04-24 16:00:00,355.0
2014-04-24 17:00:00,336.0
2014-04-24 18:00:00,364.0
2014-04-24 19:00:00,393.0
2014-04-24 20:00:00,238.0
2014-04-24 21:00:00,433.0
2014-04-24 22:00:00,301.0
2014-04-24 23:00:00,329.0
2014-04-25 00:00:00,426.0
2014-04-25 01:00:00,262.0
2014-04-25 02:00:00,303.0
2014-04-25 03:00:00,225.0
2014-04-25 04:00:00,418.0
2014-04-25 05:00:00,415.0
2014-04-25 06:00:00,202.0
2014-04-25 07:00:00,333.0
2014-04-25 08:00:00,440.0
2014-04-25 09:00:00,292.4499
2014-04-25 10:00:00,0.0
2014-04-25 11:00:00,0.0
2014-04-25 12:00:00,0.0
2014-04-25 13:00:00,0.0
2014-04-25 14:00:00,0.0
2014-04-25 15:00:00,0.0
2014-04-25 16:00:00,355.0
2014-04-25 17:00:00,336.0
2014-04-25 18:00:00,364.0
2014-04-25 19:00:00,393.0
2014-04-25 20:00:00,238.0
2014-04-25 21:00:00,433.0
2014-04-25 22:00:00,301.0
2014-04-25 23:00:00,329.0
2014-04-26 00:00:00,426.0
2014-04-26 01:00:00,262.0
2014-04-26 02:00:00,303.0
2014-04-26 03:00:00,225.0
2014-04-26 04:00:00,418.0
2014-04-26 05:00:00,415.0
2014-04-26 06:00:00,202.0
2014-04-26 07:00:00,333.0
2014-04-26 08:00:00,440.0
2014-04-26 09:00:00,292.4499
2014-04-26 10:00:00,0.0
2014-04-26 11:00:00,0.0
2014-04-26 12:00:00,0.0
2014-04-26 13:00:00,0.0
2014-04-26 14:00:00,0.0
2014-04-26 15:00:00,0.0
2014-04-26 16:00:00,355.0
2014-04-26 17:00:00,336.0
2014-04-26 18:00:00,364.0
2014-04-26 19:00:00,393.0
2014-04-26 20:00:00,238.0
2014-04-26 21:00:00,433.0
2014-04-26 22:00:00,301.0
2014-04-26 23:00:00,329.0
2014-04-27 00:00:00,426.0
2014-04-27 01:00:00,262.0
2014-04-27 02:00:00,303.0
2014-04-27 03:00:00,225.0
2014-04-27 04:00:00,418.0
2014-04-27 05:00:00,415.0
2014-04-27 06:00:00,202.0
2014-04-27 07:00:00,333.0
2014-04-27 08:00:00,440.0
2014-04-27 09:00:00,292.4499
2014-04-27 10:00:00,0.0
2014-04-27 11:00:00,0.0
2014-04-27 12:00:00,0.0
2014-04-27 13:00:00,0.0
2014-04-27 14:00:00,0.0
2014-04-27 15:00:00,0.0
2014-04-27 16:00:00,355.0
2014-04-27 17:00:00,336.0
2014-04-27 18:00:00,364.0
2014-04-27 19:00:00,393.0
2014-04-27 20:00:00,238.0
2014-04-27 21:00:00,433.0
2014-04-27 22:00:00,301.0
2014-04-27 23:00:00,329.0
2014-04-28 00:00:00,426.0
2014-04-28 01:00:00,262.0
2014-04-28 02:00:00,303.0
2014-04-28 03:00:00,225.0
2014-04-28 04:00:00,418.0
2014-04-28 05:00:00,415.0
2014-04-28 06:00:00,202.0
2014-04-28 07:00:00,333.0
2014-04-28 08:00:00,440.0
2014-04-28 09:00:00,292.4499
2014-04-28 10:00:00,0.0
2014-04-28 11:00:00,0.0
2014-04-28 12:00:00,0.0
2014-04-28 13:00:00,0.0
2014-04-28 14:00:00,0.0
2014-04-28 15:00:00,0.0
2014-04-28 16:00:00,355.0
2014-04-28 17:00:00,336.0
2014-04-28 18:00:00,364.0
2014-04-28 19:00:00,393.0
2014-04-28 20:00:00,238.0
2014-04-28 21:00:00,433.0
2014-04-28 22:00:00,301.0
2014-04-28 23:00:00,329.0
2014-04-29 00:00:00,426.0
2014-04-29 01:00:00,262.0
2014-04-29 02:00:00,303.0
2014-04-29 03:00:00,225.0
2014-04-29 04:00:00,418.0
2014-04-29 05:00:00,415.0
2014-04-29 06:00:00,202.0
2014-04-29 07:00:00,333.0
2014-04-29 08:00:00,440.0
2014-04-29 09:00:00,292.4499
2014-04-29 10:00:00,0.0
2014-04-29 11:00:00,0.0
2014-04-29 12:00:00,0.0
2014-04-29 13:00:00,0.0
2014-04-29 14:00:00,0.0
2014-04-29 15:00:00,0.0
2014-04-29 16:00:00,355.0
2014-04-29 17:00:00,336.0
2014-04-29 18:00:00,364.0
2014-04-29 19:00:00,393.0
2014-04-29 20:00:00,238.0
2014-04-29 21:00:00,433.0
2014-04-29 22:00:00,301.0
2014-04-29 23:00:00,329.0
2014-04-30 00:00:00,426.0
2014-04-30 01:00:00,262.0
2014-04-30 02:00:00,303.0
2014-04-30 03:00:00,225.0
2014-04-30 04:00:00,418.0
2014-04-30 05:00:00,415.0
2014-04-30 06:00:00,202.0
2014-04-30 07:00:00,333.0
2014-04-30 08:00:00,440.0
2014-04-30 09:00:00,292.4499
2014-04-30 10:00:00,0.0
2014-04-30 11:00:00,0.0
2014-04-30 12:00:00,0.0
2014-04-30 13:00:00,0.0
2014-04-30 14:00:00,0.0
2014-04-30 15:00:00,0.0
2014-04-30 16:00:00,355.0
2014-04-30 17:00:00,336.0
2014-04-30 18:00:00,364.0
2014-04-30 19:00:00,393.0
2014-04-30 20:00:00,238.0
2014-04-30 21:00:00,433.0
2014-04-30 22:00:00,301.0
2014-04-30 23:00:00,329.0
2014-05-01 00:00:00,426.0
2014-05-01 01:00:00,262.0
2014-05-01 02:00:00,303.0
2014-05-01 03:00:00,225.0
2014-05-01 04:00:00,418.0
2014-05-01 05:00:00,415.0
2014-05-01 06:00:00,202.0
2014-05-01 07:00:00,333.0
2014-05-01 08:00:00,440.0
2014-05-01 09:00:00,292.4499
2014-05-01 10:00:00,0.0
2014-05-01 11:00:00,0.0
2014-05-01 12:00:00,0.0
2014-05-01 13:00:00,0.0
2014-05-01 14:00:00,0.0
2014-05-01 15:00:00,0.0
2014-05-01 16:00:00,355.0
2014-05-01 17:00:00,336.0
2014-05-01 18:00:00,364.0
2014-05-01 19:00:00,393.0
2014-05-01 20:00:00,238.0
2014-05-01 21:00:00,433.0
2014-05-01 22:00:00,301.0
2014-05-01 23:00:00,329.0
2014-05-02 00:00:00,426.0
2014-05-02 01:00:00,262.0
2014-05-02 02:00:00,303.0
2014-05-02 03:00:00,225.0
2014-05-02 04:00:00,418.0
2014-05-02 05:00:00,415.0
2014-05-02 06:00:00,202.0
2014-05-02 07:00:00,333.0
2014-05-02 08:00:00,440.0
2014-05-02 09:00:00,292.4499
2014-05-02 10:00:00,0.0
2014-05-02 11:00:00,0.0
2014-05-02 12:00:00,0.0
2014-05-02 13:00:00,0.0
2014-05-02 14:00:00,0.0
2014-05-02 15:00:00,0.0
2014-05-02 16:00:00,355.0
2014-05-02 17:00:00,336.0
2014-05-02 18:00:00,364.0
2014-05-02 19:00:00,393.0
2014-05-02 20:00:00,238.0
2014-05-02 21:00:00,433.0
2014-05-02 22:00:00,301.0
2014-05-02 23:00:00,329.0
2014-05-03 00:00:00,426.0
2014-05-03 01:00:00,262.0
2014-05-03 02:00:00,303.0
2014-05-03 03:00:00,225.0
2014-05-03 04:00:00,418.0
2014-05-03 05:00:00,415.0
2014-05-03 06:00:00,202.0
2014-05-03 07:00:00,333.0
2014-05-03 08:00:00,1.9484
2014-05-03 09:00:00,146.5985
2014-05-03 10:00:00,75.8851
2014-05-03 11:00:00,502.8029
2014-05-03 12:00:00,841.8545
2014-05-03 13:00:00,353.6924
2014-05-03 14:00:00,567.8153
2014-05-03 15:00:00,974.8353
2014-05-03 16:00:00,72.0196
2014-05-03 17:00:00,20.6999
2014-05-03 18:00:00,95.8753
2014-05-03 19:00:00,183.9176
2014-05-03 20:00:00,1.8215
2014-05-03 21:00:00,3.5976
2014-05-03 22:00:00,1.8718
2014-05-03 23:00:00,1.8989
2014-05-04 00:00:00,1.8595
2014-05-04 01:00:00,1.8451
2014-05-04 02:00:00,1.8513
2014-05-04 03:00:00,1.8359
2014-05-04 04:00:00,174.087
2014-05-04 05:00:00,1199.9587
2014-05-04 06:00:00,406.5533
2014-05-04 07:00:00,125.821
2014-05-04 08:00:00,445.7613
2014-05-04 09:00:00,146.5985
2014-05-04 10:00:00,75.8851
2014-05-04 11:00:00,502.8029
2014-05-04 12:00:00,841.8545
2014-05-04 13:00:00,353.6924
2014-05-04 14:00:00,567.8153
2014-05-04 15:00:00,974.8353
2014-05-04 16:00:00,72.0196
2014-05-04 17:00:00,20.6999
2014-05-04 18:00:00,95.8753
2014-05-04 19:00:00,183.9176
2014-05-04 20:00:00,1.8215
2014-05-04 21:00:00,3.5976
2014-05-04 22:00:00,1.8718
2014-05-04 23:00:00,1.8989
2014-05-05 00:00:00,1.8595
2014-05-05 01:00:00,1.8451
2014-05-05 02:00:00,1.8513
2014-05-05 03:00:00,1.8359
2014-05-05 04:00:00,174.087
2014-05-05 05:00:00,1199.9587
2014-05-05 06:00:00,406.5533
2014-05-05 07:00:00,125.821
2014-05-05 08:00:00,445.7613
2014-05-05 09:00:00,4.3412
2014-05-05 10:00:00,3.7956
2014-05-05 11:00:00,3.8113
2014-05-05 12:00:00,3.8035
2014-05-05 13:00:00,3.7993
2014-05-05 14:00:00,3.7735
2014-05-05 15:00:00,3.7905
2014-05-05 16:00:00,3.7925
2014-05-05 17:00:00,3.7945
2014-05-05 18:00:00,3.8078
2014-05-05 19:00:00,3.787
2014-05-05 20:00:00,3.8007
2014-05-05 21:00:00,7.5671
2014-05-05 22:00:00,3.7896
2014-05-05 23:00:00,3.8093
2014-05-06 00:00:00,3.855
2014-05-06 01:00:00,3.7958
2014-05-06 02:00:00,3.7837
2014-05-06 03:00:00,3.7997
2014-05-06 04:00:00,3.7957
2014-05-06 05:00:00,3.7855
2014-05-06 06:00:00,3.7877
2014-05-06 07:00:00,3.7839
2014-05-06 08:00:00,3.7855
2014-05-06 09:00:00,3.7832
2014-05-06 10:00:00,3.7737
2014-05-06 11:00:00,3.7858
2014-05-06 12:00:00,3.7737
2014-05-06 13:00:00,3.7877
2014-05-06 14:00:00,3.7743
2014-05-06 15:00:00,3.7734
2014-05-06 16:00:00,3.7796
2014-05-06 17:00:00,3.7759
2014-05-06 18:00:00,3.7716
2014-05-06 19:00:00,3.7859
2014-05-06 20:00:00,3.7775
2014-05-06 21:00:00,7.5328
2014-05-06 22:00:00,3.7707
2014-05-06 23:00:00,3.7696
2014-05-07 00:00:00,3.7837
2014-05-07 01:00:00,3.7764
2014-05-07 02:00:00,3.7875
2014-05-07 03:00:00,3.789
2014-05-07 04:00:00,3.7707
2014-05-07 05:00:00,3.7787
2014-05-07 06:00:00,3.775
2014-05-07 07:00:00,3.7809
2014-05-07 08:00:00,3.7729
2014-05-07 09:00:00,3.7622
2014-05-07 10:00:00,3.7687
2014-05-07 11:00:00,3.7748
2014-05-07 12:00:00,3.7817
2014-05-07 13:00:00,3.7748
2014-05-07 14:00:00,3.7736
2014-05-07 15:00:00,3.7655
2014-05-07 16:00:00,3.7598
2014-05-07 17:00:00,3.7677
2014-05-07 18:00:00,3.7682
2014-05-07 19:00:00,12.7676
2014-05-07 20:00:00,55.5641
2014-05-07 21:00:00,7.575
2014-05-07 22:00:00,3.7799
2014-05-07 23:00:00,3.7779
2014-05-08 00:00:00,3.7722
2014-05-08 01:00:00,3.7912
2014-05-08 02:00:00,3.7843
2014-05-08 03:00:00,3.7751
2014-05-08 04:00:00,3.7834
2014-05-08 05:00:00,3.7822
2014-05-08 06:00:00,3.7636
2014-05-08 07:00:00,715.2409
2014-05-08 08:00:00,3.7704
2014-05-08 09:00:00,3.7715
2014-05-08 10:00:00,89.979
2014-05-08 11:00:00,3.7626
2014-05-08 12:00:00,3.7608
2014-05-08 13:00:00,589.1414
2014-05-08 14:00:00,96.7052
2014-05-08 15:00:00,3.7514
2014-05-08 16:00:00,3.7558
2014-05-08 17:00:00,78.993
2014-05-08 18:00:00,1100.6049
2014-05-08 19:00:00,646.7589
2014-05-08 20:00:00,35.9138
2014-05-08 21:00:00,7.477
2014-05-08 22:00:00,3.7595
2014-05-08 23:00:00,3.7712
2014-05-09 00:00:00,3.7843
2014-05-09 01:00:00,3.7771
2014-05-09 02:00:00,3.7664
2014-05-09 03:00:00,172.5542
2014-05-09 04:00:00,3.775
2014-05-09 05:00:00,3.7854
2014-05-09 06:00:00,5.5501
2014-05-09 07:00:00,715.2409
2014-05-09 08:00:00,8.145
2014-05-09 09:00:00,31.0635
2014-05-09 10:00:00,287.7854
2014-05-09 11:00:00,376.836
2014-05-09 12:00:00,845.9751
2014-05-09 13:00:00,79.6899
2014-05-09 14:00:00,361.5222
2014-05-09 15:00:00,724.9071
2014-05-09 16:00:00,183.2672
2014-05-09 17:00:00,57.4458
2014-05-09 18:00:00,24.829
2014-05-09 19:00:00,646.7589
2014-05-09 20:00:00,35.9138
2014-05-09 21:00:00,3.6092
2014-05-09 22:00:00,1.7922
2014-05-09 23:00:00,1.8166
2014-05-10 00:00:00,1.8191
2014-05-10 01:00:00,1.8257
2014-05-10 02:00:00,1.8204
2014-05-10 03:00:00,324.4581
2014-05-10 04:00:00,931.1366
2014-05-10 05:00:00,322.4023
2014-05-10 06:00:00,1.8016
2014-05-10 07:00:00,1.7985
2014-05-10 08:00:00,1.8054
2014-05-10 09:00:00,31.0635
2014-05-10 10:00:00,81.6217
2014-05-10 11:00:00,574.9278
2014-05-10 12:00:00,32.6524
2014-05-10 13:00:00,79.6899
2014-05-10 14:00:00,361.5222
2014-05-10 15:00:00,724.9071
2014-05-10 16:00:00,183.2672
2014-05-10 17:00:00,89.959
2014-05-10 18:00:00,979.23
2014-05-10 19:00:00,637.0209
2014-05-10 20:00:00,96.2931
2014-05-10 21:00:00,52.2269
2014-05-10 22:00:00,1.806
2014-05-10 23:00:00,1.8145
2014-05-11 00:00:00,1.8191
2014-05-11 01:00:00,1.8257
2014-05-11 02:00:00,1.8204
2014-05-11 03:00:00,324.4581
2014-05-11 04:00:00,931.1366
2014-05-11 05:00:00,322.4023
2014-05-11 06:00:00,1.8016
2014-05-11 07:00:00,1.7985
2014-05-11 08:00:00,1.8054
2014-05-11 09:00:00,31.0635
2014-05-11 10:00:00,81.6217
2014-05-11 11:00:00,574.9278
2014-05-11 12:00:00,32.6524
2014-05-11 13:00:00,79.6899
2014-05-11 14:00:00,361.5222
2014-05-11 15:00:00,724.9071
2014-05-11 16:00:00,183.2672
2014-05-11 17:00:00,89.959
2014-05-11 18:00:00,979.23
2014-05-11 19:00:00,637.0209
2014-05-11 20:00:00,96.2931
2014-05-11 21:00:00,52.2269
2014-05-11 22:00:00,1.806
2014-05-11 23:00:00,1.8145
2014-05-12 00:00:00,1.8191
2014-05-12 01:00:00,1.8257
2014-05-12 02:00:00,1.8204
2014-05-12 03:00:00,324.4581
2014-05-12 04:00:00,931.1366
2014-05-12 05:00:00,322.4023
2014-05-12 06:00:00,1.8016
2014-05-12 07:00:00,1.7985
2014-05-12 08:00:00,1.8054
2014-05-12 09:00:00,31.0635
2014-05-12 10:00:00,81.6217
2014-05-12 11:00:00,574.9278
2014-05-12 12:00:00,32.6524
2014-05-12 13:00:00,79.6899
2014-05-12 14:00:00,361.5222
2014-05-12 15:00:00,724.9071
2014-05-12 16:00:00,183.2672
2014-05-12 17:00:00,89.959
2014-05-12 18:00:00,979.23
2014-05-12 19:00:00,637.0209
2014-05-12 20:00:00,96.2931
2014-05-12 21:00:00,52.2269
2014-05-12 22:00:00,1.806
2014-05-12 23:00:00,1.8145
2014-05-13 00:00:00,1.8191
2014-05-13 01:00:00,1.8257
2014-05-13 02:00:00,1.8204
2014-05-13 03:00:00,324.4581
2014-05-13 04:00:00,931.1366
2014-05-13 05:00:00,322.4023
2014-05-13 06:00:00,1.8016
2014-05-13 07:00:00,1.7985
2014-05-13 08:00:00,1.8054
2014-05-13 09:00:00,31.0635
2014-05-13 10:00:00,81.6217
2014-05-13 11:00:00,574.9278
2014-05-13 12:00:00,32.6524
2014-05-13 13:00:00,79.6899
2014-05-13 14:00:00,361.5222
2014-05-13 15:00:00,724.9071
2014-05-13 16:00:00,183.2672
2014-05-13 17:00:00,89.959
2014-05-13 18:00:00,979.23
2014-05-13 19:00:00,637.0209
2014-05-13 20:00:00,96.2931
2014-05-13 21:00:00,52.2269
2014-05-13 22:00:00,1.806
2014-05-13 23:00:00,1.8145
2014-05-14 00:00:00,1.8191
2014-05-14 01:00:00,1.8257
2014-05-14 02:00:00,1.8204
2014-05-14 03:00:00,324.4581
2014-05-14 04:00:00,931.1366
2014-05-14 05:00:00,322.4023
2014-05-14 06:00:00,1.8016
2014-05-14 07:00:00,1.7985
2014-05-14 08:00:00,1.8054
2014-05-14 09:00:00,31.0635
2014-05-14 10:00:00,81.6217
2014-05-14 11:00:00,574.9278
2014-05-14 12:00:00,32.6524
2014-05-14 13:00:00,79.6899
2014-05-14 14:00:00,361.5222
2014-05-14 15:00:00,724.9071
2014-05-14 16:00:00,183.2672
2014-05-14 17:00:00,89.959
2014-05-14 18:00:00,979.23
2014-05-14 19:00:00,637.0209
2014-05-14 20:00:00,96.2931
2014-05-14 21:00:00,52.2269
2014-05-14 22:00:00,1.806
2014-05-14 23:00:00,1.8145
2014-05-15 00:00:00,1.8191
2014-05-15 01:00:00,1.8257
2014-05-15 02:00:00,1.8204
2014-05-15 03:00:00,324.4581
2014-05-15 04:00:00,931.1366
2014-05-15 05:00:00,322.4023
2014-05-15 06:00:00,1.8016
2014-05-15 07:00:00,1.7985
2014-05-15 08:00:00,1.8054
2014-05-15 09:00:00,31.0635
2014-05-15 10:00:00,81.6217
2014-05-15 11:00:00,574.9278
2014-05-15 12:00:00,32.6524
2014-05-15 13:00:00,79.6899
2014-05-15 14:00:00,361.5222
2014-05-15 15:00:00,724.9071
2014-05-15 16:00:00,183.2672
2014-05-15 17:00:00,89.959
2014-05-15 18:00:00,979.23
2014-05-15 19:00:00,637.0209
2014-05-15 20:00:00,96.2931
2014-05-15 21:00:00,52.2269
2014-05-15 22:00:00,1.806
2014-05-15 23:00:00,1.8145
2014-05-16 00:00:00,1.8191
2014-05-16 01:00:00,1.8257
2014-05-16 02:00:00,1.8204
2014-05-16 03:00:00,324.4581
2014-05-16 04:00:00,931.1366
2014-05-16 05:00:00,322.4023
2014-05-16 06:00:00,1.8016
2014-05-16 07:00:00,1.7985
2014-05-16 08:00:00,1.8054
2014-05-16 09:00:00,31.0635
2014-05-16 10:00:00,81.6217
2014-05-16 11:00:00,574.9278
2014-05-16 12:00:00,32.6524
2014-05-16 13:00:00,79.6899
2014-05-16 14:00:00,361.5222
2014-05-16 15:00:00,724.9071
2014-05-16 16:00:00,183.2672
2014-05-16 17:00:00,89.959
2014-05-16 18:00:00,979.23
2014-05-16 19:00:00,637.0209
2014-05-16 20:00:00,96.2931
2014-05-16 21:00:00,52.2269
2014-05-16 22:00:00,1.806
2014-05-16 23:00:00,1.8145
2014-05-17 00:00:00,1.8191
2014-05-17 01:00:00,1.8257
2014-05-17 02:00:00,1.8204
2014-05-17 03:00:00,324.4581
2014-05-17 04:00:00,931.1366
2014-05-17 05:00:00,322.4023
2014-05-17 06:00:00,1.8016
2014-05-17 07:00:00,1.7985
2014-05-17 08:00:00,1.8054
2014-05-17 09:00:00,31.0635
2014-05-17 10:00:00,81.6217
2014-05-17 11:00:00,574.9278
2014-05-17 12:00:00,32.6524
2014-05-17 13:00:00,79.6899
2014-05-17 14:00:00,361.5222
2014-05-17 15:00:00,724.9071
2014-05-17 16:00:00,183.2672
2014-05-17 17:00:00,89.959
2014-05-17 18:00:00,979.23
2014-05-17 19:00:00,637.0209
2014-05-17 20:00:00,96.2931
2014-05-17 21:00:00,52.2269
2014-05-17 22:00:00,1.806
2014-05-17 23:00:00,1.8145
2014-05-18 00:00:00,1.8191
2014-05-18 01:00:00,1.8257
2014-05-18 02:00:00,1.8204
2014-05-18 03:00:00,324.4581
2014-05-18 04:00:00,931.1366
2014-05-18 05:00:00,322.4023
2014-05-18 06:00:00,1.8016
2014-05-18 07:00:00,1.7985
2014-05-18 08:00:00,1.8054
2014-05-18 09:00:00,31.0635
2014-05-18 10:00:00,81.6217
2014-05-18 11:00:00,574.9278
2014-05-18 12:00:00,32.6524
2014-05-18 13:00:00,79.6899
2014-05-18 14:00:00,361.5222
2014-05-18 15:00:00,724.9071
2014-05-18 16:00:00,183.2672
2014-05-18 17:00:00,89.959
2014-05-18 18:00:00,979.23
2014-05-18 19:00:00,637.0209
2014-05-18 20:00:00,96.2931
2014-05-18 21:00:00,52.2269
2014-05-18 22:00:00,1.806
2014-05-18 23:00:00,1.8145
2014-05-19 00:00:00,1.8191
2014-05-19 01:00:00,1.8257
2014-05-19 02:00:00,1.8204
2014-05-19 03:00:00,324.4581
2014-05-19 04:00:00,931.1366
2014-05-19 05:00:00,322.4023
2014-05-19 06:00:00,1.8016
2014-05-19 07:00:00,1.7985
2014-05-19 08:00:00,1.8054
2014-05-19 09:00:00,31.0635
2014-05-19 10:00:00,81.6217
2014-05-19 11:00:00,574.9278
2014-05-19 12:00:00,32.6524
2014-05-19 13:00:00,79.6899
2014-05-19 14:00:00,361.5222
2014-05-19 15:00:00,724.9071
2014-05-19 16:00:00,183.2672
2014-05-19 17:00:00,89.959
2014-05-19 18:00:00,979.23
2014-05-19 19:00:00,637.0209
2014-05-19 20:00:00,96.2931
2014-05-19 21:00:00,52.2269
2014-05-19 22:00:00,1.806
2014-05-19 23:00:00,1.8145
2014-05-20 00:00:00,1.8191
2014-05-20 01:00:00,1.8257
2014-05-20 02:00:00,1.8204
2014-05-20 03:00:00,324.4581
2014-05-20 04:00:00,931.1366
2014-05-20 05:00:00,322.4023
2014-05-20 06:00:00,1.8016
2014-05-20 07:00:00,1.7985
2014-05-20 08:00:00,1.8054
2014-05-20 09:00:00,31.0635
2014-05-20 10:00:00,81.6217
2014-05-20 11:00:00,574.9278
2014-05-20 12:00:00,32.6524
2014-05-20 13:00:00,79.6899
2014-05-20 14:00:00,361.5222
2014-05-20 15:00:00,724.9071
2014-05-20 16:00:00,183.2672
2014-05-20 17:00:00,89.959
2014-05-20 18:00:00,979.23
2014-05-20 19:00:00,637.0209
2014-05-20 20:00:00,96.2931
2014-05-20 21:00:00,52.2269
2014-05-20 22:00:00,1.806
2014-05-20 23:00:00,1.8145
2014-05-21 00:00:00,1.8191
2014-05-21 01:00:00,1.8257
2014-05-21 02:00:00,1.8204
2014-05-21 03:00:00,324.4581
2014-05-21 04:00:00,931.1366
2014-05-21 05:00:00,322.4023
2014-05-21 06:00:00,1.8016
2014-05-21 07:00:00,1.7985
2014-05-21 08:00:00,1.8054
2014-05-21 09:00:00,31.0635
2014-05-21 10:00:00,81.6217
2014-05-21 11:00:00,574.9278
2014-05-21 12:00:00,32.6524
2014-05-21 13:00:00,79.6899
2014-05-21 14:00:00,361.5222
2014-05-21 15:00:00,724.9071
2014-05-21 16:00:00,183.2672
2014-05-21 17:00:00,89.959
2014-05-21 18:00:00,979.23
2014-05-21 19:00:00,637.0209
2014-05-21 20:00:00,96.2931
2014-05-21 21:00:00,52.2269
2014-05-21 22:00:00,1.806
2014-05-21 23:00:00,1.8145
2014-05-22 00:00:00,1.8191
2014-05-22 01:00:00,1.8257
2014-05-22 02:00:00,1.8204
2014-05-22 03:00:00,324.4581
2014-05-22 04:00:00,931.1366
2014-05-22 05:00:00,322.4023
2014-05-22 06:00:00,1.8016
2014-05-22 07:00:00,1.7985
2014-05-22 08:00:00,1.8054
2014-05-22 09:00:00,31.0635
2014-05-22 10:00:00,81.6217
2014-05-22 11:00:00,574.9278
2014-05-22 12:00:00,32.6524
2014-05-22 13:00:00,79.6899
2014-05-22 14:00:00,361.5222
2014-05-22 15:00:00,724.9071
2014-05-22 16:00:00,183.2672
2014-05-22 17:00:00,89.959
2014-05-22 18:00:00,979.23
2014-05-22 19:00:00,637.0209
2014-05-22 20:00:00,96.2931
2014-05-22 21:00:00,52.2269
2014-05-22 22:00:00,1.806
2014-05-22 23:00:00,1.8145
2014-05-23 00:00:00,1.8191
2014-05-23 01:00:00,1.8257
2014-05-23 02:00:00,1.8204
2014-05-23 03:00:00,324.4581
2014-05-23 04:00:00,931.1366
2014-05-23 05:00:00,322.4023
2014-05-23 06:00:00,1.8016
2014-05-23 07:00:00,1.7985
2014-05-23 08:00:00,1.8054
2014-05-23 09:00:00,31.0635
2014-05-23 10:00:00,81.6217
2014-05-23 11:00:00,574.9278
2014-05-23 12:00:00,32.6524
2014-05-23 13:00:00,79.6899
2014-05-23 14:00:00,361.5222
2014-05-23 15:00:00,724.9071
2014-05-23 16:00:00,183.2672
2014-05-23 17:00:00,89.959
2014-05-23 18:00:00,979.23
2014-05-23 19:00:00,637.0209
2014-05-23 20:00:00,96.2931
2014-05-23 21:00:00,52.2269
2014-05-23 22:00:00,1.806
2014-05-23 23:00:00,1.8145
2014-05-24 00:00:00,1.8191
2014-05-24 01:00:00,1.8257
2014-05-24 02:00:00,1.8204
2014-05-24 03:00:00,324.4581
2014-05-24 04:00:00,931.1366
2014-05-24 05:00:00,322.4023
2014-05-24 06:00:00,1.8016
2014-05-24 07:00:00,1.7985
2014-05-24 08:00:00,1.8054
2014-05-24 09:00:00,31.0635
2014-05-24 10:00:00,81.6217
2014-05-24 11:00:00,574.9278
2014-05-24 12:00:00,32.6524
2014-05-24 13:00:00,79.6899
2014-05-24 14:00:00,361.5222
2014-05-24 15:00:00,724.9071
2014-05-24 16:00:00,183.2672
2014-05-24 17:00:00,89.959
2014-05-24 18:00:00,979.23
2014-05-24 19:00:00,637.0209
2014-05-24 20:00:00,96.2931
2014-05-24 21:00:00,52.2269
2014-05-24 22:00:00,1.806
2014-05-24 23:00:00,1.8145
2014-05-25 00:00:00,1.8191
2014-05-25 01:00:00,1.8257
2014-05-25 02:00:00,1.8204
2014-05-25 03:00:00,324.4581
2014-05-25 04:00:00,931.1366
2014-05-25 05:00:00,322.4023
2014-05-25 06:00:00,1.8016
2014-05-25 07:00:00,1.7985
2014-05-25 08:00:00,1.8054
2014-05-25 09:00:00,31.0635
2014-05-25 10:00:00,81.6217
2014-05-25 11:00:00,574.9278
2014-05-25 12:00:00,32.6524
2014-05-25 13:00:00,79.6899
2014-05-25 14:00:00,361.5222
2014-05-25 15:00:00,724.9071
2014-05-25 16:00:00,183.2672
2014-05-25 17:00:00,89.959
2014-05-25 18:00:00,979.23
2014-05-25 19:00:00,637.0209
2014-05-25 20:00:00,96.2931
2014-05-25 21:00:00,52.2269
2014-05-25 22:00:00,1.806
2014-05-25 23:00:00,1.8145
2014-05-26 00:00:00,1.8191
2014-05-26 01:00:00,1.8257
2014-05-26 02:00:00,1.8204
2014-05-26 03:00:00,324.4581
2014-05-26 04:00:00,931.1366
2014-05-26 05:00:00,322.4023
2014-05-26 06:00:00,1.8016
2014-05-26 07:00:00,1.7985
2014-05-26 08:00:00,1.8054
2014-05-26 09:00:00,31.0635
2014-05-26 10:00:00,81.6217
2014-05-26 11:00:00,574.9278
2014-05-26 12:00:00,32.6524
2014-05-26 13:00:00,79.6899
2014-05-26 14:00:00,361.5222
2014-05-26 15:00:00,724.9071
2014-05-26 16:00:00,183.2672
2014-05-26 17:00:00,89.959
2014-05-26 18:00:00,979.23
2014-05-26 19:00:00,637.0209
2014-05-26 20:00:00,96.2931
2014-05-26 21:00:00,52.2269
2014-05-26 22:00:00,1.806
2014-05-26 23:00:00,1.8145
2014-05-27 00:00:00,1.8191
2014-05-27 01:00:00,1.8257
2014-05-27 02:00:00,1.8204
2014-05-27 03:00:00,324.4581
2014-05-27 04:00:00,931.1366
2014-05-27 05:00:00,322.4023
2014-05-27 06:00:00,1.8016
2014-05-27 07:00:00,1.7985
2014-05-27 08:00:00,1.8054
2014-05-27 09:00:00,31.0635
2014-05-27 10:00:00,81.6217
2014-05-27 11:00:00,574.9278
2014-05-27 12:00:00,32.6524
2014-05-27 13:00:00,79.6899
2014-05-27 14:00:00,361.5222
2014-05-27 15:00:00,724.9071
2014-05-27 16:00:00,183.2672
2014-05-27 17:00:00,89.959
2014-05-27 18:00:00,979.23
2014-05-27 19:00:00,637.0209
2014-05-27 20:00:00,96.2931
2014-05-27 21:00:00,52.2269
2014-05-27 22:00:00,1.806
2014-05-27 23:00:00,1.8145
2014-05-28 00:00:00,1.8191
2014-05-28 01:00:00,1.8257
2014-05-28 02:00:00,1.8204
2014-05-28 03:00:00,324.4581
2014-05-28 04:00:00,931.1366
2014-05-28 05:00:00,322.4023
2014-05-28 06:00:00,1.8016
2014-05-28 07:00:00,1.7985
2014-05-28 08:00:00,1.8054
2014-05-28 09:00:00,31.0635
2014-05-28 10:00:00,81.6217
2014-05-28 11:00:00,574.9278
2014-05-28 12:00:00,32.6524
2014-05-28 13:00:00,79.6899
2014-05-28 14:00:00,361.5222
2014-05-28 15:00:00,724.9071
2014-05-28 16:00:00,183.2672
2014-05-28 17:00:00,89.959
2014-05-28 18:00:00,979.23
2014-05-28 19:00:00,637.0209
2014-05-28 20:00:00,96.2931
2014-05-28 21:00:00,52.2269
2014-05-28 22:00:00,1.806
2014-05-28 23:00:00,1.8145
2014-05-29 00:00:00,1.8191
2014-05-29 01:00:00,1.8257
2014-05-29 02:00:00,1.8204
2014-05-29 03:00:00,324.4581
2014-05-29 04:00:00,931.1366
2014-05-29 05:00:00,322.4023
2014-05-29 06:00:00,1.8016
2014-05-29 07:00:00,1.7985
2014-05-29 08:00:00,1.8054
2014-05-29 09:00:00,31.0635
2014-05-29 10:00:00,81.6217
2014-05-29 11:00:00,574.9278
2014-05-29 12:00:00,32.6524
2014-05-29 13:00:00,79.6899
2014-05-29 14:00:00,361.5222
2014-05-29 15:00:00,724.9071
2014-05-29 16:00:00,183.2672
2014-05-29 17:00:00,89.959
2014-05-29 18:00:00,979.23
2014-05-29 19:00:00,637.0209
2014-05-29 20:00:00,96.2931
2014-05-29 21:00:00,52.2269
2014-05-29 22:00:00,1.806
2014-05-29 23:00:00,1.8145
2014-05-30 00:00:00,1.8191
2014-05-30 01:00:00,1.8257
2014-05-30 02:00:00,1.8204
2014-05-30 03:00:00,324.4581
2014-05-30 04:00:00,931.1366
2014-05-30 05:00:00,322.4023
2014-05-30 06:00:00,1.8016
2014-05-30 07:00:00,1.7985
2014-05-30 08:00:00,1.8054
2014-05-30 09:00:00,31.0635
2014-05-30 10:00:00,81.6217
2014-05-30 11:00:00,574.9278
2014-05-30 12:00:00,32.6524
2014-05-30 13:00:00,79.6899
2014-05-30 14:00:00,361.5222
2014-05-30 15:00:00,724.9071
2014-05-30 16:00:00,183.2672
2014-05-30 17:00:00,89.959
2014-05-30 18:00:00,979.23
2014-05-30 19:00:00,637.0209
2014-05-30 20:00:00,96.2931
2014-05-30 21:00:00,52.2269
2014-05-30 22:00:00,1.806
2014-05-30 23:00:00,1.8145
2014-05-31 00:00:00,1.8191
2014-05-31 01:00:00,1.8257
2014-05-31 02:00:00,1.8204
2014-05-31 03:00:00,324.4581
2014-05-31 04:00:00,931.1366
2014-05-31 05:00:00,322.4023
2014-05-31 06:00:00,1.8016
2014-05-31 07:00:00,1.7985
2014-05-31 08:00:00,1.8054
2014-05-31 09:00:00,31.0635
2014-05-31 10:00:00,81.6217
2014-05-31 11:00:00,574.9278
2014-05-31 12:00:00,32.6524
2014-05-31 13:00:00,79.6899
2014-05-31 14:00:00,361.5222
2014-05-31 15:00:00,724.9071
2014-05-31 16:00:00,183.2672
2014-05-31 17:00:00,89.959
2014-05-31 18:00:00,979.23
2014-05-31 19:00:00,637.0209
2014-05-31 20:00:00,96.2931
2014-05-31 21:00:00,52.2269
2014-05-31 22:00:00,1.806
2014-05-31 23:00:00,1.8145
2014-06-01 00:00:00,1.8191
2014-06-01 01:00:00,1.8257
2014-06-01 02:00:00,1.8204
2014-06-01 03:00:00,324.4581
2014-06-01 04:00:00,931.1366
2014-06-01 05:00:00,322.4023
2014-06-01 06:00:00,1.8016
2014-06-01 07:00:00,1.7985
2014-06-01 08:00:00,1.8054
2014-06-01 09:00:00,31.0635
2014-06-01 10:00:00,81.6217
2014-06-01 11:00:00,574.9278
2014-06-01 12:00:00,32.6524
2014-06-01 13:00:00,79.6899
2014-06-01 14:00:00,361.5222
2014-06-01 15:00:00,724.9071
2014-06-01 16:00:00,183.2672
2014-06-01 17:00:00,89.959
2014-06-01 18:00:00,979.23
2014-06-01 19:00:00,637.0209
2014-06-01 20:00:00,96.2931
2014-06-01 21:00:00,52.2269
2014-06-01 22:00:00,1.806
2014-06-01 23:00:00,1.8145
2014-06-02 00:00:00,1.8191
2014-06-02 01:00:00,1.8257
2014-06-02 02:00:00,1.8204
2014-06-02 03:00:00,324.4581
2014-06-02 04:00:00,931.1366
2014-06-02 05:00:00,322.4023
2014-06-02 06:00:00,1.8016
2014-06-02 07:00:00,1.7985
2014-06-02 08:00:00,1.8054
2014-06-02 09:00:00,31.0635
2014-06-02 10:00:00,81.6217
2014-06-02 11:00:00,574.9278
2014-06-02 12:00:00,32.6524
2014-06-02 13:00:00,79.6899
2014-06-02 14:00:00,361.5222
2014-06-02 15:00:00,724.9071
2014-06-02 16:00:00,183.2672
2014-06-02 17:00:00,89.959
2014-06-02 18:00:00,979.23
2014-06-02 19:00:00,637.0209
2014-06-02 20:00:00,96.2931
2014-06-02 21:00:00,52.2269
2014-06-02 22:00:00,1.806
2014-06-02 23:00:00,1.8145
2014-06-03 00:00:00,1.8191
2014-06-03 01:00:00,1.8257
2014-06-03 02:00:00,1.8204
2014-06-03 03:00:00,324.4581
2014-06-03 04:00:00,931.1366
2014-06-03 05:00:00,322.4023
2014-06-03 06:00:00,1.8016
2014-06-03 07:00:00,1.7985
2014-06-03 08:00:00,1.8054
2014-06-03 09:00:00,31.0635
2014-06-03 10:00:00,81.6217
2014-06-03 11:00:00,574.9278
2014-06-03 12:00:00,32.6524
2014-06-03 13:00:00,79.6899
2014-06-03 14:00:00,361.5222
2014-06-03 15:00:00,724.9071
2014-06-03 16:00:00,183.2672
2014-06-03 17:00:00,89.959
2014-06-03 18:00:00,979.23
2014-06-03 19:00:00,637.0209
2014-06-03 20:00:00,96.2931
2014-06-03 21:00:00,52.2269
2014-06-03 22:00:00,1.806
2014-06-03 23:00:00,1.8145
2014-06-04 00:00:00,1.8191
2014-06-04 01:00:00,1.8257
2014-06-04 02:00:00,1.8204
2014-06-04 03:00:00,324.4581
2014-06-04 04:00:00,931.1366
2014-06-04 05:00:00,322.4023
2014-06-04 06:00:00,1.8016
2014-06-04 07:00:00,1.7985
2014-06-04 08:00:00,1.8054
2014-06-04 09:00:00,31.0635
2014-06-04 10:00:00,81.6217
2014-06-04 11:00:00,574.9278
2014-06-04 12:00:00,32.6524
2014-06-04 13:00:00,79.6899
2014-06-04 14:00:00,361.5222
2014-06-04 15:00:00,724.9071
2014-06-04 16:00:00,183.2672
2014-06-04 17:00:00,89.959
2014-06-04 18:00:00,979.23
2014-06-04 19:00:00,637.0209
2014-06-04 20:00:00,96.2931
2014-06-04 21:00:00,52.2269
2014-06-04 22:00:00,1.806
2014-06-04 23:00:00,1.8145
2014-06-05 00:00:00,1.8191
2014-06-05 01:00:00,1.8257
2014-06-05 02:00:00,1.8204
2014-06-05 03:00:00,324.4581
2014-06-05 04:00:00,931.1366
2014-06-05 05:00:00,322.4023
2014-06-05 06:00:00,1.8016
2014-06-05 07:00:00,1.7985
2014-06-05 08:00:00,1.8054
2014-06-05 09:00:00,31.0635
2014-06-05 10:00:00,81.6217
2014-06-05 11:00:00,574.9278
2014-06-05 12:00:00,32.6524
2014-06-05 13:00:00,79.6899
2014-06-05 14:00:00,361.5222
2014-06-05 15:00:00,724.9071
2014-06-05 16:00:00,183.2672
2014-06-05 17:00:00,89.959
2014-06-05 18:00:00,979.23
2014-06-05 19:00:00,637.0209
2014-06-05 20:00:00,96.2931
2014-06-05 21:00:00,52.2269
2014-06-05 22:00:00,1.806
2014-06-05 23:00:00,1.8145
2014-06-06 00:00:00,1.8191
2014-06-06 01:00:00,1.8257
2014-06-06 02:00:00,1.8204
2014-06-06 03:00:00,324.4581
2014-06-06 04:00:00,931.1366
2014-06-06 05:00:00,322.4023
2014-06-06 06:00:00,1.8016
2014-06-06 07:00:00,1.7985
2014-06-06 08:00:00,1.8054
2014-06-06 09:00:00,31.0635
2014-06-06 10:00:00,81.6217
2014-06-06 11:00:00,574.9278
2014-06-06 12:00:00,32.6524
2014-06-06 13:00:00,79.6899
2014-06-06 14:00:00,361.5222
2014-06-06 15:00:00,724.9071
2014-06-06 16:00:00,183.2672
2014-06-06 17:00:00,89.959
2014-06-06 18:00:00,979.23
2014-06-06 19:00:00,637.0209
2014-06-06 20:00:00,96.2931
2014-06-06 21:00:00,52.2269
2014-06-06 22:00:00,1.806
2014-06-06 23:00:00,1.8145
2014-06-07 00:00:00,1.8191
2014-06-07 01:00:00,1.8257
2014-06-07 02:00:00,1.8204
2014-06-07 03:00:00,324.4581
2014-06-07 04:00:00,931.1366
2014-06-07 05:00:00,322.4023
2014-06-07 06:00:00,1.8016
2014-06-07 07:00:00,1.7985
2014-06-07 08:00:00,1.8054
2014-06-07 09:00:00,31.0635
2014-06-07 10:00:00,81.6217
2014-06-07 11:00:00,574.9278
2014-06-07 12:00:00,32.6524
2014-06-07 13:00:00,79.6899
2014-06-07 14:00:00,361.5222
2014-06-07 15:00:00,724.9071
2014-06-07 16:00:00,183.2672
2014-06-07 17:00:00,89.959
2014-06-07 18:00:00,979.23
2014-06-07 19:00:00,637.0209
2014-06-07 20:00:00,96.2931
2014-06-07 21:00:00,52.2269
2014-06-07 22:00:00,1.806
2014-06-07 23:00:00,1.8145
2014-06-08 00:00:00,1.8191
2014-06-08 01:00:00,1.8257
2014-06-08 02:00:00,1.8204
2014-06-08 03:00:00,324.4581
2014-06-08 04:00:00,931.1366
2014-06-08 05:00:00,322.4023
2014-06-08 06:00:00,1.8016
2014-06-08 07:00:00,1.7985
2014-06-08 08:00:00,1.8054
2014-06-08 09:00:00,31.0635
2014-06-08 10:00:00,81.6217
2014-06-08 11:00:00,574.9278
2014-06-08 12:00:00,32.6524
2014-06-08 13:00:00,79.6899
2014-06-08 14:00:00,361.5222
2014-06-08 15:00:00,724.9071
2014-06-08 16:00:00,183.2672
2014-06-08 17:00:00,89.959
2014-06-08 18:00:00,979.23
2014-06-08 19:00:00,637.0209
2014-06-08 20:00:00,96.2931
2014-06-08 21:00:00,52.2269
2014-06-08 22:00:00,1.806
2014-06-08 23:00:00,1.8145
2014-06-09 00:00:00,1.8191
2014-06-09 01:00:00,1.8257
2014-06-09 02:00:00,1.8204
2014-06-09 03:00:00,324.4581
2014-06-09 04:00:00,931.1366
2014-06-09 05:00:00,322.4023
2014-06-09 06:00:00,1.8016
2014-06-09 07:00:00,1.7985
2014-06-09 08:00:00,1.8054
2014-06-09 09:00:00,31.0635
2014-06-09 10:00:00,81.6217
2014-06-09 11:00:00,574.9278
2014-06-09 12:00:00,32.6524
2014-06-09 13:00:00,79.6899
2014-06-09 14:00:00,361.5222
2014-06-09 15:00:00,724.9071
2014-06-09 16:00:00,183.2672
2014-06-09 17:00:00,89.959
2014-06-09 18:00:00,979.23
2014-06-09 19:00:00,637.0209
2014-06-09 20:00:00,96.2931
2014-06-09 21:00:00,52.2269
2014-06-09 22:00:00,1.806
2014-06-09 23:00:00,1.8145
2014-06-10 00:00:00,1.8191
2014-06-10 01:00:00,1.8257
2014-06-10 02:00:00,1.8204
2014-06-10 03:00:00,324.4581
2014-06-10 04:00:00,931.1366
2014-06-10 05:00:00,322.4023
2014-06-10 06:00:00,1.8016
2014-06-10 07:00:00,1.7985
2014-06-10 08:00:00,1.8054
2014-06-10 09:00:00,31.0635
2014-06-10 10:00:00,81.6217
2014-06-10 11:00:00,574.9278
2014-06-10 12:00:00,32.6524
2014-06-10 13:00:00,79.6899
2014-06-10 14:00:00,361.5222
2014-06-10 15:00:00,724.9071
2014-06-10 16:00:00,183.2672
2014-06-10 17:00:00,89.959
2014-06-10 18:00:00,979.23
2014-06-10 19:00:00,637.0209
2014-06-10 20:00:00,96.2931
2014-06-10 21:00:00,52.2269
2014-06-10 22:00:00,1.806
2014-06-10 23:00:00,1.8145
2014-06-11 00:00:00,1.8191
2014-06-11 01:00:00,1.8257
2014-06-11 02:00:00,1.8204
2014-06-11 03:00:00,324.4581
2014-06-11 04:00:00,931.1366
2014-06-11 05:00:00,322.4023
2014-06-11 06:00:00,1.8016
2014-06-11 07:00:00,1.7985
2014-06-11 08:00:00,1.8054
2014-06-11 09:00:00,31.0635
2014-06-11 10:00:00,81.6217
2014-06-11 11:00:00,574.9278
2014-06-11 12:00:00,32.6524
2014-06-11 13:00:00,79.6899
2014-06-11 14:00:00,361.5222
2014-06-11 15:00:00,724.9071
2014-06-11 16:00:00,183.2672
2014-06-11 17:00:00,89.959
2014-06-11 18:00:00,979.23
2014-06-11 19:00:00,637.0209
2014-06-11 20:00:00,96.2931
2014-06-11 21:00:00,52.2269
2014-06-11 22:00:00,1.806
2014-06-11 23:00:00,1.8145
2014-06-12 00:00:00,1.8191
2014-06-12 01:00:00,1.8257
2014-06-12 02:00:00,1.8204
2014-06-12 03:00:00,324.4581
2014-06-12 04:00:00,931.1366
2014-06-12 05:00:00,322.4023
2014-06-12 06:00:00,1.8016
2014-06-12 07:00:00,1.7985
2014-06-12 08:00:00,1.8054
2014-06-12 09:00:00,31.0635
2014-06-12 10:00:00,81.6217
2014-06-12 11:00:00,574.9278
2014-06-12 12:00:00,32.6524
2014-06-12 13:00:00,79.6899
2014-06-12 14:00:00,361.5222
2014-06-12 15:00:00,724.9071
2014-06-12 16:00:00,183.2672
2014-06-12 17:00:00,89.959
2014-06-12 18:00:00,979.23
2014-06-12 19:00:00,637.0209
2014-06-12 20:00:00,96.2931
2014-06-12 21:00:00,52.2269
2014-06-12 22:00:00,1.806
2014-06-12 23:00:00,1.8145
2014-06-13 00:00:00,1.8191
2014-06-13 01:00:00,1.8257
2014-06-13 02:00:00,1.8204
2014-06-13 03:00:00,324.4581
2014-06-13 04:00:00,931.1366
2014-06-13 05:00:00,322.4023
2014-06-13 06:00:00,1.8016
2014-06-13 07:00:00,1.7985
2014-06-13 08:00:00,1.8054
2014-06-13 09:00:00,31.0635
2014-06-13 10:00:00,81.6217
2014-06-13 11:00:00,574.9278
2014-06-13 12:00:00,32.6524
2014-06-13 13:00:00,79.6899
2014-06-13 14:00:00,361.5222
2014-06-13 15:00:00,724.9071
2014-06-13 16:00:00,183.2672
2014-06-13 17:00:00,89.959
2014-06-13 18:00:00,979.23
2014-06-13 19:00:00,637.0209
2014-06-13 20:00:00,96.2931
2014-06-13 21:00:00,52.2269
2014-06-13 22:00:00,1.806
2014-06-13 23:00:00,1.8145
2014-06-14 00:00:00,1.8191
2014-06-14 01:00:00,1.8257
2014-06-14 02:00:00,1.8204
2014-06-14 03:00:00,324.4581
2014-06-14 04:00:00,931.1366
2014-06-14 05:00:00,322.4023
2014-06-14 06:00:00,1.8016
2014-06-14 07:00:00,1.7985
2014-06-14 08:00:00,1.8054
2014-06-14 09:00:00,31.0635
2014-06-14 10:00:00,81.6217
2014-06-14 11:00:00,574.9278
2014-06-14 12:00:00,32.6524
2014-06-14 13:00:00,79.6899
2014-06-14 14:00:00,361.5222
2014-06-14 15:00:00,724.9071
2014-06-14 16:00:00,183.2672
2014-06-14 17:00:00,89.959
2014-06-14 18:00:00,979.23
2014-06-14 19:00:00,637.0209
2014-06-14 20:00:00,96.2931
2014-06-14 21:00:00,52.2269
2014-06-14 22:00:00,1.806
2014-06-14 23:00:00,1.8145
2014-06-15 00:00:00,1.8191
2014-06-15 01:00:00,1.8257
2014-06-15 02:00:00,1.8204
2014-06-15 03:00:00,324.4581
2014-06-15 04:00:00,931.1366
2014-06-15 05:00:00,322.4023
2014-06-15 06:00:00,1.8016
2014-06-15 07:00:00,1.7985
2014-06-15 08:00:00,1.8054
2014-06-15 09:00:00,31.0635
2014-06-15 10:00:00,81.6217
2014-06-15 11:00:00,574.9278
2014-06-15 12:00:00,32.6524
2014-06-15 13:00:00,79.6899
2014-06-15 14:00:00,361.5222
2014-06-15 15:00:00,724.9071
2014-06-15 16:00:00,183.2672
2014-06-15 17:00:00,89.959
2014-06-15 18:00:00,979.23
2014-06-15 19:00:00,637.0209
2014-06-15 20:00:00,96.2931
2014-06-15 21:00:00,52.2269
2014-06-15 22:00:00,1.806
2014-06-15 23:00:00,1.8145
2014-06-16 00:00:00,1.8191
2014-06-16 01:00:00,1.8257
2014-06-16 02:00:00,1.8204
2014-06-16 03:00:00,324.4581
2014-06-16 04:00:00,931.1366
2014-06-16 05:00:00,322.4023
2014-06-16 06:00:00,1.8016
2014-06-16 07:00:00,1.7985
2014-06-16 08:00:00,1.8054
2014-06-16 09:00:00,31.0635
2014-06-16 10:00:00,81.6217
2014-06-16 11:00:00,574.9278
2014-06-16 12:00:00,32.6524
2014-06-16 13:00:00,79.6899
2014-06-16 14:00:00,361.5222
2014-06-16 15:00:00,724.9071
2014-06-16 16:00:00,183.2672
2014-06-16 17:00:00,89.959
2014-06-16 18:00:00,979.23
2014-06-16 19:00:00,637.0209
2014-06-16 20:00:00,96.2931
2014-06-16 21:00:00,52.2269
2014-06-16 22:00:00,1.806
2014-06-16 23:00:00,1.8145
2014-06-17 00:00:00,1.8191
2014-06-17 01:00:00,1.8257
2014-06-17 02:00:00,1.8204
2014-06-17 03:00:00,324.4581
2014-06-17 04:00:00,931.1366
2014-06-17 05:00:00,322.4023
2014-06-17 06:00:00,1.8016
2014-06-17 07:00:00,1.7985
2014-06-17 08:00:00,1.8054
2014-06-17 09:00:00,31.0635
2014-06-17 10:00:00,81.6217
2014-06-17 11:00:00,574.9278
2014-06-17 12:00:00,32.6524
2014-06-17 13:00:00,79.6899
2014-06-17 14:00:00,361.5222
2014-06-17 15:00:00,724.9071
2014-06-17 16:00:00,183.2672
2014-06-17 17:00:00,89.959
2014-06-17 18:00:00,979.23
2014-06-17 19:00:00,637.0209
2014-06-17 20:00:00,96.2931
2014-06-17 21:00:00,52.2269
2014-06-17 22:00:00,1.806
2014-06-17 23:00:00,1.8145
2014-06-18 00:00:00,1.8191
2014-06-18 01:00:00,1.8257
2014-06-18 02:00:00,1.8204
2014-06-18 03:00:00,324.4581
2014-06-18 04:00:00,931.1366
2014-06-18 05:00:00,322.4023
2014-06-18 06:00:00,1.8016
2014-06-18 07:00:00,1.7985
2014-06-18 08:00:00,1.8054
2014-06-18 09:00:00,31.0635
2014-06-18 10:00:00,81.6217
2014-06-18 11:00:00,574.9278
2014-06-18 12:00:00,32.6524
2014-06-18 13:00:00,79.6899
2014-06-18 14:00:00,361.5222
2014-06-18 15:00:00,724.9071
2014-06-18 16:00:00,183.2672
2014-06-18 17:00:00,89.959
2014-06-18 18:00:00,979.23
2014-06-18 19:00:00,637.0209
2014-06-18 20:00:00,96.2931
2014-06-18 21:00:00,52.2269
2014-06-18 22:00:00,1.806
2014-06-18 23:00:00,1.8145
2014-06-19 00:00:00,1.8191
2014-06-19 01:00:00,1.8257
2014-06-19 02:00:00,1.8204
2014-06-19 03:00:00,324.4581
2014-06-19 04:00:00,931.1366
2014-06-19 05:00:00,322.4023
2014-06-19 06:00:00,1.8016
2014-06-19 07:00:00,1.7985
2014-06-19 08:00:00,1.8054
2014-06-19 09:00:00,31.0635
2014-06-19 10:00:00,81.6217
2014-06-19 11:00:00,574.9278
2014-06-19 12:00:00,32.6524
2014-06-19 13:00:00,79.6899
2014-06-19 14:00:00,361.5222
2014-06-19 15:00:00,724.9071
2014-06-19 16:00:00,183.2672
2014-06-19 17:00:00,89.959
2014-06-19 18:00:00,979.23
2014-06-19 19:00:00,637.0209
2014-06-19 20:00:00,96.2931
2014-06-19 21:00:00,52.2269
2014-06-19 22:00:00,1.806
2014-06-19 23:00:00,1.8145
2014-06-20 00:00:00,1.8191
2014-06-20 01:00:00,1.8257
2014-06-20 02:00:00,1.8204
2014-06-20 03:00:00,324.4581
2014-06-20 04:00:00,931.1366
2014-06-20 05:00:00,322.4023
2014-06-20 06:00:00,1.8016
2014-06-20 07:00:00,1.7985
2014-06-20 08:00:00,1.8054
2014-06-20 09:00:00,31.0635
2014-06-20 10:00:00,81.6217
2014-06-20 11:00:00,574.9278
2014-06-20 12:00:00,32.6524
2014-06-20 13:00:00,79.6899
2014-06-20 14:00:00,361.5222
2014-06-20 15:00:00,724.9071
2014-06-20 16:00:00,183.2672
2014-06-20 17:00:00,89.959
2014-06-20 18:00:00,979.23
2014-06-20 19:00:00,637.0209
2014-06-20 20:00:00,96.2931
2014-06-20 21:00:00,52.2269
2014-06-20 22:00:00,1.806
2014-06-20 23:00:00,1.8145
2014-06-21 00:00:00,1.8191
2014-06-21 01:00:00,1.8257
2014-06-21 02:00:00,1.8204
2014-06-21 03:00:00,324.4581
2014-06-21 04:00:00,931.1366
2014-06-21 05:00:00,322.4023
2014-06-21 06:00:00,1.8016
2014-06-21 07:00:00,1.7985
2014-06-21 08:00:00,1.8054
2014-06-21 09:00:00,31.0635
2014-06-21 10:00:00,81.6217
2014-06-21 11:00:00,574.9278
2014-06-21 12:00:00,32.6524
2014-06-21 13:00:00,79.6899
2014-06-21 14:00:00,361.5222
2014-06-21 15:00:00,724.9071
2014-06-21 16:00:00,183.2672
2014-06-21 17:00:00,89.959
2014-06-21 18:00:00,979.23
2014-06-21 19:00:00,637.0209
2014-06-21 20:00:00,96.2931
2014-06-21 21:00:00,52.2269
2014-06-21 22:00:00,1.806
2014-06-21 23:00:00,1.8145
2014-06-22 00:00:00,1.8191
2014-06-22 01:00:00,1.8257
2014-06-22 02:00:00,1.8204
2014-06-22 03:00:00,324.4581
2014-06-22 04:00:00,931.1366
2014-06-22 05:00:00,322.4023
2014-06-22 06:00:00,1.8016
2014-06-22 07:00:00,1.7985
2014-06-22 08:00:00,1.8054
2014-06-22 09:00:00,31.0635
2014-06-22 10:00:00,81.6217
2014-06-22 11:00:00,574.9278
2014-06-22 12:00:00,32.6524
2014-06-22 13:00:00,79.6899
2014-06-22 14:00:00,361.5222
2014-06-22 15:00:00,724.9071
2014-06-22 16:00:00,183.2672
2014-06-22 17:00:00,89.959
2014-06-22 18:00:00,979.23
2014-06-22 19:00:00,637.0209
2014-06-22 20:00:00,96.2931
2014-06-22 21:00:00,52.2269
2014-06-22 22:00:00,1.806
2014-06-22 23:00:00,1.8145
2014-06-23 00:00:00,1.8191
2014-06-23 01:00:00,1.8257
2014-06-23 02:00:00,1.8204
2014-06-23 03:00:00,324.4581
2014-06-23 04:00:00,931.1366
2014-06-23 05:00:00,322.4023
2014-06-23 06:00:00,1.8016
2014-06-23 07:00:00,1.7985
2014-06-23 08:00:00,1.8054
2014-06-23 09:00:00,31.0635
2014-06-23 10:00:00,81.6217
2014-06-23 11:00:00,574.9278
2014-06-23 12:00:00,32.6524
2014-06-23 13:00:00,79.6899
2014-06-23 14:00:00,361.5222
2014-06-23 15:00:00,724.9071
2014-06-23 16:00:00,183.2672
2014-06-23 17:00:00,89.959
2014-06-23 18:00:00,979.23
2014-06-23 19:00:00,637.0209
2014-06-23 20:00:00,96.2931
2014-06-23 21:00:00,52.2269
2014-06-23 22:00:00,1.806
2014-06-23 23:00:00,1.8145
2014-06-24 00:00:00,1.8191
2014-06-24 01:00:00,1.8257
2014-06-24 02:00:00,1.8204
2014-06-24 03:00:00,324.4581
2014-06-24 04:00:00,931.1366
2014-06-24 05:00:00,322.4023
2014-06-24 06:00:00,1.8016
2014-06-24 07:00:00,1.7985
2014-06-24 08:00:00,1.8054
2014-06-24 09:00:00,31.0635
2014-06-24 10:00:00,81.6217
2014-06-24 11:00:00,574.9278
2014-06-24 12:00:00,32.6524
2014-06-24 13:00:00,79.6899
2014-06-24 14:00:00,361.5222
2014-06-24 15:00:00,724.9071
2014-06-24 16:00:00,183.2672
2014-06-24 17:00:00,89.959
2014-06-24 18:00:00,979.23
2014-06-24 19:00:00,637.0209
2014-06-24 20:00:00,96.2931
2014-06-24 21:00:00,52.2269
2014-06-24 22:00:00,1.806
2014-06-24 23:00:00,1.8145
2014-06-25 00:00:00,1.8191
2014-06-25 01:00:00,1.8257
2014-06-25 02:00:00,1.8204
2014-06-25 03:00:00,324.4581
2014-06-25 04:00:00,931.1366
2014-06-25 05:00:00,322.4023
2014-06-25 06:00:00,1.8016
2014-06-25 07:00:00,1.7985
2014-06-25 08:00:00,1.8054
2014-06-25 09:00:00,31.0635
2014-06-25 10:00:00,81.6217
2014-06-25 11:00:00,574.9278
2014-06-25 12:00:00,32.6524
2014-06-25 13:00:00,79.6899
2014-06-25 14:00:00,361.5222
2014-06-25 15:00:00,724.9071
2014-06-25 16:00:00,183.2672
2014-06-25 17:00:00,89.959
2014-06-25 18:00:00,979.23
2014-06-25 19:00:00,637.0209
2014-06-25 20:00:00,96.2931
2014-06-25 21:00:00,52.2269
2014-06-25 22:00:00,1.806
2014-06-25 23:00:00,1.8145
2014-06-26 00:00:00,1.8191
2014-06-26 01:00:00,1.8257
2014-06-26 02:00:00,1.8204
2014-06-26 03:00:00,324.4581
2014-06-26 04:00:00,931.1366
2014-06-26 05:00:00,322.4023
2014-06-26 06:00:00,1.8016
2014-06-26 07:00:00,1.7985
2014-06-26 08:00:00,1.8054
2014-06-26 09:00:00,31.0635
2014-06-26 10:00:00,81.6217
2014-06-26 11:00:00,574.9278
2014-06-26 12:00:00,32.6524
2014-06-26 13:00:00,79.6899
2014-06-26 14:00:00,361.5222
2014-06-26 15:00:00,724.9071
2014-06-26 16:00:00,183.2672
2014-06-26 17:00:00,89.959
2014-06-26 18:00:00,979.23
2014-06-26 19:00:00,637.0209
2014-06-26 20:00:00,96.2931
2014-06-26 21:00:00,52.2269
2014-06-26 22:00:00,1.806
2014-06-26 23:00:00,1.8145
2014-06-27 00:00:00,1.8191
2014-06-27 01:00:00,1.8257
2014-06-27 02:00:00,1.8204
2014-06-27 03:00:00,324.4581
2014-06-27 04:00:00,931.1366
2014-06-27 05:00:00,322.4023
2014-06-27 06:00:00,1.8016
2014-06-27 07:00:00,1.7985
2014-06-27 08:00:00,1.8054
2014-06-27 09:00:00,31.0635
2014-06-27 10:00:00,81.6217
2014-06-27 11:00:00,574.9278
2014-06-27 12:00:00,32.6524
2014-06-27 13:00:00,79.6899
2014-06-27 14:00:00,361.5222
2014-06-27 15:00:00,724.9071
2014-06-27 16:00:00,183.2672
2014-06-27 17:00:00,89.959
2014-06-27 18:00:00,979.23
2014-06-27 19:00:00,637.0209
2014-06-27 20:00:00,96.2931
2014-06-27 21:00:00,52.2269
2014-06-27 22:00:00,1.806
2014-06-27 23:00:00,1.8145
2014-06-28 00:00:00,1.8191
2014-06-28 01:00:00,1.8257
2014-06-28 02:00:00,1.8204
2014-06-28 03:00:00,324.4581
2014-06-28 04:00:00,931.1366
2014-06-28 05:00:00,322.4023
2014-06-28 06:00:00,1.8016
2014-06-28 07:00:00,1.7985
2014-06-28 08:00:00,1.8054
2014-06-28 09:00:00,31.0635
2014-06-28 10:00:00,81.6217
2014-06-28 11:00:00,574.9278
2014-06-28 12:00:00,32.6524
2014-06-28 13:00:00,79.6899
2014-06-28 14:00:00,361.5222
2014-06-28 15:00:00,724.9071
2014-06-28 16:00:00,183.2672
2014-06-28 17:00:00,89.959
2014-06-28 18:00:00,979.23
2014-06-28 19:00:00,637.0209
2014-06-28 20:00:00,96.2931
2014-06-28 21:00:00,52.2269
2014-06-28 22:00:00,1.806
2014-06-28 23:00:00,1.8145
2014-06-29 00:00:00,1.8191
2014-06-29 01:00:00,1.8257
2014-06-29 02:00:00,1.8204
2014-06-29 03:00:00,324.4581
2014-06-29 04:00:00,931.1366
2014-06-29 05:00:00,322.4023
2014-06-29 06:00:00,1.8016
2014-06-29 07:00:00,1.7985
2014-06-29 08:00:00,1.8054
2014-06-29 09:00:00,31.0635
2014-06-29 10:00:00,81.6217
2014-06-29 11:00:00,574.9278
2014-06-29 12:00:00,32.6524
2014-06-29 13:00:00,79.6899
2014-06-29 14:00:00,361.5222
2014-06-29 15:00:00,724.9071
2014-06-29 16:00:00,183.2672
2014-06-29 17:00:00,89.959
2014-06-29 18:00:00,979.23
2014-06-29 19:00:00,637.0209
2014-06-29 20:00:00,96.2931
2014-06-29 21:00:00,52.2269
2014-06-29 22:00:00,1.806
2014-06-29 23:00:00,1.8145
2014-06-30 00:00:00,1.8191
2014-06-30 01:00:00,1.8257
2014-06-30 02:00:00,1.8204
2014-06-30 03:00:00,324.4581
2014-06-30 04:00:00,931.1366
2014-06-30 05:00:00,322.4023
2014-06-30 06:00:00,1.8016
2014-06-30 07:00:00,1.7985
2014-06-30 08:00:00,1.8054
2014-06-30 09:00:00,31.0635
2014-06-30 10:00:00,81.6217
2014-06-30 11:00:00,574.9278
2014-06-30 12:00:00,32.6524
2014-06-30 13:00:00,79.6899
2014-06-30 14:00:00,361.5222
2014-06-30 15:00:00,724.9071
2014-06-30 16:00:00,183.2672
2014-06-30 17:00:00,89.959
2014-06-30 18:00:00,979.23
2014-06-30 19:00:00,637.0209
2014-06-30 20:00:00,96.2931
2014-06-30 21:00:00,52.2269
2014-06-30 22:00:00,1.806
2014-06-30 23:00:00,1.8145
2014-07-01 00:00:00,1.8191
2014-07-01 01:00:00,1.8257
2014-07-01 02:00:00,1.8204
2014-07-01 03:00:00,324.4581
2014-07-01 04:00:00,931.1366
2014-07-01 05:00:00,322.4023
2014-07-01 06:00:00,1.8016
2014-07-01 07:00:00,1.7985
2014-07-01 08:00:00,1.8054
2014-07-01 09:00:00,31.0635
2014-07-01 10:00:00,81.6217
2014-07-01 11:00:00,574.9278
2014-07-01 12:00:00,32.6524
2014-07-01 13:00:00,79.6899
2014-07-01 14:00:00,361.5222
2014-07-01 15:00:00,724.9071
2014-07-01 16:00:00,183.2672
2014-07-01 17:00:00,89.959
2014-07-01 18:00:00,979.23
2014-07-01 19:00:00,637.0209
2014-07-01 20:00:00,96.2931
2014-07-01 21:00:00,52.2269
2014-07-01 22:00:00,1.806
2014-07-01 23:00:00,1.8145
2014-07-02 00:00:00,1.8191
2014-07-02 01:00:00,1.8257
2014-07-02 02:00:00,1.8204
2014-07-02 03:00:00,324.4581
2014-07-02 04:00:00,931.1366
2014-07-02 05:00:00,322.4023
2014-07-02 06:00:00,1.8016
2014-07-02 07:00:00,1.7985
2014-07-02 08:00:00,1.8054
2014-07-02 09:00:00,31.0635
2014-07-02 10:00:00,81.6217
2014-07-02 11:00:00,574.9278
2014-07-02 12:00:00,32.6524
2014-07-02 13:00:00,79.6899
2014-07-02 14:00:00,361.5222
2014-07-02 15:00:00,724.9071
2014-07-02 16:00:00,183.2672
2014-07-02 17:00:00,89.959
2014-07-02 18:00:00,979.23
2014-07-02 19:00:00,637.0209
2014-07-02 20:00:00,96.2931
2014-07-02 21:00:00,52.2269
2014-07-02 22:00:00,1.806
2014-07-02 23:00:00,1.8145
2014-07-03 00:00:00,1.8191
2014-07-03 01:00:00,1.8257
2014-07-03 02:00:00,1.8204
2014-07-03 03:00:00,324.4581
2014-07-03 04:00:00,931.1366
2014-07-03 05:00:00,322.4023
2014-07-03 06:00:00,1.8016
2014-07-03 07:00:00,1.7985
2014-07-03 08:00:00,1.8054
2014-07-03 09:00:00,31.0635
2014-07-03 10:00:00,81.6217
2014-07-03 11:00:00,574.9278
2014-07-03 12:00:00,32.6524
2014-07-03 13:00:00,79.6899
2014-07-03 14:00:00,361.5222
2014-07-03 15:00:00,724.9071
2014-07-03 16:00:00,183.2672
2014-07-03 17:00:00,89.959
2014-07-03 18:00:00,979.23
2014-07-03 19:00:00,637.0209
2014-07-03 20:00:00,96.2931
2014-07-03 21:00:00,52.2269
2014-07-03 22:00:00,1.806
2014-07-03 23:00:00,1.8145
2014-07-04 00:00:00,1.8191
2014-07-04 01:00:00,1.8257
2014-07-04 02:00:00,1.8204
2014-07-04 03:00:00,324.4581
2014-07-04 04:00:00,931.1366
2014-07-04 05:00:00,322.4023
2014-07-04 06:00:00,1.8016
2014-07-04 07:00:00,1.7985
2014-07-04 08:00:00,1.8054
2014-07-04 09:00:00,31.0635
2014-07-04 10:00:00,81.6217
2014-07-04 11:00:00,574.9278
2014-07-04 12:00:00,32.6524
2014-07-04 13:00:00,79.6899
2014-07-04 14:00:00,361.5222
2014-07-04 15:00:00,724.9071
2014-07-04 16:00:00,183.2672
2014-07-04 17:00:00,89.959
2014-07-04 18:00:00,979.23
2014-07-04 19:00:00,637.0209
2014-07-04 20:00:00,96.2931
2014-07-04 21:00:00,52.2269
2014-07-04 22:00:00,1.806
2014-07-04 23:00:00,1.8145
2014-07-05 00:00:00,1.8191
2014-07-05 01:00:00,1.8257
2014-07-05 02:00:00,1.8204
2014-07-05 03:00:00,324.4581
2014-07-05 04:00:00,931.1366
2014-07-05 05:00:00,322.4023
2014-07-05 06:00:00,1.8016
2014-07-05 07:00:00,1.7985
2014-07-05 08:00:00,1.8054
2014-07-05 09:00:00,31.0635
2014-07-05 10:00:00,81.6217
2014-07-05 11:00:00,574.9278
2014-07-05 12:00:00,32.6524
2014-07-05 13:00:00,79.6899
2014-07-05 14:00:00,361.5222
2014-07-05 15:00:00,724.9071
2014-07-05 16:00:00,183.2672
2014-07-05 17:00:00,89.959
2014-07-05 18:00:00,979.23
2014-07-05 19:00:00,637.0209
2014-07-05 20:00:00,96.2931
2014-07-05 21:00:00,52.2269
2014-07-05 22:00:00,1.806
2014-07-05 23:00:00,1.8145
2014-07-06 00:00:00,1.8191
2014-07-06 01:00:00,1.8257
2014-07-06 02:00:00,1.8204
2014-07-06 03:00:00,324.4581
2014-07-06 04:00:00,931.1366
2014-07-06 05:00:00,322.4023
2014-07-06 06:00:00,1.8016
2014-07-06 07:00:00,1.7985
2014-07-06 08:00:00,1.8054
2014-07-06 09:00:00,31.0635
2014-07-06 10:00:00,81.6217
2014-07-06 11:00:00,574.9278
2014-07-06 12:00:00,32.6524
2014-07-06 13:00:00,79.6899
2014-07-06 14:00:00,361.5222
2014-07-06 15:00:00,724.9071
2014-07-06 16:00:00,183.2672
2014-07-06 17:00:00,89.959
2014-07-06 18:00:00,979.23
2014-07-06 19:00:00,637.0209
2014-07-06 20:00:00,96.2931
2014-07-06 21:00:00,52.2269
2014-07-06 22:00:00,1.806
2014-07-06 23:00:00,1.8145
2014-07-07 00:00:00,1.8191
2014-07-07 01:00:00,1.8257
2014-07-07 02:00:00,1.8204
2014-07-07 03:00:00,324.4581
2014-07-07 04:00:00,931.1366
2014-07-07 05:00:00,322.4023
2014-07-07 06:00:00,1.8016
2014-07-07 07:00:00,1.7985
2014-07-07 08:00:00,1.8054
2014-07-07 09:00:00,31.0635
2014-07-07 10:00:00,81.6217
2014-07-07 11:00:00,574.9278
2014-07-07 12:00:00,32.6524
2014-07-07 13:00:00,79.6899
2014-07-07 14:00:00,361.5222
2014-07-07 15:00:00,724.9071
2014-07-07 16:00:00,183.2672
2014-07-07 17:00:00,89.959
2014-07-07 18:00:00,979.23
2014-07-07 19:00:00,637.0209
2014-07-07 20:00:00,96.2931
2014-07-07 21:00:00,52.2269
2014-07-07 22:00:00,1.806
2014-07-07 23:00:00,1.8145
2014-07-08 00:00:00,1.8191
2014-07-08 01:00:00,1.8257
2014-07-08 02:00:00,1.8204
2014-07-08 03:00:00,324.4581
2014-07-08 04:00:00,931.1366
2014-07-08 05:00:00,322.4023
2014-07-08 06:00:00,1.8016
2014-07-08 07:00:00,1.7985
2014-07-08 08:00:00,1.8054
2014-07-08 09:00:00,31.0635
2014-07-08 10:00:00,81.6217
2014-07-08 11:00:00,574.9278
2014-07-08 12:00:00,32.6524
2014-07-08 13:00:00,79.6899
2014-07-08 14:00:00,361.5222
2014-07-08 15:00:00,724.9071
2014-07-08 16:00:00,183.2672
2014-07-08 17:00:00,89.959
2014-07-08 18:00:00,979.23
2014-07-08 19:00:00,637.0209
2014-07-08 20:00:00,96.2931
2014-07-08 21:00:00,52.2269
2014-07-08 22:00:00,1.806
2014-07-08 23:00:00,1.8145
2014-07-09 00:00:00,1.8191
2014-07-09 01:00:00,1.8257
2014-07-09 02:00:00,1.8204
2014-07-09 03:00:00,324.4581
2014-07-09 04:00:00,931.1366
2014-07-09 05:00:00,322.4023
2014-07-09 06:00:00,1.8016
2014-07-09 07:00:00,1.7985
2014-07-09 08:00:00,1.8054
2014-07-09 09:00:00,31.0635
2014-07-09 10:00:00,81.6217
2014-07-09 11:00:00,574.9278
2014-07-09 12:00:00,32.6524
2014-07-09 13:00:00,79.6899
2014-07-09 14:00:00,361.5222
2014-07-09 15:00:00,724.9071
2014-07-09 16:00:00,183.2672
2014-07-09 17:00:00,89.959
2014-07-09 18:00:00,979.23
2014-07-09 19:00:00,637.0209
2014-07-09 20:00:00,96.2931
2014-07-09 21:00:00,52.2269
2014-07-09 22:00:00,1.806
2014-07-09 23:00:00,1.8145
2014-07-10 00:00:00,1.8191
2014-07-10 01:00:00,1.8257
2014-07-10 02:00:00,1.8204
2014-07-10 03:00:00,324.4581
2014-07-10 04:00:00,931.1366
2014-07-10 05:00:00,322.4023
2014-07-10 06:00:00,1.8016
2014-07-10 07:00:00,1.7985
2014-07-10 08:00:00,1.8054
2014-07-10 09:00:00,31.0635
2014-07-10 10:00:00,81.6217
2014-07-10 11:00:00,574.9278
2014-07-10 12:00:00,32.6524
2014-07-10 13:00:00,79.6899
2014-07-10 14:00:00,361.5222
2014-07-10 15:00:00,724.9071
2014-07-10 16:00:00,183.2672
2014-07-10 17:00:00,89.959
2014-07-10 18:00:00,979.23
2014-07-10 19:00:00,637.0209
2014-07-10 20:00:00,96.2931
2014-07-10 21:00:00,52.2269
2014-07-10 22:00:00,1.806
2014-07-10 23:00:00,1.8145
2014-07-11 00:00:00,1.8191
2014-07-11 01:00:00,1.8257
2014-07-11 02:00:00,1.8204
2014-07-11 03:00:00,324.4581
2014-07-11 04:00:00,931.1366
2014-07-11 05:00:00,322.4023
2014-07-11 06:00:00,1.8016
2014-07-11 07:00:00,1.7985
2014-07-11 08:00:00,1.8054
2014-07-11 09:00:00,31.0635
2014-07-11 10:00:00,81.6217
2014-07-11 11:00:00,727.2589
2014-07-11 12:00:00,145.4467
2014-07-11 13:00:00,135.1415
2014-07-11 14:00:00,136.7768
2014-07-11 15:00:00,135.5313
2014-07-11 16:00:00,131.2027
2014-07-11 17:00:00,127.0346
2014-07-11 18:00:00,347.9257
2014-07-11 19:00:00,547.3343
2014-07-11 20:00:00,129.2711
2014-07-11 21:00:00,283.7596
2014-07-11 22:00:00,121.6622
2014-07-11 23:00:00,121.0843
2014-07-12 00:00:00,121.5654
2014-07-12 01:00:00,110.0723
2014-07-12 02:00:00,103.695
2014-07-12 03:00:00,122.5779
2014-07-12 04:00:00,138.7339
2014-07-12 05:00:00,248.8654
2014-07-12 06:00:00,1126.8325
2014-07-12 07:00:00,809.6695
2014-07-12 08:00:00,129.7438
2014-07-12 09:00:00,121.8897
2014-07-12 10:00:00,113.9273
2014-07-12 11:00:00,103.8777
2014-07-12 12:00:00,120.2103
2014-07-12 13:00:00,124.0849
2014-07-12 14:00:00,115.0504
2014-07-12 15:00:00,103.9626
2014-07-12 16:00:00,114.7719
2014-07-12 17:00:00,122.2815
2014-07-12 18:00:00,112.7982
2014-07-12 19:00:00,115.5612
2014-07-12 20:00:00,142.5179
2014-07-12 21:00:00,230.9343
2014-07-12 22:00:00,118.7282
2014-07-12 23:00:00,101.3091
2014-07-13 00:00:00,115.1389
2014-07-13 01:00:00,122.9161
2014-07-13 02:00:00,182.9191
2014-07-13 03:00:00,107.1117
2014-07-13 04:00:00,122.0908
2014-07-13 05:00:00,122.6097
2014-07-13 06:00:00,297.0399
2014-07-13 07:00:00,371.2995
2014-07-13 08:00:00,469.0859
2014-07-13 09:00:00,1531.3605
2014-07-13 10:00:00,839.2791
2014-07-13 11:00:00,511.1326
2014-07-13 12:00:00,1196.3613
2014-07-13 13:00:00,694.2714
2014-07-13 14:00:00,140.4106
2014-07-13 15:00:00,444.7655
2014-07-13 16:00:00,978.8368
2014-07-13 17:00:00,650.9398
2014-07-13 18:00:00,2367.1432
2014-07-13 19:00:00,1454.3959
2014-07-13 20:00:00,559.6088
2014-07-13 21:00:00,227.2082
2014-07-13 22:00:00,126.0171
2014-07-13 23:00:00,125.3071
2014-07-14 00:00:00,119.7959
2014-07-14 01:00:00,102.0323
2014-07-14 02:00:00,119.1879
2014-07-14 03:00:00,121.5447
2014-07-14 04:00:00,117.8131
2014-07-14 05:00:00,292.3357
2014-07-14 06:00:00,143.0926
2014-07-14 07:00:00,117.2412
2014-07-14 08:00:00,118.265
2014-07-14 09:00:00,121.1475
2014-07-14 10:00:00,751.7503
2014-07-14 11:00:00,555.4273
2014-07-14 12:00:00,977.4077
2014-07-14 13:00:00,354.1256
2014-07-14 14:00:00,201.4862
2014-07-14 15:00:00,1327.3392
2014-07-14 16:00:00,1102.7054
2014-07-14 17:00:00,277.813
2014-07-14 18:00:00,1621.0732
2014-07-14 19:00:00,861.4518
2014-07-14 20:00:00,242.3301
2014-07-14 21:00:00,180.1028
2014-07-14 22:00:00,121.1731
2014-07-14 23:00:00,121.8307
2014-07-15 00:00:00,116.1667
2014-07-15 01:00:00,108.9549
2014-07-15 02:00:00,104.5085
2014-07-15 03:00:00,120.5761
2014-07-15 04:00:00,151.8526
2014-07-15 05:00:00,212.698
2014-07-15 06:00:00,203.6987
2014-07-15 07:00:00,115.7506
2014-07-15 08:00:00,149.3876
2014-07-15 09:00:00,265.4529
2014-07-15 10:00:00,364.0843
2014-07-15 11:00:00,146.6015
2014-07-15 12:00:00,122.2672
2014-07-15 13:00:00,122.0424
2014-07-15 14:00:00,119.6933
2014-07-15 15:00:00,116.4811
2014-07-15 16:00:00,110.793
2014-07-15 17:00:00,102.7861
2014-07-15 18:00:00,111.7302
2014-07-15 19:00:00,194.113
2014-07-15 20:00:00,441.6507
2014-07-15 21:00:00,824.7243
2014-07-15 22:00:00,385.2943
2014-07-15 23:00:00,396.2113
2014-07-16 00:00:00,224.7306
2014-07-16 01:00:00,100.2048
2014-07-16 02:00:00,124.8266
2014-07-16 03:00:00,111.3122
2014-07-16 04:00:00,118.386
2014-07-16 05:00:00,312.6854
2014-07-16 06:00:00,111.9073
2014-07-16 07:00:00,104.1405
2014-07-16 08:00:00,126.1796
2014-07-16 09:00:00,140.3196
2014-07-16 10:00:00,724.0205
2014-07-16 11:00:00,240.2236
2014-07-16 12:00:00,112.2134
2014-07-16 13:00:00,130.9138
2014-07-16 14:00:00,131.049
2014-07-16 15:00:00,95.1535
2014-07-16 16:00:00,133.5996
2014-07-16 17:00:00,123.9004
2014-07-16 18:00:00,880.867
2014-07-16 19:00:00,573.3917
2014-07-16 20:00:00,316.3209
2014-07-16 21:00:00,538.343
2014-07-16 22:00:00,112.4639
2014-07-16 23:00:00,130.871
2014-07-17 00:00:00,100.3272
2014-07-17 01:00:00,123.0484
2014-07-17 02:00:00,128.0044
2014-07-17 03:00:00,95.5397
2014-07-17 04:00:00,944.5669
2014-07-17 05:00:00,761.1148
2014-07-17 06:00:00,111.0446
2014-07-17 07:00:00,131.7902
2014-07-17 08:00:00,110.4637
2014-07-17 09:00:00,636.1883
2014-07-17 10:00:00,805.8502
2014-07-17 11:00:00,782.7607
2014-07-17 12:00:00,226.7317
2014-07-17 13:00:00,133.1286
2014-07-17 14:00:00,116.1722
2014-07-17 15:00:00,121.9432
2014-07-17 16:00:00,444.6604
2014-07-17 17:00:00,638.3069
2014-07-17 18:00:00,996.6138
2014-07-17 19:00:00,478.4023
2014-07-17 20:00:00,501.3877
2014-07-17 21:00:00,543.7913
2014-07-17 22:00:00,213.4891
2014-07-17 23:00:00,200.1217
2014-07-18 00:00:00,197.8888
2014-07-18 01:00:00,182.7116
2014-07-18 02:00:00,194.1736
2014-07-18 03:00:00,218.6241
2014-07-18 04:00:00,177.7338
2014-07-18 05:00:00,268.2371
2014-07-18 06:00:00,82.5922
2014-07-18 07:00:00,128.8775
2014-07-18 08:00:00,152.6684
2014-07-18 09:00:00,132.2244
2014-07-18 10:00:00,202.9256
2014-07-18 11:00:00,768.7617
2014-07-18 12:00:00,661.8976
2014-07-18 13:00:00,282.1211
2014-07-18 14:00:00,226.3341
2014-07-18 15:00:00,694.4974
2014-07-18 16:00:00,173.9262
2014-07-18 17:00:00,315.714
2014-07-18 18:00:00,802.2357
2014-07-18 19:00:00,775.7889
2014-07-18 20:00:00,399.135
2014-07-18 21:00:00,322.1214
2014-07-18 22:00:00,138.6419
2014-07-18 23:00:00,92.71
2014-07-19 00:00:00,124.395
2014-07-19 01:00:00,88.0242
2014-07-19 02:00:00,127.6024
2014-07-19 03:00:00,85.356
2014-07-19 04:00:00,257.7271
2014-07-19 05:00:00,1080.7444
2014-07-19 06:00:00,1023.5037
2014-07-19 07:00:00,162.1274
2014-07-19 08:00:00,109.7425
2014-07-19 09:00:00,442.5248
2014-07-19 10:00:00,1002.0046
2014-07-19 11:00:00,1087.9053
2014-07-19 12:00:00,715.938
2014-07-19 13:00:00,84.4766
2014-07-19 14:00:00,121.4626
2014-07-19 15:00:00,84.2365
2014-07-19 16:00:00,793.9349
2014-07-19 17:00:00,1273.6817
2014-07-19 18:00:00,1483.4764
2014-07-19 19:00:00,1056.7692
2014-07-19 20:00:00,418.2834
2014-07-19 21:00:00,487.4273
2014-07-19 22:00:00,113.344
2014-07-19 23:00:00,93.4129
2014-07-20 00:00:00,235.0399
2014-07-20 01:00:00,331.5698
2014-07-20 02:00:00,399.4864
2014-07-20 03:00:00,366.8312
2014-07-20 04:00:00,415.8176
2014-07-20 05:00:00,241.9917
2014-07-20 06:00:00,219.7074
2014-07-20 07:00:00,767.2353
2014-07-20 08:00:00,300.2641
2014-07-20 09:00:00,348.9317
2014-07-20 10:00:00,171.5549
2014-07-20 11:00:00,335.2885
2014-07-20 12:00:00,188.5658
2014-07-20 13:00:00,192.8483
2014-07-20 14:00:00,462.9294
2014-07-20 15:00:00,946.0535
2014-07-20 16:00:00,796.3246
2014-07-20 17:00:00,657.6792
2014-07-20 18:00:00,1086.0302
2014-07-20 19:00:00,1429.6256
2014-07-20 20:00:00,853.8716
2014-07-20 21:00:00,883.0007
2014-07-20 22:00:00,422.6574
2014-07-20 23:00:00,435.0526
2014-07-21 00:00:00,431.8953
2014-07-21 01:00:00,458.4346
2014-07-21 02:00:00,292.5836
2014-07-21 03:00:00,136.0291
2014-07-21 04:00:00,186.403
2014-07-21 05:00:00,886.6332
2014-07-21 06:00:00,589.2984
2014-07-21 07:00:00,118.3327
2014-07-21 08:00:00,99.479
2014-07-21 09:00:00,264.4811
2014-07-21 10:00:00,707.5026
2014-07-21 11:00:00,877.9016
2014-07-21 12:00:00,1010.8686
2014-07-21 13:00:00,1192.1786
2014-07-21 14:00:00,1089.9265
2014-07-21 15:00:00,813.7722
2014-07-21 16:00:00,1315.441
2014-07-21 17:00:00,788.593
2014-07-21 18:00:00,1043.6286
2014-07-21 19:00:00,986.3158
2014-07-21 20:00:00,310.3265
2014-07-21 21:00:00,640.9721
2014-07-21 22:00:00,229.22
2014-07-21 23:00:00,218.5428
2014-07-22 00:00:00,207.0073
2014-07-22 01:00:00,195.6819
2014-07-22 02:00:00,164.4044
2014-07-22 03:00:00,207.5571
2014-07-22 04:00:00,210.205
2014-07-22 05:00:00,371.4072
2014-07-22 06:00:00,87.0003
2014-07-22 07:00:00,121.5482
2014-07-22 08:00:00,86.6317
2014-07-22 09:00:00,163.0712
2014-07-22 10:00:00,202.9401
2014-07-22 11:00:00,325.1672
2014-07-22 12:00:00,193.9809
2014-07-22 13:00:00,94.376
2014-07-22 14:00:00,144.5617
2014-07-22 15:00:00,262.5541
2014-07-22 16:00:00,1183.7881
2014-07-22 17:00:00,891.6469
2014-07-22 18:00:00,1208.6466
2014-07-22 19:00:00,534.9176
2014-07-22 20:00:00,371.9905
2014-07-22 21:00:00,147.0262
2014-07-22 22:00:00,122.3854
2014-07-22 23:00:00,92.8688
2014-07-23 00:00:00,115.4271
2014-07-23 01:00:00,101.0259
2014-07-23 02:00:00,140.619
2014-07-23 03:00:00,151.2593
2014-07-23 04:00:00,146.6623
2014-07-23 05:00:00,284.922
2014-07-23 06:00:00,96.376
2014-07-23 07:00:00,110.4513
2014-07-23 08:00:00,108.7838
2014-07-23 09:00:00,93.9212
2014-07-23 10:00:00,116.6103
2014-07-23 11:00:00,87.7284
2014-07-23 12:00:00,123.6974
2014-07-23 13:00:00,84.4445
2014-07-23 14:00:00,120.7961
2014-07-23 15:00:00,82.8784
2014-07-23 16:00:00,120.301
2014-07-23 17:00:00,479.6749
2014-07-23 18:00:00,559.045
2014-07-23 19:00:00,574.9013
2014-07-23 20:00:00,440.0452
2014-07-23 21:00:00,402.586
2014-07-23 22:00:00,177.221
2014-07-23 23:00:00,205.5177
2014-07-24 00:00:00,311.2999
2014-07-24 01:00:00,444.4548
2014-07-24 02:00:00,437.0151
2014-07-24 03:00:00,424.9619
2014-07-24 04:00:00,676.4999
2014-07-24 05:00:00,243.8082
2014-07-24 06:00:00,122.2333
2014-07-24 07:00:00,86.0975
2014-07-24 08:00:00,125.5411
2014-07-24 09:00:00,158.6853
2014-07-24 10:00:00,948.5907
2014-07-24 11:00:00,511.7438
2014-07-24 12:00:00,778.5454
2014-07-24 13:00:00,990.6904
2014-07-24 14:00:00,161.3144
2014-07-24 15:00:00,461.6558
2014-07-24 16:00:00,513.0953
2014-07-24 17:00:00,385.9764
2014-07-24 18:00:00,1303.8429
2014-07-24 19:00:00,945.3287
2014-07-24 20:00:00,428.7895
2014-07-24 21:00:00,372.7946
2014-07-24 22:00:00,208.407
2014-07-24 23:00:00,95.6582
2014-07-25 00:00:00,123.2689
2014-07-25 01:00:00,82.7957
2014-07-25 02:00:00,123.9388
2014-07-25 03:00:00,91.2042
2014-07-25 04:00:00,215.1185
2014-07-25 05:00:00,366.1302
2014-07-25 06:00:00,482.7453
2014-07-25 07:00:00,108.7009
2014-07-25 08:00:00,121.2197
2014-07-25 09:00:00,96.6469
2014-07-25 10:00:00,548.4604
2014-07-25 11:00:00,572.9676
2014-07-25 12:00:00,252.7517
2014-07-25 13:00:00,943.5486
2014-07-25 14:00:00,1157.0264
2014-07-25 15:00:00,689.5935
2014-07-25 16:00:00,581.7547
2014-07-25 17:00:00,960.2607
2014-07-25 18:00:00,644.5764
2014-07-25 19:00:00,77.319
2014-07-25 20:00:00,108.6965
2014-07-25 21:00:00,156.1934
2014-07-25 22:00:00,108.7221
2014-07-25 23:00:00,67.622
2014-07-26 00:00:00,114.8476
2014-07-26 01:00:00,67.922
2014-07-26 02:00:00,109.8567
2014-07-26 03:00:00,74.361
2014-07-26 04:00:00,108.6635
2014-07-26 05:00:00,73.9805
2014-07-26 06:00:00,110.9696
2014-07-26 07:00:00,67.3547
2014-07-26 08:00:00,112.7277
2014-07-26 09:00:00,71.7407
2014-07-26 10:00:00,109.5076
2014-07-26 11:00:00,74.7218
2014-07-26 12:00:00,109.0995
2014-07-26 13:00:00,66.2563
2014-07-26 14:00:00,111.856
2014-07-26 15:00:00,70.0427
2014-07-26 16:00:00,109.1589
2014-07-26 17:00:00,67.5458
2014-07-26 18:00:00,115.4466
2014-07-26 19:00:00,65.8729
2014-07-26 20:00:00,109.1578
2014-07-26 21:00:00,119.6859
2014-07-26 22:00:00,111.6256
2014-07-26 23:00:00,67.5261
2014-07-27 00:00:00,106.9831
2014-07-27 01:00:00,76.6336
2014-07-27 02:00:00,104.2058
2014-07-27 03:00:00,71.3797
2014-07-27 04:00:00,100.4889
2014-07-27 05:00:00,82.573
2014-07-27 06:00:00,94.7878
2014-07-27 07:00:00,82.6558
2014-07-27 08:00:00,87.1873
2014-07-27 09:00:00,90.3358
2014-07-27 10:00:00,89.1785
2014-07-27 11:00:00,94.0562
2014-07-27 12:00:00,77.2085
2014-07-27 13:00:00,97.656
2014-07-27 14:00:00,81.8778
2014-07-27 15:00:00,139.5275
2014-07-27 16:00:00,109.3453
2014-07-27 17:00:00,112.1453
2014-07-27 18:00:00,69.0166
2014-07-27 19:00:00,109.2583
2014-07-27 20:00:00,74.2113
2014-07-27 21:00:00,196.8217
2014-07-27 22:00:00,68.1857
2014-07-27 23:00:00,109.193
2014-07-28 00:00:00,74.5095
2014-07-28 01:00:00,110.1862
2014-07-28 02:00:00,68.1396
2014-07-28 03:00:00,109.0071
2014-07-28 04:00:00,66.7553
2014-07-28 05:00:00,108.6732
2014-07-28 06:00:00,75.228
2014-07-28 07:00:00,99.8891
2014-07-28 08:00:00,74.3923
2014-07-28 09:00:00,93.3247
2014-07-28 10:00:00,87.1518
2014-07-28 11:00:00,90.2591
2014-07-28 12:00:00,85.0166
2014-07-28 13:00:00,83.3453
2014-07-28 14:00:00,96.4065
2014-07-28 15:00:00,73.5057
2014-07-28 16:00:00,101.8664
2014-07-28 17:00:00,74.3466
2014-07-28 18:00:00,108.7503
2014-07-28 19:00:00,65.3273
2014-07-28 20:00:00,110.4008
2014-07-28 21:00:00,154.1895
2014-07-28 22:00:00,107.0752
2014-07-28 23:00:00,67.3638
2014-07-29 00:00:00,109.1931
2014-07-29 01:00:00,75.7876
2014-07-29 02:00:00,108.8403
2014-07-29 03:00:00,66.9649
2014-07-29 04:00:00,105.4425
2014-07-29 05:00:00,78.055
2014-07-29 06:00:00,100.4528
2014-07-29 07:00:00,75.001
2014-07-29 08:00:00,118.1012
2014-07-29 09:00:00,73.7948
2014-07-29 10:00:00,106.7769
2014-07-29 11:00:00,65.4722
2014-07-29 12:00:00,105.601
2014-07-29 13:00:00,74.0428
2014-07-29 14:00:00,101.2946
2014-07-29 15:00:00,76.9655
2014-07-29 16:00:00,100.26
2014-07-29 17:00:00,122.6204
2014-07-29 18:00:00,759.5613
2014-07-29 19:00:00,351.8638
2014-07-29 20:00:00,100.6413
2014-07-29 21:00:00,239.971
2014-07-29 22:00:00,80.8792
2014-07-29 23:00:00,105.1931
2014-07-30 00:00:00,78.6524
2014-07-30 01:00:00,109.8326
2014-07-30 02:00:00,68.7129
2014-07-30 03:00:00,133.6919
2014-07-30 04:00:00,174.5893
2014-07-30 05:00:00,111.5439
2014-07-30 06:00:00,74.1191
2014-07-30 07:00:00,105.3294
2014-07-30 08:00:00,73.7183
2014-07-30 09:00:00,102.9736
2014-07-30 10:00:00,154.3097
2014-07-30 11:00:00,124.3747
2014-07-30 12:00:00,67.8
2014-07-30 13:00:00,106.9547
2014-07-30 14:00:00,77.8535
2014-07-30 15:00:00,101.2059
2014-07-30 16:00:00,76.584
2014-07-30 17:00:00,106.2306
2014-07-30 18:00:00,97.1766
2014-07-30 19:00:00,143.6045
2014-07-30 20:00:00,101.8531
2014-07-30 21:00:00,190.0461
2014-07-30 22:00:00,96.3336
2014-07-30 23:00:00,89.5985
2014-07-31 00:00:00,98.1362
2014-07-31 01:00:00,80.8671
2014-07-31 02:00:00,104.9349
2014-07-31 03:00:00,82.7354
2014-07-31 04:00:00,133.3648
2014-07-31 05:00:00,114.3221
2014-07-31 06:00:00,102.7567
2014-07-31 07:00:00,73.0233
2014-07-31 08:00:00,108.621
2014-07-31 09:00:00,79.4688
2014-07-31 10:00:00,206.9082
2014-07-31 11:00:00,97.9049
2014-07-31 12:00:00,105.0406
2014-07-31 13:00:00,73.0913
2014-07-31 14:00:00,108.414
2014-07-31 15:00:00,70.946
2014-07-31 16:00:00,109.3054
2014-07-31 17:00:00,95.2903
2014-07-31 18:00:00,141.6783
2014-07-31 19:00:00,102.2803
2014-07-31 20:00:00,111.6597
2014-07-31 21:00:00,154.6547
2014-07-31 22:00:00,104.8855
2014-07-31 23:00:00,75.9374
2014-08-01 00:00:00,110.8607
2014-08-01 01:00:00,70.674
2014-08-01 02:00:00,109.7336
2014-08-01 03:00:00,85.719
2014-08-01 04:00:00,182.7455
2014-08-01 05:00:00,68.8386
2014-08-01 06:00:00,109.4212
2014-08-01 07:00:00,72.5233
2014-08-01 08:00:00,100.8514
2014-08-01 09:00:00,81.289
2014-08-01 10:00:00,94.1881
2014-08-01 11:00:00,82.8246
2014-08-01 12:00:00,94.8722
2014-08-01 13:00:00,81.0543
2014-08-01 14:00:00,92.4308
2014-08-01 15:00:00,89.4616
2014-08-01 16:00:00,82.6269
2014-08-01 17:00:00,700.8433
2014-08-01 18:00:00,412.1783
2014-08-01 19:00:00,300.1442
2014-08-01 20:00:00,124.639
2014-08-01 21:00:00,198.6706
2014-08-01 22:00:00,106.3741
2014-08-01 23:00:00,96.0736
2014-08-02 00:00:00,103.3859
2014-08-02 01:00:00,107.5891
2014-08-02 02:00:00,111.8516
2014-08-02 03:00:00,88.6448
2014-08-02 04:00:00,102.3229
2014-08-02 05:00:00,171.2177
2014-08-02 06:00:00,192.7612
2014-08-02 07:00:00,99.873
2014-08-02 08:00:00,88.1387
2014-08-02 09:00:00,99.1814
2014-08-02 10:00:00,75.7517
2014-08-02 11:00:00,103.0641
2014-08-02 12:00:00,70.9341
2014-08-02 13:00:00,104.4301
2014-08-02 14:00:00,115.7991
2014-08-02 15:00:00,129.0303
2014-08-02 16:00:00,71.6417
2014-08-02 17:00:00,111.8178
2014-08-02 18:00:00,67.2103
2014-08-02 19:00:00,106.0508
2014-08-02 20:00:00,68.24
2014-08-02 21:00:00,183.9291
2014-08-02 22:00:00,74.2415
2014-08-02 23:00:00,106.1607
2014-08-03 00:00:00,70.3142
2014-08-03 01:00:00,106.4058
2014-08-03 02:00:00,68.2521
2014-08-03 03:00:00,107.6539
2014-08-03 04:00:00,70.5389
2014-08-03 05:00:00,104.1023
2014-08-03 06:00:00,363.238
2014-08-03 07:00:00,417.4101
2014-08-03 08:00:00,135.8762
2014-08-03 09:00:00,108.2579
2014-08-03 10:00:00,76.2255
2014-08-03 11:00:00,107.3052
2014-08-03 12:00:00,73.2652
2014-08-03 13:00:00,110.1745
2014-08-03 14:00:00,66.0173
2014-08-03 15:00:00,115.5135
2014-08-03 16:00:00,65.2291
2014-08-03 17:00:00,108.3093
2014-08-03 18:00:00,75.4592
2014-08-03 19:00:00,104.2598
2014-08-03 20:00:00,76.6032
2014-08-03 21:00:00,237.7628
2014-08-03 22:00:00,74.3707
2014-08-03 23:00:00,98.2176
2014-08-04 00:00:00,85.8482
2014-08-04 01:00:00,92.8852
2014-08-04 02:00:00,89.0531
2014-08-04 03:00:00,90.2726
2014-08-04 04:00:00,145.1345
2014-08-04 05:00:00,104.0699
2014-08-04 06:00:00,352.4574
2014-08-04 07:00:00,413.1008
2014-08-04 08:00:00,99.0552
2014-08-04 09:00:00,81.6549
2014-08-04 10:00:00,101.1633
2014-08-04 11:00:00,78.5779
2014-08-04 12:00:00,105.0829
2014-08-04 13:00:00,73.4288
2014-08-04 14:00:00,107.8457
2014-08-04 15:00:00,69.0869
2014-08-04 16:00:00,108.1657
2014-08-04 17:00:00,74.5805
2014-08-04 18:00:00,107.6175
2014-08-04 19:00:00,74.5951
2014-08-04 20:00:00,108.9632
2014-08-04 21:00:00,153.9214
2014-08-04 22:00:00,115.8885
2014-08-04 23:00:00,68.9364
2014-08-05 00:00:00,112.2228
2014-08-05 01:00:00,71.6318
2014-08-05 02:00:00,109.7074
2014-08-05 03:00:00,70.349
2014-08-05 04:00:00,112.9362
2014-08-05 05:00:00,66.3845
2014-08-05 06:00:00,116.9375
2014-08-05 07:00:00,65.7403
2014-08-05 08:00:00,108.0365
2014-08-05 09:00:00,76.3216
2014-08-05 10:00:00,103.4072
2014-08-05 11:00:00,76.2663
2014-08-05 12:00:00,102.6941
2014-08-05 13:00:00,75.7487
2014-08-05 14:00:00,96.266
2014-08-05 15:00:00,86.1732
2014-08-05 16:00:00,96.3594
2014-08-05 17:00:00,88.1107
2014-08-05 18:00:00,92.8107
2014-08-05 19:00:00,91.0202
2014-08-05 20:00:00,82.5466
2014-08-05 21:00:00,179.7546
2014-08-05 22:00:00,87.0389
2014-08-05 23:00:00,97.2604
2014-08-06 00:00:00,81.0705
2014-08-06 01:00:00,101.6817
2014-08-06 02:00:00,71.8137
2014-08-06 03:00:00,104.1852
2014-08-06 04:00:00,72.8005
2014-08-06 05:00:00,106.3202
2014-08-06 06:00:00,74.5648
2014-08-06 07:00:00,108.9878
2014-08-06 08:00:00,73.714
2014-08-06 09:00:00,109.1888
2014-08-06 10:00:00,66.7796
2014-08-06 11:00:00,114.5647
2014-08-06 12:00:00,69.3479
2014-08-06 13:00:00,109.1265
2014-08-06 14:00:00,74.4811
2014-08-06 15:00:00,107.4138
2014-08-06 16:00:00,70.4592
2014-08-06 17:00:00,111.3904
2014-08-06 18:00:00,66.1109
2014-08-06 19:00:00,116.439
2014-08-06 20:00:00,65.8432
2014-08-06 21:00:00,242.7124
2014-08-06 22:00:00,76.5311
2014-08-06 23:00:00,103.9952
2014-08-07 00:00:00,78.8151
2014-08-07 01:00:00,104.0465
2014-08-07 02:00:00,75.6711
2014-08-07 03:00:00,99.0754
2014-08-07 04:00:00,83.9118
2014-08-07 05:00:00,94.5863
2014-08-07 06:00:00,86.6326
2014-08-07 07:00:00,93.6385
2014-08-07 08:00:00,139.7846
2014-08-07 09:00:00,110.0749
2014-08-07 10:00:00,93.2784
2014-08-07 11:00:00,80.8998
2014-08-07 12:00:00,95.4317
2014-08-07 13:00:00,87.4334
2014-08-07 14:00:00,96.5797
2014-08-07 15:00:00,83.7026
2014-08-07 16:00:00,99.8368
2014-08-07 17:00:00,81.1085
2014-08-07 18:00:00,102.0034
2014-08-07 19:00:00,72.3241
2014-08-07 20:00:00,108.1995
2014-08-07 21:00:00,153.3659
2014-08-07 22:00:00,108.0959
2014-08-07 23:00:00,75.949
2014-08-08 00:00:00,108.8802
2014-08-08 01:00:00,76.1263
2014-08-08 02:00:00,110.6398
2014-08-08 03:00:00,68.1481
2014-08-08 04:00:00,116.8345
2014-08-08 05:00:00,67.3944
2014-08-08 06:00:00,113.5767
2014-08-08 07:00:00,69.614
2014-08-08 08:00:00,110.5634
2014-08-08 09:00:00,73.2191
2014-08-08 10:00:00,111.2514
2014-08-08 11:00:00,67.2424
2014-08-08 12:00:00,115.6137
2014-08-08 13:00:00,66.888
2014-08-08 14:00:00,116.0467
2014-08-08 15:00:00,66.9666
2014-08-08 16:00:00,106.0243
2014-08-08 17:00:00,78.617
2014-08-08 18:00:00,104.5181
2014-08-08 19:00:00,78.434
2014-08-08 20:00:00,101.4905
2014-08-08 21:00:00,139.1196
2014-08-08 22:00:00,103.4765
2014-08-08 23:00:00,79.0777
2014-08-09 00:00:00,103.0641
2014-08-09 01:00:00,77.4931
2014-08-09 02:00:00,97.73
2014-08-09 03:00:00,85.2847
2014-08-09 04:00:00,96.909
2014-08-09 05:00:00,88.0637
2014-08-09 06:00:00,95.9495
2014-08-09 07:00:00,88.1681
2014-08-09 08:00:00,92.572
2014-08-09 09:00:00,89.5387
2014-08-09 10:00:00,93.3209
2014-08-09 11:00:00,90.2757
2014-08-09 12:00:00,93.7331
2014-08-09 13:00:00,90.1615
2014-08-09 14:00:00,93.21
2014-08-09 15:00:00,90.7167
2014-08-09 16:00:00,92.5268
2014-08-09 17:00:00,92.0828
2014-08-09 18:00:00,93.2958
2014-08-09 19:00:00,93.8024
2014-08-09 20:00:00,89.8641
2014-08-09 21:00:00,177.4669
2014-08-09 22:00:00,91.4312
2014-08-09 23:00:00,94.82
2014-08-10 00:00:00,91.5826
2014-08-10 01:00:00,93.466
2014-08-10 02:00:00,91.3168
2014-08-10 03:00:00,94.4938
2014-08-10 04:00:00,89.2675
2014-08-10 05:00:00,95.5746
2014-08-10 06:00:00,90.003
2014-08-10 07:00:00,95.4707
2014-08-10 08:00:00,86.8971
2014-08-10 09:00:00,95.7302
2014-08-10 10:00:00,89.6203
2014-08-10 11:00:00,129.0371
2014-08-10 12:00:00,122.9507
2014-08-10 13:00:00,100.1177
2014-08-10 14:00:00,95.6986
2014-08-10 15:00:00,129.3249
2014-08-10 16:00:00,95.9239
2014-08-10 17:00:00,123.242
2014-08-10 18:00:00,81.1198
2014-08-10 19:00:00,100.5836
2014-08-10 20:00:00,99.8538
2014-08-10 21:00:00,680.4886
2014-08-10 22:00:00,491.8946
2014-08-10 23:00:00,352.249
2014-08-11 00:00:00,88.2601
2014-08-11 01:00:00,100.1088
2014-08-11 02:00:00,92.8487
2014-08-11 03:00:00,96.4839
2014-08-11 04:00:00,108.766
2014-08-11 05:00:00,549.6231
2014-08-11 06:00:00,227.8596
2014-08-11 07:00:00,94.785
2014-08-11 08:00:00,103.1912
2014-08-11 09:00:00,81.3922
2014-08-11 10:00:00,511.588
2014-08-11 11:00:00,407.198
2014-08-11 12:00:00,125.2987
2014-08-11 13:00:00,92.909
2014-08-11 14:00:00,122.1531
2014-08-11 15:00:00,87.3072
2014-08-11 16:00:00,425.6515
2014-08-11 17:00:00,1226.828
2014-08-11 18:00:00,1308.9888
2014-08-11 19:00:00,352.2107
2014-08-11 20:00:00,191.4432
2014-08-11 21:00:00,394.8308
2014-08-11 22:00:00,177.6617
2014-08-11 23:00:00,199.7053
2014-08-12 00:00:00,189.2561
2014-08-12 01:00:00,186.8463
2014-08-12 02:00:00,207.1269
2014-08-12 03:00:00,178.2847
2014-08-12 04:00:00,158.7988
2014-08-12 05:00:00,775.775
2014-08-12 06:00:00,242.1471
2014-08-12 07:00:00,93.8402
2014-08-12 08:00:00,120.5427
2014-08-12 09:00:00,102.856
2014-08-12 10:00:00,197.3773
2014-08-12 11:00:00,753.1124
2014-08-12 12:00:00,490.558
2014-08-12 13:00:00,499.845
2014-08-12 14:00:00,416.202
2014-08-12 15:00:00,614.3538
2014-08-12 16:00:00,986.8915
2014-08-12 17:00:00,803.8854
2014-08-12 18:00:00,1305.5261
2014-08-12 19:00:00,1338.2915
2014-08-12 20:00:00,631.1282
2014-08-12 21:00:00,399.2954
2014-08-12 22:00:00,99.2899
2014-08-12 23:00:00,110.1654
2014-08-13 00:00:00,126.4424
2014-08-13 01:00:00,91.3231
2014-08-13 02:00:00,125.5699
2014-08-13 03:00:00,86.2151
2014-08-13 04:00:00,133.2487
2014-08-13 05:00:00,577.7655
2014-08-13 06:00:00,963.5729
2014-08-13 07:00:00,1037.6779
2014-08-13 08:00:00,888.079
2014-08-13 09:00:00,1346.8701
2014-08-13 10:00:00,1164.5804
2014-08-13 11:00:00,1183.2191
2014-08-13 12:00:00,388.5325
2014-08-13 13:00:00,1049.6167
2014-08-13 14:00:00,1365.9456
2014-08-13 15:00:00,510.1222
2014-08-13 16:00:00,514.9087
2014-08-13 17:00:00,123.9749
2014-08-13 18:00:00,73.9221
2014-08-13 19:00:00,115.1756
2014-08-13 20:00:00,90.7658
2014-08-13 21:00:00,150.4294
2014-08-13 22:00:00,106.7205
2014-08-13 23:00:00,86.7856
2014-08-14 00:00:00,246.0323
2014-08-14 01:00:00,274.8638
2014-08-14 02:00:00,119.0453
2014-08-14 03:00:00,73.4958
2014-08-14 04:00:00,180.7554
2014-08-14 05:00:00,73.4854
2014-08-14 06:00:00,115.5547
2014-08-14 07:00:00,210.9719
2014-08-14 08:00:00,1467.3481
2014-08-14 09:00:00,347.0216
2014-08-14 10:00:00,581.0083
2014-08-14 11:00:00,265.4119
2014-08-14 12:00:00,187.1639
2014-08-14 13:00:00,579.83
2014-08-14 14:00:00,219.2561
2014-08-14 15:00:00,510.1222
2014-08-14 16:00:00,169.5486
2014-08-14 17:00:00,272.4149
2014-08-14 18:00:00,1133.6763
2014-08-14 19:00:00,353.2262
2014-08-14 20:00:00,117.3663
2014-08-14 21:00:00,231.1374
2014-08-14 22:00:00,96.5656
2014-08-14 23:00:00,107.7944
2014-08-15 00:00:00,77.566
2014-08-15 01:00:00,108.8821
2014-08-15 02:00:00,73.1645
2014-08-15 03:00:00,103.9157
2014-08-15 04:00:00,92.0455
2014-08-15 05:00:00,102.803
2014-08-15 06:00:00,193.7462
2014-08-15 07:00:00,187.6513
2014-08-15 08:00:00,132.749
2014-08-15 09:00:00,135.1021
2014-08-15 10:00:00,89.3095
2014-08-15 11:00:00,109.1536
2014-08-15 12:00:00,217.6431
2014-08-15 13:00:00,124.1305
2014-08-15 14:00:00,263.0897
2014-08-15 15:00:00,142.3281
2014-08-15 16:00:00,235.3826
2014-08-15 17:00:00,410.1361
2014-08-15 18:00:00,272.975
2014-08-15 19:00:00,306.4362
2014-08-15 20:00:00,100.1219
2014-08-15 21:00:00,214.0999
2014-08-15 22:00:00,98.4866
2014-08-15 23:00:00,96.8036
2014-08-16 00:00:00,104.0817
2014-08-16 01:00:00,81.1236
2014-08-16 02:00:00,110.8014
2014-08-16 03:00:00,74.1699
2014-08-16 04:00:00,107.5793
2014-08-16 05:00:00,138.468
2014-08-16 06:00:00,179.5775
2014-08-16 07:00:00,775.2751
2014-08-16 08:00:00,272.4631
2014-08-16 09:00:00,76.813
2014-08-16 10:00:00,108.6612
2014-08-16 11:00:00,73.1493
2014-08-16 12:00:00,104.7544
2014-08-16 13:00:00,81.7115
2014-08-16 14:00:00,104.4868
2014-08-16 15:00:00,77.3082
2014-08-16 16:00:00,101.2069
2014-08-16 17:00:00,85.1182
2014-08-16 18:00:00,617.5193
2014-08-16 19:00:00,260.0766
2014-08-16 20:00:00,262.1509
2014-08-16 21:00:00,238.4163
2014-08-16 22:00:00,95.6255
2014-08-16 23:00:00,110.0294
2014-08-17 00:00:00,70.1461
2014-08-17 01:00:00,107.8237
2014-08-17 02:00:00,71.3429
2014-08-17 03:00:00,106.4522
2014-08-17 04:00:00,78.7666
2014-08-17 05:00:00,99.9119
2014-08-17 06:00:00,550.8288
2014-08-17 07:00:00,962.176
2014-08-17 08:00:00,370.742
2014-08-17 09:00:00,99.1033
2014-08-17 10:00:00,80.4586
2014-08-17 11:00:00,283.1606
2014-08-17 12:00:00,714.5223
2014-08-17 13:00:00,430.1093
2014-08-17 14:00:00,107.2916
2014-08-17 15:00:00,72.498
2014-08-17 16:00:00,110.6085
2014-08-17 17:00:00,465.7364
2014-08-17 18:00:00,700.7205
2014-08-17 19:00:00,537.9103
2014-08-17 20:00:00,123.8157
2014-08-17 21:00:00,216.3428
2014-08-17 22:00:00,95.6854
2014-08-17 23:00:00,98.6049
2014-08-18 00:00:00,82.9186
2014-08-18 01:00:00,97.9205
2014-08-18 02:00:00,162.7206
2014-08-18 03:00:00,321.8078
2014-08-18 04:00:00,72.7944
2014-08-18 05:00:00,107.9124
2014-08-18 06:00:00,68.7837
2014-08-18 07:00:00,107.9081
2014-08-18 08:00:00,66.0661
2014-08-18 09:00:00,106.6025
2014-08-18 10:00:00,75.8977
2014-08-18 11:00:00,99.9686
2014-08-18 12:00:00,75.3606
2014-08-18 13:00:00,107.0006
2014-08-18 14:00:00,67.1538
2014-08-18 15:00:00,105.2358
2014-08-18 16:00:00,71.3026
2014-08-18 17:00:00,110.6364
2014-08-18 18:00:00,78.1227
2014-08-18 19:00:00,101.3987
2014-08-18 20:00:00,128.7461
2014-08-18 21:00:00,129.6475
2014-08-18 22:00:00,93.2338
2014-08-18 23:00:00,85.0193
2014-08-19 00:00:00,98.9034
2014-08-19 01:00:00,77.4701
2014-08-19 02:00:00,101.0519
2014-08-19 03:00:00,76.4559
2014-08-19 04:00:00,338.7151
2014-08-19 05:00:00,77.879
2014-08-19 06:00:00,98.3323
2014-08-19 07:00:00,78.1676
2014-08-19 08:00:00,103.2298
2014-08-19 09:00:00,146.7756
2014-08-19 10:00:00,174.0275
2014-08-19 11:00:00,262.4999
2014-08-19 12:00:00,801.3175
2014-08-19 13:00:00,376.5409
2014-08-19 14:00:00,275.7827
2014-08-19 15:00:00,478.3866
2014-08-19 16:00:00,1369.7224
2014-08-19 17:00:00,854.4457
2014-08-19 18:00:00,1344.984
2014-08-19 19:00:00,794.0016
2014-08-19 20:00:00,226.8327
2014-08-19 21:00:00,190.2231
2014-08-19 22:00:00,80.5514
2014-08-19 23:00:00,94.837
2014-08-20 00:00:00,84.849
2014-08-20 01:00:00,93.1006
2014-08-20 02:00:00,89.9114
2014-08-20 03:00:00,86.7222
2014-08-20 04:00:00,88.1294
2014-08-20 05:00:00,192.2988
2014-08-20 06:00:00,218.9921
2014-08-20 07:00:00,166.0764
2014-08-20 08:00:00,64.8448
2014-08-20 09:00:00,103.3231
2014-08-20 10:00:00,67.8092
2014-08-20 11:00:00,101.9748
2014-08-20 12:00:00,71.8863
2014-08-20 13:00:00,99.995
2014-08-20 14:00:00,69.7705
2014-08-20 15:00:00,103.4957
2014-08-20 16:00:00,67.4469
2014-08-20 17:00:00,104.3515
2014-08-20 18:00:00,64.8526
2014-08-20 19:00:00,104.4964
2014-08-20 20:00:00,64.673
2014-08-20 21:00:00,189.7506
2014-08-20 22:00:00,65.9098
2014-08-20 23:00:00,103.2105
2014-08-21 00:00:00,69.0466
2014-08-21 01:00:00,100.2491
2014-08-21 02:00:00,73.0387
2014-08-21 03:00:00,99.9294
2014-08-21 04:00:00,69.442
2014-08-21 05:00:00,102.2631
2014-08-21 06:00:00,78.2912
2014-08-21 07:00:00,91.1832
2014-08-21 08:00:00,81.1054
2014-08-21 09:00:00,88.0019
2014-08-21 10:00:00,81.6113
2014-08-21 11:00:00,86.9536
2014-08-21 12:00:00,88.578
2014-08-21 13:00:00,84.8755
2014-08-21 14:00:00,92.7974
2014-08-21 15:00:00,74.2951
2014-08-21 16:00:00,92.4989
2014-08-21 17:00:00,80.5201
2014-08-21 18:00:00,86.9894
2014-08-21 19:00:00,92.0123
2014-08-21 20:00:00,74.5518
2014-08-21 21:00:00,226.0472
2014-08-21 22:00:00,73.3609
2014-08-21 23:00:00,99.9445
2014-08-22 00:00:00,69.3946
2014-08-22 01:00:00,100.2591
2014-08-22 02:00:00,67.0725
2014-08-22 03:00:00,101.7902
2014-08-22 04:00:00,65.6957
2014-08-22 05:00:00,103.6548
2014-08-22 06:00:00,65.8114
2014-08-22 07:00:00,102.5644
2014-08-22 08:00:00,64.72
2014-08-22 09:00:00,103.4015
2014-08-22 10:00:00,65.0478
2014-08-22 11:00:00,101.8816
2014-08-22 12:00:00,128.2617
2014-08-22 13:00:00,107.7875
2014-08-22 14:00:00,77.0599
2014-08-22 15:00:00,126.2575
2014-08-22 16:00:00,94.2637
2014-08-22 17:00:00,99.8436
2014-08-22 18:00:00,73.7997
2014-08-22 19:00:00,89.8672
2014-08-22 20:00:00,90.1361
2014-08-22 21:00:00,113.8796
2014-08-22 22:00:00,99.4687
2014-08-22 23:00:00,67.543
2014-08-23 00:00:00,100.5706
2014-08-23 01:00:00,69.8379
2014-08-23 02:00:00,95.6898
2014-08-23 03:00:00,72.6681
2014-08-23 04:00:00,94.128
2014-08-23 05:00:00,73.8207
2014-08-23 06:00:00,91.9296
2014-08-23 07:00:00,79.1012
2014-08-23 08:00:00,86.2408
2014-08-23 09:00:00,84.6819
2014-08-23 10:00:00,85.0425
2014-08-23 11:00:00,87.1015
2014-08-23 12:00:00,78.2028
2014-08-23 13:00:00,91.8126
2014-08-23 14:00:00,74.1693
2014-08-23 15:00:00,97.4729
2014-08-23 16:00:00,67.7062
2014-08-23 17:00:00,96.9361
2014-08-23 18:00:00,72.1984
2014-08-23 19:00:00,95.0172
2014-08-23 20:00:00,70.0863
2014-08-23 21:00:00,152.3142
2014-08-23 22:00:00,69.4592
2014-08-23 23:00:00,96.5401
2014-08-24 00:00:00,70.1241
2014-08-24 01:00:00,97.9718
2014-08-24 02:00:00,69.8693
2014-08-24 03:00:00,94.4013
2014-08-24 04:00:00,76.306
2014-08-24 05:00:00,90.2378
2014-08-24 06:00:00,77.2129
2014-08-24 07:00:00,101.1707
2014-08-24 08:00:00,134.2675
2014-08-24 09:00:00,92.6029
2014-08-24 10:00:00,87.3387
2014-08-24 11:00:00,75.734
2014-08-24 12:00:00,95.8805
2014-08-24 13:00:00,70.9298
2014-08-24 14:00:00,99.9901
2014-08-24 15:00:00,68.207
2014-08-24 16:00:00,236.4248
2014-08-24 17:00:00,235.357
2014-08-24 18:00:00,585.0636
2014-08-24 19:00:00,144.0275
2014-08-24 20:00:00,171.9058
2014-08-24 21:00:00,253.5008
2014-08-24 22:00:00,104.4585
2014-08-24 23:00:00,93.8638
2014-08-25 00:00:00,79.9711
2014-08-25 01:00:00,102.9482
2014-08-25 02:00:00,77.8825
2014-08-25 03:00:00,95.2716
2014-08-25 04:00:00,150.0026
2014-08-25 05:00:00,200.473
2014-08-25 06:00:00,114.8422
2014-08-25 07:00:00,103.7359
2014-08-25 08:00:00,71.2662
2014-08-25 09:00:00,100.7162
2014-08-25 10:00:00,101.8068
2014-08-25 11:00:00,199.5802
2014-08-25 12:00:00,74.4108
2014-08-25 13:00:00,196.0145
2014-08-25 14:00:00,71.6611
2014-08-25 15:00:00,98.8437
2014-08-25 16:00:00,67.9917
2014-08-25 17:00:00,247.1228
2014-08-25 18:00:00,890.7539
2014-08-25 19:00:00,779.5894
2014-08-25 20:00:00,164.7219
2014-08-25 21:00:00,118.2423
2014-08-25 22:00:00,108.4476
2014-08-25 23:00:00,71.174
2014-08-26 00:00:00,103.6841
2014-08-26 01:00:00,73.3068
2014-08-26 02:00:00,100.2838
2014-08-26 03:00:00,71.0995
2014-08-26 04:00:00,182.6684
2014-08-26 05:00:00,151.6642
2014-08-26 06:00:00,215.9893
2014-08-26 07:00:00,71.3294
2014-08-26 08:00:00,104.6367
2014-08-26 09:00:00,68.7712
2014-08-26 10:00:00,278.7029
2014-08-26 11:00:00,153.2241
2014-08-26 12:00:00,140.3838
2014-08-26 13:00:00,73.2879
2014-08-26 14:00:00,98.7706
2014-08-26 15:00:00,68.2686
2014-08-26 16:00:00,254.2633
2014-08-26 17:00:00,1311.1461
2014-08-26 18:00:00,1067.0415
2014-08-26 19:00:00,904.8114
2014-08-26 20:00:00,112.6954
2014-08-26 21:00:00,215.4346
2014-08-26 22:00:00,92.7914
2014-08-26 23:00:00,104.6219
2014-08-27 00:00:00,70.5427
2014-08-27 01:00:00,103.1227
2014-08-27 02:00:00,69.0268
2014-08-27 03:00:00,180.0845
2014-08-27 04:00:00,229.5788
2014-08-27 05:00:00,207.8963
2014-08-27 06:00:00,92.007
2014-08-27 07:00:00,101.4558
2014-08-27 08:00:00,70.9142
2014-08-27 09:00:00,103.0981
2014-08-27 10:00:00,73.3575
2014-08-27 11:00:00,101.9644
2014-08-27 12:00:00,75.478
2014-08-27 13:00:00,100.6735
2014-08-27 14:00:00,142.1674
2014-08-27 15:00:00,98.9295
2014-08-27 16:00:00,79.8898
2014-08-27 17:00:00,850.4162
2014-08-27 18:00:00,168.75
2014-08-27 19:00:00,154.4358
2014-08-27 20:00:00,124.6172
2014-08-27 21:00:00,285.3995
2014-08-27 22:00:00,75.8182
2014-08-27 23:00:00,103.9097
2014-08-28 00:00:00,74.8377
2014-08-28 01:00:00,101.9303
2014-08-28 02:00:00,76.9864
2014-08-28 03:00:00,101.9995
2014-08-28 04:00:00,170.6252
2014-08-28 05:00:00,155.1321
2014-08-28 06:00:00,170.8601
2014-08-28 07:00:00,98.8813
2014-08-28 08:00:00,69.9293
2014-08-28 09:00:00,104.0892
2014-08-28 10:00:00,162.3963
2014-08-28 11:00:00,203.366
2014-08-28 12:00:00,74.2439
2014-08-28 13:00:00,99.5214
2014-08-28 14:00:00,104.4116
2014-08-28 15:00:00,128.9287
2014-08-28 16:00:00,337.6034
2014-08-28 17:00:00,815.5561
2014-08-28 18:00:00,609.1065
2014-08-28 19:00:00,1277.0552
2014-08-28 20:00:00,485.3259
2014-08-28 21:00:00,166.6729
2014-08-28 22:00:00,100.4149
2014-08-28 23:00:00,89.1378
2014-08-29 00:00:00,106.2743
2014-08-29 01:00:00,143.7346
2014-08-29 02:00:00,102.5792
2014-08-29 03:00:00,88.043
2014-08-29 04:00:00,113.0307
2014-08-29 05:00:00,179.5702
2014-08-29 06:00:00,199.6101
2014-08-29 07:00:00,78.5132
2014-08-29 08:00:00,104.3659
2014-08-29 09:00:00,104.5629
2014-08-29 10:00:00,301.9511
2014-08-29 11:00:00,508.5084
2014-08-29 12:00:00,128.4849
2014-08-29 13:00:00,97.744
2014-08-29 14:00:00,110.5301
2014-08-29 15:00:00,71.2983
2014-08-29 16:00:00,112.533
2014-08-29 17:00:00,776.913
2014-08-29 18:00:00,389.4738
2014-08-29 19:00:00,253.4859
2014-08-29 20:00:00,132.6059
2014-08-29 21:00:00,189.153
2014-08-29 22:00:00,112.4087
2014-08-29 23:00:00,73.4893
2014-08-30 00:00:00,112.5037
2014-08-30 01:00:00,70.6128
2014-08-30 02:00:00,104.1856
2014-08-30 03:00:00,141.9503
2014-08-30 04:00:00,81.7356
2014-08-30 05:00:00,157.1931
2014-08-30 06:00:00,1141.7116
2014-08-30 07:00:00,589.8938
2014-08-30 08:00:00,74.5572
2014-08-30 09:00:00,107.8928
2014-08-30 10:00:00,641.3139
2014-08-30 11:00:00,251.0277
2014-08-30 12:00:00,152.0849
2014-08-30 13:00:00,94.4248
2014-08-30 14:00:00,88.2621
2014-08-30 15:00:00,111.8514
2014-08-30 16:00:00,81.8922
2014-08-30 17:00:00,157.5824
2014-08-30 18:00:00,210.1884
2014-08-30 19:00:00,203.8171
2014-08-30 20:00:00,71.4954
2014-08-30 21:00:00,207.8684
2014-08-30 22:00:00,68.7119
2014-08-30 23:00:00,112.9456
2014-08-31 00:00:00,75.1812
2014-08-31 01:00:00,107.9393
2014-08-31 02:00:00,75.4149
2014-08-31 03:00:00,109.1414
2014-08-31 04:00:00,70.0313
2014-08-31 05:00:00,117.0478
2014-08-31 06:00:00,170.0863
2014-08-31 07:00:00,209.2004
2014-08-31 08:00:00,249.2884
2014-08-31 09:00:00,283.4031
2014-08-31 10:00:00,685.8052
2014-08-31 11:00:00,1096.9194
2014-08-31 12:00:00,857.3619
2014-08-31 13:00:00,376.8382
2014-08-31 14:00:00,325.5237
2014-08-31 15:00:00,102.2497
2014-08-31 16:00:00,64.661
2014-08-31 17:00:00,98.0869
2014-08-31 18:00:00,59.98
2014-08-31 19:00:00,100.5798
2014-08-31 20:00:00,63.3846
2014-08-31 21:00:00,218.3462
2014-08-31 22:00:00,58.6194
2014-08-31 23:00:00,90.6775
2014-09-01 00:00:00,74.1375
2014-09-01 01:00:00,68.9861
2014-09-01 02:00:00,93.3594
2014-09-01 03:00:00,59.2286
2014-09-01 04:00:00,101.6713
2014-09-01 05:00:00,65.9853
2014-09-01 06:00:00,91.0174
2014-09-01 07:00:00,66.5861
2014-09-01 08:00:00,69.4538
2014-09-01 09:00:00,90.2366
2014-09-01 10:00:00,66.1632
2014-09-01 11:00:00,98.392
2014-09-01 12:00:00,60.182
2014-09-01 13:00:00,90.6467
2014-09-01 14:00:00,68.4261
2014-09-01 15:00:00,68.3822
2014-09-01 16:00:00,89.8351
2014-09-01 17:00:00,66.1889
2014-09-01 18:00:00,99.5804
2014-09-01 19:00:00,58.2943
2014-09-01 20:00:00,84.4
2014-09-01 21:00:00,152.7883
2014-09-01 22:00:00,63.9227
2014-09-01 23:00:00,93.5476
2014-09-02 00:00:00,64.7597
2014-09-02 01:00:00,90.5915
2014-09-02 02:00:00,130.0551
2014-09-02 03:00:00,76.6039
2014-09-02 04:00:00,91.8689
2014-09-02 05:00:00,58.1954
2014-09-02 06:00:00,99.5302
2014-09-02 07:00:00,59.2851
2014-09-02 08:00:00,82.8858
2014-09-02 09:00:00,81.7191
2014-09-02 10:00:00,60.8107
2014-09-02 11:00:00,98.1947
2014-09-02 12:00:00,58.0597
2014-09-02 13:00:00,90.6467
2014-09-02 14:00:00,68.4261
2014-09-02 15:00:00,68.3822
2014-09-02 16:00:00,89.8351
2014-09-02 17:00:00,66.1889
2014-09-02 18:00:00,99.5804
2014-09-02 19:00:00,58.2943
2014-09-02 20:00:00,84.4
2014-09-02 21:00:00,152.7883
2014-09-02 22:00:00,63.9227
2014-09-02 23:00:00,93.5476
2014-09-03 00:00:00,64.7597
2014-09-03 01:00:00,90.5915
2014-09-03 02:00:00,130.0551
2014-09-03 03:00:00,76.6039
2014-09-03 04:00:00,91.8689
2014-09-03 05:00:00,58.1954
2014-09-03 06:00:00,99.5302
2014-09-03 07:00:00,59.2851
2014-09-03 08:00:00,82.8858
2014-09-03 09:00:00,81.7191
2014-09-03 10:00:00,60.8107
2014-09-03 11:00:00,98.1947
2014-09-03 12:00:00,58.0597
2014-09-03 13:00:00,90.6467
2014-09-03 14:00:00,68.4261
2014-09-03 15:00:00,68.3822
2014-09-03 16:00:00,89.8351
2014-09-03 17:00:00,66.1889
2014-09-03 18:00:00,99.5804
2014-09-03 19:00:00,58.2943
2014-09-03 20:00:00,84.4
2014-09-03 21:00:00,152.7883
2014-09-03 22:00:00,63.9227
2014-09-03 23:00:00,93.5476
2014-09-04 00:00:00,64.7597
2014-09-04 01:00:00,90.5915
2014-09-04 02:00:00,130.0551
2014-09-04 03:00:00,76.6039
2014-09-04 04:00:00,91.8689
2014-09-04 05:00:00,58.1954
2014-09-04 06:00:00,99.5302
2014-09-04 07:00:00,59.2851
2014-09-04 08:00:00,82.8858
2014-09-04 09:00:00,81.7191
2014-09-04 10:00:00,60.8107
2014-09-04 11:00:00,98.1947
2014-09-04 12:00:00,58.0597
2014-09-04 13:00:00,90.6467
2014-09-04 14:00:00,68.4261
2014-09-04 15:00:00,68.3822
2014-09-04 16:00:00,89.8351
2014-09-04 17:00:00,66.1889
2014-09-04 18:00:00,99.5804
2014-09-04 19:00:00,58.2943
2014-09-04 20:00:00,84.4
2014-09-04 21:00:00,152.7883
2014-09-04 22:00:00,63.9227
2014-09-04 23:00:00,93.5476
2014-09-05 00:00:00,64.7597
2014-09-05 01:00:00,90.5915
2014-09-05 02:00:00,130.0551
2014-09-05 03:00:00,76.6039
2014-09-05 04:00:00,91.8689
2014-09-05 05:00:00,58.1954
2014-09-05 06:00:00,99.5302
2014-09-05 07:00:00,59.2851
2014-09-05 08:00:00,82.8858
2014-09-05 09:00:00,81.7191
2014-09-05 10:00:00,60.8107
2014-09-05 11:00:00,98.1947
2014-09-05 12:00:00,58.0597
2014-09-05 13:00:00,90.6467
2014-09-05 14:00:00,68.4261
2014-09-05 15:00:00,68.3822
2014-09-05 16:00:00,89.8351
2014-09-05 17:00:00,66.1889
2014-09-05 18:00:00,99.5804
2014-09-05 19:00:00,58.2943
2014-09-05 20:00:00,84.4
2014-09-05 21:00:00,152.7883
2014-09-05 22:00:00,63.9227
2014-09-05 23:00:00,93.5476
2014-09-06 00:00:00,64.7597
2014-09-06 01:00:00,90.5915
2014-09-06 02:00:00,130.0551
2014-09-06 03:00:00,76.6039
2014-09-06 04:00:00,91.8689
2014-09-06 05:00:00,58.1954
2014-09-06 06:00:00,99.5302
2014-09-06 07:00:00,59.2851
2014-09-06 08:00:00,82.8858
2014-09-06 09:00:00,81.7191
2014-09-06 10:00:00,60.8107
2014-09-06 11:00:00,98.1947
2014-09-06 12:00:00,58.0597
2014-09-06 13:00:00,90.6467
2014-09-06 14:00:00,68.4261
2014-09-06 15:00:00,68.3822
2014-09-06 16:00:00,89.8351
2014-09-06 17:00:00,66.1889
2014-09-06 18:00:00,99.5804
2014-09-06 19:00:00,58.2943
2014-09-06 20:00:00,84.4
2014-09-06 21:00:00,152.7883
2014-09-06 22:00:00,63.9227
2014-09-06 23:00:00,93.5476
2014-09-07 00:00:00,64.7597
2014-09-07 01:00:00,90.5915
2014-09-07 02:00:00,130.0551
2014-09-07 03:00:00,76.6039
2014-09-07 04:00:00,91.8689
2014-09-07 05:00:00,58.1954
2014-09-07 06:00:00,99.5302
2014-09-07 07:00:00,59.2851
2014-09-07 08:00:00,82.8858
2014-09-07 09:00:00,81.7191
2014-09-07 10:00:00,60.8107
2014-09-07 11:00:00,98.1947
2014-09-07 12:00:00,58.0597
2014-09-07 13:00:00,90.6467
2014-09-07 14:00:00,68.4261
2014-09-07 15:00:00,68.3822
2014-09-07 16:00:00,89.8351
2014-09-07 17:00:00,66.1889
2014-09-07 18:00:00,99.5804
2014-09-07 19:00:00,58.2943
2014-09-07 20:00:00,84.4
2014-09-07 21:00:00,152.7883
2014-09-07 22:00:00,63.9227
2014-09-07 23:00:00,93.5476
2014-09-08 00:00:00,64.7597
2014-09-08 01:00:00,90.5915
2014-09-08 02:00:00,130.0551
2014-09-08 03:00:00,76.6039
2014-09-08 04:00:00,91.8689
2014-09-08 05:00:00,58.1954
2014-09-08 06:00:00,99.5302
2014-09-08 07:00:00,59.2851
2014-09-08 08:00:00,82.8858
2014-09-08 09:00:00,81.7191
2014-09-08 10:00:00,60.8107
2014-09-08 11:00:00,98.1947
2014-09-08 12:00:00,58.0597
2014-09-08 13:00:00,90.6467
2014-09-08 14:00:00,68.4261
2014-09-08 15:00:00,68.3822
2014-09-08 16:00:00,89.8351
2014-09-08 17:00:00,66.1889
2014-09-08 18:00:00,99.5804
2014-09-08 19:00:00,58.2943
2014-09-08 20:00:00,84.4
2014-09-08 21:00:00,152.7883
2014-09-08 22:00:00,63.9227
2014-09-08 23:00:00,93.5476
2014-09-09 00:00:00,64.7597
2014-09-09 01:00:00,90.5915
2014-09-09 02:00:00,130.0551
2014-09-09 03:00:00,76.6039
2014-09-09 04:00:00,91.8689
2014-09-09 05:00:00,58.1954
2014-09-09 06:00:00,99.5302
2014-09-09 07:00:00,59.2851
2014-09-09 08:00:00,82.8858
2014-09-09 09:00:00,81.7191
2014-09-09 10:00:00,60.8107
2014-09-09 11:00:00,98.1947
2014-09-09 12:00:00,58.0597
2014-09-09 13:00:00,90.6467
2014-09-09 14:00:00,68.4261
2014-09-09 15:00:00,68.3822
2014-09-09 16:00:00,89.8351
2014-09-09 17:00:00,66.1889
2014-09-09 18:00:00,99.5804
2014-09-09 19:00:00,58.2943
2014-09-09 20:00:00,84.4
2014-09-09 21:00:00,152.7883
2014-09-09 22:00:00,63.9227
2014-09-09 23:00:00,93.5476
2014-09-10 00:00:00,64.7597
2014-09-10 01:00:00,90.5915
2014-09-10 02:00:00,130.0551
2014-09-10 03:00:00,76.6039
2014-09-10 04:00:00,91.8689
2014-09-10 05:00:00,58.1954
2014-09-10 06:00:00,99.5302
2014-09-10 07:00:00,59.2851
2014-09-10 08:00:00,82.8858
2014-09-10 09:00:00,81.7191
2014-09-10 10:00:00,60.8107
2014-09-10 11:00:00,98.1947
2014-09-10 12:00:00,58.0597
2014-09-10 13:00:00,90.6467
2014-09-10 14:00:00,68.4261
2014-09-10 15:00:00,68.3822
2014-09-10 16:00:00,89.8351
2014-09-10 17:00:00,66.1889
2014-09-10 18:00:00,99.5804
2014-09-10 19:00:00,58.2943
2014-09-10 20:00:00,84.4
2014-09-10 21:00:00,152.7883
2014-09-10 22:00:00,63.9227
2014-09-10 23:00:00,93.5476
2014-09-11 00:00:00,64.7597
2014-09-11 01:00:00,90.5915
2014-09-11 02:00:00,130.0551
2014-09-11 03:00:00,76.6039
2014-09-11 04:00:00,91.8689
2014-09-11 05:00:00,58.1954
2014-09-11 06:00:00,99.5302
2014-09-11 07:00:00,59.2851
2014-09-11 08:00:00,82.8858
2014-09-11 09:00:00,81.7191
2014-09-11 10:00:00,60.8107
2014-09-11 11:00:00,98.1947
2014-09-11 12:00:00,58.0597
2014-09-11 13:00:00,90.6467
2014-09-11 14:00:00,68.4261
2014-09-11 15:00:00,68.3822
2014-09-11 16:00:00,89.8351
2014-09-11 17:00:00,66.1889
2014-09-11 18:00:00,99.5804
2014-09-11 19:00:00,58.2943
2014-09-11 20:00:00,84.4
2014-09-11 21:00:00,152.7883
2014-09-11 22:00:00,63.9227
2014-09-11 23:00:00,93.5476
2014-09-12 00:00:00,64.7597
2014-09-12 01:00:00,90.5915
2014-09-12 02:00:00,130.0551
2014-09-12 03:00:00,76.6039
2014-09-12 04:00:00,91.8689
2014-09-12 05:00:00,58.1954
2014-09-12 06:00:00,99.5302
2014-09-12 07:00:00,59.2851
2014-09-12 08:00:00,82.8858
2014-09-12 09:00:00,81.7191
2014-09-12 10:00:00,60.8107
2014-09-12 11:00:00,98.1947
2014-09-12 12:00:00,58.0597
2014-09-12 13:00:00,90.6467
2014-09-12 14:00:00,68.4261
2014-09-12 15:00:00,68.3822
2014-09-12 16:00:00,89.8351
2014-09-12 17:00:00,66.1889
2014-09-12 18:00:00,99.5804
2014-09-12 19:00:00,58.2943
2014-09-12 20:00:00,84.4
2014-09-12 21:00:00,152.7883
2014-09-12 22:00:00,63.9227
2014-09-12 23:00:00,93.5476
2014-09-13 00:00:00,64.7597
2014-09-13 01:00:00,90.5915
2014-09-13 02:00:00,130.0551
2014-09-13 03:00:00,76.6039
2014-09-13 04:00:00,91.8689
2014-09-13 05:00:00,58.1954
2014-09-13 06:00:00,99.5302
2014-09-13 07:00:00,59.2851
2014-09-13 08:00:00,82.8858
2014-09-13 09:00:00,81.7191
2014-09-13 10:00:00,60.8107
2014-09-13 11:00:00,98.1947
2014-09-13 12:00:00,58.0597
2014-09-13 13:00:00,90.6467
2014-09-13 14:00:00,68.4261
2014-09-13 15:00:00,68.3822
2014-09-13 16:00:00,89.8351
2014-09-13 17:00:00,66.1889
2014-09-13 18:00:00,99.5804
2014-09-13 19:00:00,58.2943
2014-09-13 20:00:00,84.4
2014-09-13 21:00:00,152.7883
2014-09-13 22:00:00,63.9227
2014-09-13 23:00:00,93.5476
2014-09-14 00:00:00,64.7597
2014-09-14 01:00:00,90.5915
2014-09-14 02:00:00,130.0551
2014-09-14 03:00:00,76.6039
2014-09-14 04:00:00,91.8689
2014-09-14 05:00:00,58.1954
2014-09-14 06:00:00,99.5302
2014-09-14 07:00:00,59.2851
2014-09-14 08:00:00,82.8858
2014-09-14 09:00:00,81.7191
2014-09-14 10:00:00,60.8107
2014-09-14 11:00:00,98.1947
2014-09-14 12:00:00,58.0597
2014-09-14 13:00:00,90.6467
2014-09-14 14:00:00,68.4261
2014-09-14 15:00:00,68.3822
2014-09-14 16:00:00,89.8351
2014-09-14 17:00:00,66.1889
2014-09-14 18:00:00,99.5804
2014-09-14 19:00:00,58.2943
2014-09-14 20:00:00,84.4
2014-09-14 21:00:00,152.7883
2014-09-14 22:00:00,63.9227
2014-09-14 23:00:00,93.5476
2014-09-15 00:00:00,64.7597
2014-09-15 01:00:00,90.5915
2014-09-15 02:00:00,130.0551
2014-09-15 03:00:00,76.6039
2014-09-15 04:00:00,91.8689
2014-09-15 05:00:00,58.1954
2014-09-15 06:00:00,99.5302
2014-09-15 07:00:00,59.2851
2014-09-15 08:00:00,82.8858
2014-09-15 09:00:00,81.7191
2014-09-15 10:00:00,60.8107
2014-09-15 11:00:00,98.1947
2014-09-15 12:00:00,58.0597
2014-09-15 13:00:00,90.6467
2014-09-15 14:00:00,68.4261
2014-09-15 15:00:00,68.3822
2014-09-15 16:00:00,89.8351
2014-09-15 17:00:00,66.1889
2014-09-15 18:00:00,99.5804
2014-09-15 19:00:00,58.2943
2014-09-15 20:00:00,84.4
2014-09-15 21:00:00,152.7883
2014-09-15 22:00:00,63.9227
2014-09-15 23:00:00,93.5476
2014-09-16 00:00:00,64.7597
2014-09-16 01:00:00,90.5915
2014-09-16 02:00:00,130.0551
2014-09-16 03:00:00,76.6039
2014-09-16 04:00:00,91.8689
2014-09-16 05:00:00,58.1954
2014-09-16 06:00:00,99.5302
2014-09-16 07:00:00,59.2851
2014-09-16 08:00:00,82.8858
2014-09-16 09:00:00,81.7191
2014-09-16 10:00:00,60.8107
2014-09-16 11:00:00,98.1947
2014-09-16 12:00:00,58.0597
2014-09-16 13:00:00,90.6467
2014-09-16 14:00:00,68.4261
2014-09-16 15:00:00,68.3822
2014-09-16 16:00:00,89.8351
2014-09-16 17:00:00,66.1889
2014-09-16 18:00:00,99.5804
2014-09-16 19:00:00,58.2943
2014-09-16 20:00:00,84.4
2014-09-16 21:00:00,152.7883
2014-09-16 22:00:00,63.9227
2014-09-16 23:00:00,93.5476
2014-09-17 00:00:00,64.7597
2014-09-17 01:00:00,90.5915
2014-09-17 02:00:00,130.0551
2014-09-17 03:00:00,76.6039
2014-09-17 04:00:00,91.8689
2014-09-17 05:00:00,58.1954
2014-09-17 06:00:00,99.5302
2014-09-17 07:00:00,59.2851
2014-09-17 08:00:00,82.8858
2014-09-17 09:00:00,81.7191
2014-09-17 10:00:00,60.8107
2014-09-17 11:00:00,98.1947
2014-09-17 12:00:00,58.0597
2014-09-17 13:00:00,90.6467
2014-09-17 14:00:00,68.4261
2014-09-17 15:00:00,68.3822
2014-09-17 16:00:00,89.8351
2014-09-17 17:00:00,66.1889
2014-09-17 18:00:00,99.5804
2014-09-17 19:00:00,58.2943
2014-09-17 20:00:00,84.4
2014-09-17 21:00:00,152.7883
2014-09-17 22:00:00,63.9227
2014-09-17 23:00:00,93.5476
2014-09-18 00:00:00,64.7597
2014-09-18 01:00:00,90.5915
2014-09-18 02:00:00,130.0551
2014-09-18 03:00:00,76.6039
2014-09-18 04:00:00,91.8689
2014-09-18 05:00:00,58.1954
2014-09-18 06:00:00,99.5302
2014-09-18 07:00:00,59.2851
2014-09-18 08:00:00,82.8858
2014-09-18 09:00:00,81.7191
2014-09-18 10:00:00,60.8107
2014-09-18 11:00:00,98.1947
2014-09-18 12:00:00,58.0597
2014-09-18 13:00:00,90.6467
2014-09-18 14:00:00,68.4261
2014-09-18 15:00:00,68.3822
2014-09-18 16:00:00,89.8351
2014-09-18 17:00:00,66.1889
2014-09-18 18:00:00,99.5804
2014-09-18 19:00:00,58.2943
2014-09-18 20:00:00,84.4
2014-09-18 21:00:00,152.7883
2014-09-18 22:00:00,63.9227
2014-09-18 23:00:00,93.5476
2014-09-19 00:00:00,64.7597
2014-09-19 01:00:00,90.5915
2014-09-19 02:00:00,130.0551
2014-09-19 03:00:00,76.6039
2014-09-19 04:00:00,91.8689
2014-09-19 05:00:00,58.1954
2014-09-19 06:00:00,99.5302
2014-09-19 07:00:00,59.2851
2014-09-19 08:00:00,82.8858
2014-09-19 09:00:00,81.7191
2014-09-19 10:00:00,60.8107
2014-09-19 11:00:00,98.1947
2014-09-19 12:00:00,58.0597
2014-09-19 13:00:00,90.6467
2014-09-19 14:00:00,68.4261
2014-09-19 15:00:00,68.3822
2014-09-19 16:00:00,89.8351
2014-09-19 17:00:00,66.1889
2014-09-19 18:00:00,99.5804
2014-09-19 19:00:00,58.2943
2014-09-19 20:00:00,84.4
2014-09-19 21:00:00,152.7883
2014-09-19 22:00:00,63.9227
2014-09-19 23:00:00,93.5476
2014-09-20 00:00:00,64.7597
2014-09-20 01:00:00,90.5915
2014-09-20 02:00:00,130.0551
2014-09-20 03:00:00,76.6039
2014-09-20 04:00:00,91.8689
2014-09-20 05:00:00,58.1954
2014-09-20 06:00:00,99.5302
2014-09-20 07:00:00,59.2851
2014-09-20 08:00:00,82.8858
2014-09-20 09:00:00,81.7191
2014-09-20 10:00:00,60.8107
2014-09-20 11:00:00,98.1947
2014-09-20 12:00:00,58.0597
2014-09-20 13:00:00,90.6467
2014-09-20 14:00:00,68.4261
2014-09-20 15:00:00,68.3822
2014-09-20 16:00:00,89.8351
2014-09-20 17:00:00,66.1889
2014-09-20 18:00:00,99.5804
2014-09-20 19:00:00,58.2943
2014-09-20 20:00:00,84.4
2014-09-20 21:00:00,152.7883
2014-09-20 22:00:00,63.9227
2014-09-20 23:00:00,93.5476
2014-09-21 00:00:00,64.7597
2014-09-21 01:00:00,90.5915
2014-09-21 02:00:00,130.0551
2014-09-21 03:00:00,76.6039
2014-09-21 04:00:00,91.8689
2014-09-21 05:00:00,58.1954
2014-09-21 06:00:00,99.5302
2014-09-21 07:00:00,59.2851
2014-09-21 08:00:00,82.8858
2014-09-21 09:00:00,81.7191
2014-09-21 10:00:00,60.8107
2014-09-21 11:00:00,98.1947
2014-09-21 12:00:00,58.0597
2014-09-21 13:00:00,90.6467
2014-09-21 14:00:00,68.4261
2014-09-21 15:00:00,68.3822
2014-09-21 16:00:00,89.8351
2014-09-21 17:00:00,66.1889
2014-09-21 18:00:00,99.5804
2014-09-21 19:00:00,58.2943
2014-09-21 20:00:00,84.4
2014-09-21 21:00:00,152.7883
2014-09-21 22:00:00,63.9227
2014-09-21 23:00:00,93.5476
2014-09-22 00:00:00,64.7597
2014-09-22 01:00:00,90.5915
2014-09-22 02:00:00,130.0551
2014-09-22 03:00:00,76.6039
2014-09-22 04:00:00,91.8689
2014-09-22 05:00:00,58.1954
2014-09-22 06:00:00,99.5302
2014-09-22 07:00:00,59.2851
2014-09-22 08:00:00,82.8858
2014-09-22 09:00:00,81.7191
2014-09-22 10:00:00,60.8107
2014-09-22 11:00:00,98.1947
2014-09-22 12:00:00,58.0597
2014-09-22 13:00:00,90.6467
2014-09-22 14:00:00,68.4261
2014-09-22 15:00:00,68.3822
2014-09-22 16:00:00,89.8351
2014-09-22 17:00:00,66.1889
2014-09-22 18:00:00,99.5804
2014-09-22 19:00:00,58.2943
2014-09-22 20:00:00,84.4
2014-09-22 21:00:00,152.7883
2014-09-22 22:00:00,63.9227
2014-09-22 23:00:00,93.5476
2014-09-23 00:00:00,64.7597
2014-09-23 01:00:00,90.5915
2014-09-23 02:00:00,130.0551
2014-09-23 03:00:00,76.6039
2014-09-23 04:00:00,91.8689
2014-09-23 05:00:00,58.1954
2014-09-23 06:00:00,99.5302
2014-09-23 07:00:00,59.2851
2014-09-23 08:00:00,82.8858
2014-09-23 09:00:00,81.7191
2014-09-23 10:00:00,146.9128
2014-09-23 11:00:00,112.6298
2014-09-23 12:00:00,87.6738
2014-09-23 13:00:00,85.3294
2014-09-23 14:00:00,71.156
2014-09-23 15:00:00,107.2501
2014-09-23 16:00:00,70.7702
2014-09-23 17:00:00,84.6531
2014-09-23 18:00:00,88.3887
2014-09-23 19:00:00,64.6906
2014-09-23 20:00:00,104.2098
2014-09-23 21:00:00,135.1158
2014-09-23 22:00:00,82.5913
2014-09-23 23:00:00,87.9594
2014-09-24 00:00:00,73.1491
2014-09-24 01:00:00,101.6143
2014-09-24 02:00:00,68.2196
2014-09-24 03:00:00,64.9046
2014-09-24 04:00:00,103.3922
2014-09-24 05:00:00,64.8473
2014-09-24 06:00:00,91.7399
2014-09-24 07:00:00,78.7097
2014-09-24 08:00:00,70.9412
2014-09-24 09:00:00,101.924
2014-09-24 10:00:00,65.1689
2014-09-24 11:00:00,76.2269
2014-09-24 12:00:00,92.2861
2014-09-24 13:00:00,68.5319
2014-09-24 14:00:00,98.4996
2014-09-24 15:00:00,70.4088
2014-09-24 16:00:00,69.0431
2014-09-24 17:00:00,99.3832
2014-09-24 18:00:00,68.0753
2014-09-24 19:00:00,79.6398
2014-09-24 20:00:00,87.91
2014-09-24 21:00:00,122.7274
2014-09-24 22:00:00,104.0328
2014-09-24 23:00:00,64.6781
2014-09-25 00:00:00,73.3196
2014-09-25 01:00:00,94.929
2014-09-25 02:00:00,72.8571
2014-09-25 03:00:00,83.7896
2014-09-25 04:00:00,83.9426
2014-09-25 05:00:00,64.6479
2014-09-25 06:00:00,101.3956
2014-09-25 07:00:00,68.966
2014-09-25 08:00:00,65.0412
2014-09-25 09:00:00,103.9224
2014-09-25 10:00:00,64.3141
2014-09-25 11:00:00,89.904
2014-09-25 12:00:00,79.7882
2014-09-25 13:00:00,67.2451
2014-09-25 14:00:00,102.3254
2014-09-25 15:00:00,65.3118
2014-09-25 16:00:00,70.6344
2014-09-25 17:00:00,95.4197
2014-09-25 18:00:00,68.282
2014-09-25 19:00:00,79.3528
2014-09-25 20:00:00,86.7868
2014-09-25 21:00:00,152.9845
2014-09-25 22:00:00,90.6887
2014-09-25 23:00:00,75.7498
2014-09-26 00:00:00,68.3012
2014-09-26 01:00:00,100.6679
2014-09-26 02:00:00,67.4838
2014-09-26 03:00:00,65.38
2014-09-26 04:00:00,103.1913
2014-09-26 05:00:00,98.8573
2014-09-26 06:00:00,117.1315
2014-09-26 07:00:00,91.0101
2014-09-26 08:00:00,65.519
2014-09-26 09:00:00,101.1907
2014-09-26 10:00:00,64.779
2014-09-26 11:00:00,72.5511
2014-09-26 12:00:00,97.2187
2014-09-26 13:00:00,67.4073
2014-09-26 14:00:00,69.2088
2014-09-26 15:00:00,96.3727
2014-09-26 16:00:00,64.7513
2014-09-26 17:00:00,89.0771
2014-09-26 18:00:00,78.6679
2014-09-26 19:00:00,71.9071
2014-09-26 20:00:00,92.5727
2014-09-26 21:00:00,145.062
2014-09-26 22:00:00,64.965
2014-09-26 23:00:00,101.9419
2014-09-27 00:00:00,64.1681
2014-09-27 01:00:00,69.2294
2014-09-27 02:00:00,97.8074
2014-09-27 03:00:00,65.6711
2014-09-27 04:00:00,74.6711
2014-09-27 05:00:00,92.046
2014-09-27 06:00:00,71.9211
2014-09-27 07:00:00,75.8002
2014-09-27 08:00:00,89.8434
2014-09-27 09:00:00,63.665
2014-09-27 10:00:00,94.1777
2014-09-27 11:00:00,73.9207
2014-09-27 12:00:00,65.0851
2014-09-27 13:00:00,101.9364
2014-09-27 14:00:00,63.7832
2014-09-27 15:00:00,72.8515
2014-09-27 16:00:00,93.5768
2014-09-27 17:00:00,70.0831
2014-09-27 18:00:00,67.6041
2014-09-27 19:00:00,97.2443
2014-09-27 20:00:00,69.0525
2014-09-27 21:00:00,201.8248
2014-09-27 22:00:00,96.7598
2014-09-27 23:00:00,64.2156
2014-09-28 00:00:00,87.1862
2014-09-28 01:00:00,80.0735
2014-09-28 02:00:00,65.6036
2014-09-28 03:00:00,95.1582
2014-09-28 04:00:00,69.7343
2014-09-28 05:00:00,72.2386
2014-09-28 06:00:00,94.6994
2014-09-28 07:00:00,69.4321
2014-09-28 08:00:00,68.5633
2014-09-28 09:00:00,99.6079
2014-09-28 10:00:00,67.1719
2014-09-28 11:00:00,65.1031
2014-09-28 12:00:00,104.4377
2014-09-28 13:00:00,64.1198
2014-09-28 14:00:00,72.2503
2014-09-28 15:00:00,94.1268
2014-09-28 16:00:00,63.9271
2014-09-28 17:00:00,86.4937
2014-09-28 18:00:00,80.9051
2014-09-28 19:00:00,68.3553
2014-09-28 20:00:00,90.2016
2014-09-28 21:00:00,127.0664
2014-09-28 22:00:00,69.6578
2014-09-28 23:00:00,98.2425
2014-09-29 00:00:00,70.3434
2014-09-29 01:00:00,64.7489
2014-09-29 02:00:00,101.747
2014-09-29 03:00:00,64.807
2014-09-29 04:00:00,64.4364
2014-09-29 05:00:00,102.9689
2014-09-29 06:00:00,63.9654
2014-09-29 07:00:00,71.4297
2014-09-29 08:00:00,94.8836
2014-09-29 09:00:00,128.3607
2014-09-29 10:00:00,89.0867
2014-09-29 11:00:00,87.2524
2014-09-29 12:00:00,72.3207
2014-09-29 13:00:00,93.7378
2014-09-29 14:00:00,73.4355
2014-09-29 15:00:00,63.508
2014-09-29 16:00:00,101.6994
2014-09-29 17:00:00,63.1902
2014-09-29 18:00:00,72.2668
2014-09-29 19:00:00,94.2358
2014-09-29 20:00:00,69.4029
2014-09-29 21:00:00,139.1397
2014-09-29 22:00:00,100.6125
2014-09-29 23:00:00,64.3076
2014-09-30 00:00:00,83.305
2014-09-30 01:00:00,84.2982
2014-09-30 02:00:00,70.2199
2014-09-30 03:00:00,85.8581
2014-09-30 04:00:00,80.7362
2014-09-30 05:00:00,65.3187
2014-09-30 06:00:00,100.224
2014-09-30 07:00:00,67.0778
2014-09-30 08:00:00,64.0047
2014-09-30 09:00:00,102.499
2014-09-30 10:00:00,63.1772
2014-09-30 11:00:00,72.7017
2014-09-30 12:00:00,92.773
2014-09-30 13:00:00,71.7801
2014-09-30 14:00:00,70.2878
2014-09-30 15:00:00,94.7876
2014-09-30 16:00:00,66.0846
2014-09-30 17:00:00,80.0743
2014-09-30 18:00:00,85.5106
2014-09-30 19:00:00,63.466
2014-09-30 20:00:00,98.3375
2014-09-30 21:00:00,149.0507
2014-09-30 22:00:00,67.9702
2014-09-30 23:00:00,100.4405
2014-10-01 00:00:00,64.6975
2014-10-01 01:00:00,72.9636
2014-10-01 02:00:00,94.2565
2014-10-01 03:00:00,68.9177
2014-10-01 04:00:00,68.9231
2014-10-01 05:00:00,95.8234
2014-10-01 06:00:00,71.5628
2014-10-01 07:00:00,74.9399
2014-10-01 08:00:00,90.324
2014-10-01 09:00:00,67.3164
2014-10-01 10:00:00,85.6572
2014-10-01 11:00:00,82.3404
2014-10-01 12:00:00,64.7904
2014-10-01 13:00:00,101.6631
2014-10-01 14:00:00,65.9646
2014-10-01 15:00:00,65.2602
2014-10-01 16:00:00,102.0031
2014-10-01 17:00:00,73.5476
2014-10-01 18:00:00,96.587
2014-10-01 19:00:00,96.1818
2014-10-01 20:00:00,64.2691
2014-10-01 21:00:00,220.9122
2014-10-01 22:00:00,78.3938
2014-10-01 23:00:00,66.0387
2014-10-02 00:00:00,98.5169
2014-10-02 01:00:00,66.1177
2014-10-02 02:00:00,72.9894
2014-10-02 03:00:00,94.3664
2014-10-02 04:00:00,69.1414
2014-10-02 05:00:00,68.2245
2014-10-02 06:00:00,97.7617
2014-10-02 07:00:00,68.7571
2014-10-02 08:00:00,69.1894
2014-10-02 09:00:00,98.6697
2014-10-02 10:00:00,63.5526
2014-10-02 11:00:00,87.1904
2014-10-02 12:00:00,121.3764
2014-10-02 13:00:00,96.8767
2014-10-02 14:00:00,101.2259
2014-10-02 15:00:00,64.9551
2014-10-02 16:00:00,72.7304
2014-10-02 17:00:00,100.7293
2014-10-02 18:00:00,63.1041
2014-10-02 19:00:00,69.3492
2014-10-02 20:00:00,95.0825
2014-10-02 21:00:00,112.7796
2014-10-02 22:00:00,76.8256
2014-10-02 23:00:00,92.8913
2014-10-03 00:00:00,63.7293
2014-10-03 01:00:00,93.2072
2014-10-03 02:00:00,74.8611
2014-10-03 03:00:00,69.4426
2014-10-03 04:00:00,97.1976
2014-10-03 05:00:00,68.7925
2014-10-03 06:00:00,67.2162
2014-10-03 07:00:00,101.871
2014-10-03 08:00:00,64.9867
2014-10-03 09:00:00,65.5958
2014-10-03 10:00:00,100.3444
2014-10-03 11:00:00,65.3299
2014-10-03 12:00:00,81.4135
2014-10-03 13:00:00,86.7285
2014-10-03 14:00:00,71.51
2014-10-03 15:00:00,86.6016
2014-10-03 16:00:00,79.2273
2014-10-03 17:00:00,65.9872
2014-10-03 18:00:00,101.3155
2014-10-03 19:00:00,64.7224
2014-10-03 20:00:00,64.8324
2014-10-03 21:00:00,192.0898
2014-10-03 22:00:00,64.5048
2014-10-03 23:00:00,74.9214
2014-10-04 00:00:00,92.2835
2014-10-04 01:00:00,69.6236
2014-10-04 02:00:00,81.6385
2014-10-04 03:00:00,85.7033
2014-10-04 04:00:00,68.6479
2014-10-04 05:00:00,92.441
2014-10-04 06:00:00,75.1573
2014-10-04 07:00:00,63.8792
2014-10-04 08:00:00,101.6524
2014-10-04 09:00:00,64.8692
2014-10-04 10:00:00,68.9234
2014-10-04 11:00:00,97.9317
2014-10-04 12:00:00,67.3257
2014-10-04 13:00:00,73.5842
2014-10-04 14:00:00,93.9092
2014-10-04 15:00:00,70.9762
2014-10-04 16:00:00,78.1815
2014-10-04 17:00:00,89.585
2014-10-04 18:00:00,63.2431
2014-10-04 19:00:00,95.5318
2014-10-04 20:00:00,71.9042
2014-10-04 21:00:00,108.4837
2014-10-04 22:00:00,103.8964
2014-10-04 23:00:00,64.4544
2014-10-05 00:00:00,70.6734
2014-10-05 01:00:00,96.7314
2014-10-05 02:00:00,69.5253
2014-10-05 03:00:00,71.7285
2014-10-05 04:00:00,96.3452
2014-10-05 05:00:00,68.9551
2014-10-05 06:00:00,77.6882
2014-10-05 07:00:00,89.6179
2014-10-05 08:00:00,64.1466
2014-10-05 09:00:00,96.4606
2014-10-05 10:00:00,71.3479
2014-10-05 11:00:00,69.3638
2014-10-05 12:00:00,98.07
2014-10-05 13:00:00,66.3705
2014-10-05 14:00:00,72.2899
2014-10-05 15:00:00,102.0431
2014-10-05 16:00:00,124.5592
2014-10-05 17:00:00,83.7634
2014-10-05 18:00:00,96.2736
2014-10-05 19:00:00,64.3766
2014-10-05 20:00:00,86.6025
2014-10-05 21:00:00,175.693
2014-10-05 22:00:00,63.3156
2014-10-05 23:00:00,98.5773
2014-10-06 00:00:00,70.3012
2014-10-06 01:00:00,71.9829
2014-10-06 02:00:00,95.1718
2014-10-06 03:00:00,71.9534
2014-10-06 04:00:00,64.584
2014-10-06 05:00:00,102.0099
2014-10-06 06:00:00,63.395
2014-10-06 07:00:00,72.4056
2014-10-06 08:00:00,93.5759
2014-10-06 09:00:00,71.8185
2014-10-06 10:00:00,75.357
2014-10-06 11:00:00,93.7342
2014-10-06 12:00:00,63.2754
2014-10-06 13:00:00,92.7736
2014-10-06 14:00:00,75.0157
2014-10-06 15:00:00,77.2135
2014-10-06 16:00:00,97.3355
2014-10-06 17:00:00,66.5318
2014-10-06 18:00:00,70.1084
2014-10-06 19:00:00,98.0579
2014-10-06 20:00:00,68.0864
2014-10-06 21:00:00,132.2061
2014-10-06 22:00:00,133.3224
2014-10-06 23:00:00,98.5773
2014-10-07 00:00:00,70.3012
2014-10-07 01:00:00,71.9829
2014-10-07 02:00:00,95.1718
2014-10-07 03:00:00,71.9534
2014-10-07 04:00:00,64.584
2014-10-07 05:00:00,102.0099
2014-10-07 06:00:00,63.395
2014-10-07 07:00:00,72.4056
2014-10-07 08:00:00,93.5759
2014-10-07 09:00:00,71.8185
2014-10-07 10:00:00,75.357
2014-10-07 11:00:00,93.7342
2014-10-07 12:00:00,63.2754
2014-10-07 13:00:00,92.7736
2014-10-07 14:00:00,75.0157
2014-10-07 15:00:00,77.2135
2014-10-07 16:00:00,97.3355
2014-10-07 17:00:00,66.5318
2014-10-07 18:00:00,70.1084
2014-10-07 19:00:00,98.0579
2014-10-07 20:00:00,68.0864
2014-10-07 21:00:00,132.2061
2014-10-07 22:00:00,133.3224
2014-10-07 23:00:00,98.5773
2014-10-08 00:00:00,70.3012
2014-10-08 01:00:00,71.9829
2014-10-08 02:00:00,95.1718
2014-10-08 03:00:00,71.9534
2014-10-08 04:00:00,64.584
2014-10-08 05:00:00,102.0099
2014-10-08 06:00:00,63.395
2014-10-08 07:00:00,72.4056
2014-10-08 08:00:00,93.5759
2014-10-08 09:00:00,71.8185
2014-10-08 10:00:00,75.357
2014-10-08 11:00:00,93.7342
2014-10-08 12:00:00,63.2754
2014-10-08 13:00:00,92.7736
2014-10-08 14:00:00,75.0157
2014-10-08 15:00:00,77.2135
2014-10-08 16:00:00,97.3355
2014-10-08 17:00:00,66.5318
2014-10-08 18:00:00,70.1084
2014-10-08 19:00:00,98.0579
2014-10-08 20:00:00,68.0864
2014-10-08 21:00:00,132.2061
2014-10-08 22:00:00,133.3224
2014-10-08 23:00:00,98.5773
2014-10-09 00:00:00,70.3012
2014-10-09 01:00:00,71.9829
2014-10-09 02:00:00,95.1718
2014-10-09 03:00:00,71.9534
2014-10-09 04:00:00,64.584
2014-10-09 05:00:00,102.0099
2014-10-09 06:00:00,63.395
2014-10-09 07:00:00,72.4056
2014-10-09 08:00:00,93.5759
2014-10-09 09:00:00,71.8185
2014-10-09 10:00:00,75.357
2014-10-09 11:00:00,93.7342
2014-10-09 12:00:00,63.2754
2014-10-09 13:00:00,92.7736
2014-10-09 14:00:00,75.0157
2014-10-09 15:00:00,77.2135
2014-10-09 16:00:00,97.3355
2014-10-09 17:00:00,66.5318
2014-10-09 18:00:00,70.1084
2014-10-09 19:00:00,98.0579
2014-10-09 20:00:00,68.0864
2014-10-09 21:00:00,132.2061
2014-10-09 22:00:00,133.3224
2014-10-09 23:00:00,98.5773
2014-10-10 00:00:00,70.3012
2014-10-10 01:00:00,71.9829
2014-10-10 02:00:00,95.1718
2014-10-10 03:00:00,71.9534
2014-10-10 04:00:00,64.584
2014-10-10 05:00:00,102.0099
2014-10-10 06:00:00,63.395
2014-10-10 07:00:00,72.4056
2014-10-10 08:00:00,93.5759
2014-10-10 09:00:00,71.8185
2014-10-10 10:00:00,75.357
2014-10-10 11:00:00,93.7342
2014-10-10 12:00:00,63.2754
2014-10-10 13:00:00,92.7736
2014-10-10 14:00:00,75.0157
2014-10-10 15:00:00,77.2135
2014-10-10 16:00:00,97.3355
2014-10-10 17:00:00,66.5318
2014-10-10 18:00:00,70.1084
2014-10-10 19:00:00,98.0579
2014-10-10 20:00:00,68.0864
2014-10-10 21:00:00,132.2061
2014-10-10 22:00:00,133.3224
2014-10-10 23:00:00,98.5773
2014-10-11 00:00:00,70.3012
2014-10-11 01:00:00,71.9829
2014-10-11 02:00:00,95.1718
2014-10-11 03:00:00,71.9534
2014-10-11 04:00:00,64.584
2014-10-11 05:00:00,102.0099
2014-10-11 06:00:00,63.395
2014-10-11 07:00:00,72.4056
2014-10-11 08:00:00,93.5759
2014-10-11 09:00:00,71.8185
2014-10-11 10:00:00,75.357
2014-10-11 11:00:00,93.7342
2014-10-11 12:00:00,63.2754
2014-10-11 13:00:00,92.7736
2014-10-11 14:00:00,75.0157
2014-10-11 15:00:00,77.2135
2014-10-11 16:00:00,97.3355
2014-10-11 17:00:00,66.5318
2014-10-11 18:00:00,70.1084
2014-10-11 19:00:00,98.0579
2014-10-11 20:00:00,68.0864
2014-10-11 21:00:00,132.2061
2014-10-11 22:00:00,133.3224
2014-10-11 23:00:00,98.5773
2014-10-12 00:00:00,70.3012
2014-10-12 01:00:00,71.9829
2014-10-12 02:00:00,95.1718
2014-10-12 03:00:00,71.9534
2014-10-12 04:00:00,64.584
2014-10-12 05:00:00,102.0099
2014-10-12 06:00:00,63.395
2014-10-12 07:00:00,72.4056
2014-10-12 08:00:00,93.5759
2014-10-12 09:00:00,71.8185
2014-10-12 10:00:00,75.357
2014-10-12 11:00:00,93.7342
2014-10-12 12:00:00,63.2754
2014-10-12 13:00:00,92.7736
2014-10-12 14:00:00,75.0157
2014-10-12 15:00:00,77.2135
2014-10-12 16:00:00,97.3355
2014-10-12 17:00:00,66.5318
2014-10-12 18:00:00,70.1084
2014-10-12 19:00:00,98.0579
2014-10-12 20:00:00,68.0864
2014-10-12 21:00:00,132.2061
2014-10-12 22:00:00,133.3224
2014-10-12 23:00:00,98.5773
2014-10-13 00:00:00,70.3012
2014-10-13 01:00:00,71.9829
2014-10-13 02:00:00,95.1718
2014-10-13 03:00:00,71.9534
2014-10-13 04:00:00,64.584
2014-10-13 05:00:00,102.0099
2014-10-13 06:00:00,63.395
2014-10-13 07:00:00,72.4056
2014-10-13 08:00:00,93.5759
2014-10-13 09:00:00,71.8185
2014-10-13 10:00:00,75.357
2014-10-13 11:00:00,93.7342
2014-10-13 12:00:00,63.2754
2014-10-13 13:00:00,92.7736
2014-10-13 14:00:00,75.0157
2014-10-13 15:00:00,77.2135
2014-10-13 16:00:00,97.3355
2014-10-13 17:00:00,66.5318
2014-10-13 18:00:00,70.1084
2014-10-13 19:00:00,98.0579
2014-10-13 20:00:00,68.0864
2014-10-13 21:00:00,132.2061
2014-10-13 22:00:00,133.3224
2014-10-13 23:00:00,98.5773
2014-10-14 00:00:00,70.3012
2014-10-14 01:00:00,71.9829
2014-10-14 02:00:00,95.1718
2014-10-14 03:00:00,71.9534
2014-10-14 04:00:00,64.584
2014-10-14 05:00:00,102.0099
2014-10-14 06:00:00,63.395
2014-10-14 07:00:00,72.4056
2014-10-14 08:00:00,93.5759
2014-10-14 09:00:00,71.8185
2014-10-14 10:00:00,75.357
2014-10-14 11:00:00,93.7342
2014-10-14 12:00:00,63.2754
2014-10-14 13:00:00,92.7736
2014-10-14 14:00:00,75.0157
2014-10-14 15:00:00,77.2135
2014-10-14 16:00:00,97.3355
2014-10-14 17:00:00,66.5318
2014-10-14 18:00:00,70.1084
2014-10-14 19:00:00,98.0579
2014-10-14 20:00:00,68.0864
2014-10-14 21:00:00,132.2061
2014-10-14 22:00:00,133.3224
2014-10-14 23:00:00,98.5773
2014-10-15 00:00:00,70.3012
2014-10-15 01:00:00,71.9829
2014-10-15 02:00:00,95.1718
2014-10-15 03:00:00,71.9534
2014-10-15 04:00:00,64.584
2014-10-15 05:00:00,102.0099
2014-10-15 06:00:00,63.395
2014-10-15 07:00:00,72.4056
2014-10-15 08:00:00,93.5759
2014-10-15 09:00:00,71.8185
2014-10-15 10:00:00,75.357
2014-10-15 11:00:00,93.7342
2014-10-15 12:00:00,63.2754
2014-10-15 13:00:00,92.7736
2014-10-15 14:00:00,75.0157
2014-10-15 15:00:00,77.2135
2014-10-15 16:00:00,97.3355
2014-10-15 17:00:00,66.5318
2014-10-15 18:00:00,70.1084
2014-10-15 19:00:00,98.0579
2014-10-15 20:00:00,68.0864
2014-10-15 21:00:00,132.2061
2014-10-15 22:00:00,133.3224
2014-10-15 23:00:00,98.5773
2014-10-16 00:00:00,70.3012
2014-10-16 01:00:00,71.9829
2014-10-16 02:00:00,95.1718
2014-10-16 03:00:00,71.9534
2014-10-16 04:00:00,64.584
2014-10-16 05:00:00,102.0099
2014-10-16 06:00:00,63.395
2014-10-16 07:00:00,72.4056
2014-10-16 08:00:00,93.5759
2014-10-16 09:00:00,71.8185
2014-10-16 10:00:00,75.357
2014-10-16 11:00:00,93.7342
2014-10-16 12:00:00,63.2754
2014-10-16 13:00:00,92.7736
2014-10-16 14:00:00,75.0157
2014-10-16 15:00:00,77.2135
2014-10-16 16:00:00,97.3355
2014-10-16 17:00:00,66.5318
2014-10-16 18:00:00,70.1084
2014-10-16 19:00:00,98.0579
2014-10-16 20:00:00,68.0864
2014-10-16 21:00:00,132.2061
2014-10-16 22:00:00,133.3224
2014-10-16 23:00:00,98.5773
2014-10-17 00:00:00,70.3012
2014-10-17 01:00:00,71.9829
2014-10-17 02:00:00,95.1718
2014-10-17 03:00:00,71.9534
2014-10-17 04:00:00,64.584
2014-10-17 05:00:00,102.0099
2014-10-17 06:00:00,63.395
2014-10-17 07:00:00,72.4056
2014-10-17 08:00:00,93.5759
2014-10-17 09:00:00,71.8185
2014-10-17 10:00:00,75.357
2014-10-17 11:00:00,93.7342
2014-10-17 12:00:00,63.2754
2014-10-17 13:00:00,92.7736
2014-10-17 14:00:00,75.0157
2014-10-17 15:00:00,77.2135
2014-10-17 16:00:00,97.3355
2014-10-17 17:00:00,66.5318
2014-10-17 18:00:00,70.1084
2014-10-17 19:00:00,98.0579
2014-10-17 20:00:00,68.0864
2014-10-17 21:00:00,132.2061
2014-10-17 22:00:00,133.3224
2014-10-17 23:00:00,98.5773
2014-10-18 00:00:00,70.3012
2014-10-18 01:00:00,71.9829
2014-10-18 02:00:00,95.1718
2014-10-18 03:00:00,71.9534
2014-10-18 04:00:00,64.584
2014-10-18 05:00:00,102.0099
2014-10-18 06:00:00,63.395
2014-10-18 07:00:00,72.4056
2014-10-18 08:00:00,93.5759
2014-10-18 09:00:00,71.8185
2014-10-18 10:00:00,75.357
2014-10-18 11:00:00,93.7342
2014-10-18 12:00:00,63.2754
2014-10-18 13:00:00,92.7736
2014-10-18 14:00:00,75.0157
2014-10-18 15:00:00,77.2135
2014-10-18 16:00:00,97.3355
2014-10-18 17:00:00,66.5318
2014-10-18 18:00:00,70.1084
2014-10-18 19:00:00,98.0579
2014-10-18 20:00:00,68.0864
2014-10-18 21:00:00,132.2061
2014-10-18 22:00:00,133.3224
2014-10-18 23:00:00,98.5773
2014-10-19 00:00:00,70.3012
2014-10-19 01:00:00,71.9829
2014-10-19 02:00:00,95.1718
2014-10-19 03:00:00,71.9534
2014-10-19 04:00:00,64.584
2014-10-19 05:00:00,102.0099
2014-10-19 06:00:00,63.395
2014-10-19 07:00:00,72.4056
2014-10-19 08:00:00,93.5759
2014-10-19 09:00:00,71.8185
2014-10-19 10:00:00,75.357
2014-10-19 11:00:00,93.7342
2014-10-19 12:00:00,63.2754
2014-10-19 13:00:00,92.7736
2014-10-19 14:00:00,75.0157
2014-10-19 15:00:00,77.2135
2014-10-19 16:00:00,97.3355
2014-10-19 17:00:00,66.5318
2014-10-19 18:00:00,70.1084
2014-10-19 19:00:00,98.0579
2014-10-19 20:00:00,68.0864
2014-10-19 21:00:00,132.2061
2014-10-19 22:00:00,133.3224
2014-10-19 23:00:00,98.5773
2014-10-20 00:00:00,70.3012
2014-10-20 01:00:00,71.9829
2014-10-20 02:00:00,95.1718
2014-10-20 03:00:00,71.9534
2014-10-20 04:00:00,64.584
2014-10-20 05:00:00,102.0099
2014-10-20 06:00:00,63.395
2014-10-20 07:00:00,72.4056
2014-10-20 08:00:00,93.5759
2014-10-20 09:00:00,71.8185
2014-10-20 10:00:00,75.357
2014-10-20 11:00:00,93.7342
2014-10-20 12:00:00,63.2754
2014-10-20 13:00:00,92.7736
2014-10-20 14:00:00,75.0157
2014-10-20 15:00:00,77.2135
2014-10-20 16:00:00,97.3355
2014-10-20 17:00:00,66.5318
2014-10-20 18:00:00,70.1084
2014-10-20 19:00:00,98.0579
2014-10-20 20:00:00,68.0864
2014-10-20 21:00:00,132.2061
2014-10-20 22:00:00,133.3224
2014-10-20 23:00:00,98.5773
2014-10-21 00:00:00,70.3012
2014-10-21 01:00:00,71.9829
2014-10-21 02:00:00,95.1718
2014-10-21 03:00:00,71.9534
2014-10-21 04:00:00,64.584
2014-10-21 05:00:00,102.0099
2014-10-21 06:00:00,63.395
2014-10-21 07:00:00,72.4056
2014-10-21 08:00:00,0.0
2014-10-21 09:00:00,0.0
2014-10-21 10:00:00,0.0
2014-10-21 11:00:00,0.0
2014-10-21 12:00:00,0.0
2014-10-21 13:00:00,0.0
2014-10-21 14:00:00,0.0
2014-10-21 15:00:00,0.0
2014-10-21 16:00:00,0.0
2014-10-21 17:00:00,0.0
2014-10-21 18:00:00,0.0
2014-10-21 19:00:00,0.0
2014-10-21 20:00:00,0.0
2014-10-21 21:00:00,0.0
2014-10-21 22:00:00,0.0
2014-10-21 23:00:00,0.0
2014-10-22 00:00:00,0.0
2014-10-22 01:00:00,0.0
2014-10-22 02:00:00,0.0
2014-10-22 03:00:00,0.0
2014-10-22 04:00:00,0.0
2014-10-22 05:00:00,0.0
2014-10-22 06:00:00,0.0
2014-10-22 07:00:00,0.0
2014-10-22 08:00:00,0.0
2014-10-22 09:00:00,0.0
2014-10-22 10:00:00,0.0
2014-10-22 11:00:00,0.0
2014-10-22 12:00:00,0.0
2014-10-22 13:00:00,0.0
2014-10-22 14:00:00,0.0
2014-10-22 15:00:00,0.0
2014-10-22 16:00:00,0.0
2014-10-22 17:00:00,0.0
2014-10-22 18:00:00,0.0
2014-10-22 19:00:00,0.0
2014-10-22 20:00:00,0.0
2014-10-22 21:00:00,0.0
2014-10-22 22:00:00,0.0
2014-10-22 23:00:00,0.0
2014-10-23 00:00:00,0.0
2014-10-23 01:00:00,0.0
2014-10-23 02:00:00,0.0
2014-10-23 03:00:00,0.0
2014-10-23 04:00:00,0.0
2014-10-23 05:00:00,0.0
2014-10-23 06:00:00,0.0
2014-10-23 07:00:00,0.0
2014-10-23 08:00:00,0.0
2014-10-23 09:00:00,0.0
2014-10-23 10:00:00,0.0
2014-10-23 11:00:00,0.0
2014-10-23 12:00:00,0.0
2014-10-23 13:00:00,0.0
2014-10-23 14:00:00,0.0
2014-10-23 15:00:00,0.0
2014-10-23 16:00:00,0.0
2014-10-23 17:00:00,0.0
2014-10-23 18:00:00,0.0
2014-10-23 19:00:00,0.0
2014-10-23 20:00:00,0.0
2014-10-23 21:00:00,0.0
2014-10-23 22:00:00,0.0
2014-10-23 23:00:00,0.0
2014-10-24 00:00:00,0.0
2014-10-24 01:00:00,0.0
2014-10-24 02:00:00,0.0
2014-10-24 03:00:00,0.0
2014-10-24 04:00:00,0.0
2014-10-24 05:00:00,0.0
2014-10-24 06:00:00,0.0
2014-10-24 07:00:00,0.0
2014-10-24 08:00:00,0.0
2014-10-24 09:00:00,0.0
2014-10-24 10:00:00,0.0
2014-10-24 11:00:00,0.0
2014-10-24 12:00:00,0.0
2014-10-24 13:00:00,0.0
2014-10-24 14:00:00,0.0
2014-10-24 15:00:00,0.0
2014-10-24 16:00:00,0.0
2014-10-24 17:00:00,0.0
2014-10-24 18:00:00,199.0443
2014-10-24 19:00:00,69.1783
2014-10-24 20:00:00,65.5753
2014-10-24 21:00:00,139.9724
2014-10-24 22:00:00,68.3996
2014-10-24 23:00:00,63.2403
2014-10-25 00:00:00,96.1365
2014-10-25 01:00:00,66.5597
2014-10-25 02:00:00,71.7324
2014-10-25 03:00:00,98.032
2014-10-25 04:00:00,68.6084
2014-10-25 05:00:00,177.8444
2014-10-25 06:00:00,250.8841
2014-10-25 07:00:00,142.4079
2014-10-25 08:00:00,64.9143
2014-10-25 09:00:00,92.1702
2014-10-25 10:00:00,251.1813
2014-10-25 11:00:00,182.9205
2014-10-25 12:00:00,356.7086
2014-10-25 13:00:00,103.0617
2014-10-25 14:00:00,84.2295
2014-10-25 15:00:00,90.7035
2014-10-25 16:00:00,137.2136
2014-10-25 17:00:00,122.4935
2014-10-25 18:00:00,142.1096
2014-10-25 19:00:00,116.2556
2014-10-25 20:00:00,181.6228
2014-10-25 21:00:00,133.933
2014-10-25 22:00:00,71.4739
2014-10-25 23:00:00,67.3073
2014-10-26 00:00:00,107.7831
2014-10-26 01:00:00,74.1866
2014-10-26 02:00:00,79.8646
2014-10-26 03:00:00,103.596
2014-10-26 04:00:00,68.0903
2014-10-26 05:00:00,123.1459
2014-10-26 06:00:00,218.0728
2014-10-26 07:00:00,289.7558
2014-10-26 08:00:00,372.1104
2014-10-26 09:00:00,105.7701
2014-10-26 10:00:00,134.8836
2014-10-26 11:00:00,241.0009
2014-10-26 12:00:00,892.7093
2014-10-26 13:00:00,135.7162
2014-10-26 14:00:00,98.3384
2014-10-26 15:00:00,69.7626
2014-10-26 16:00:00,66.5412
2014-10-26 17:00:00,93.4139
2014-10-26 18:00:00,66.1419
2014-10-26 19:00:00,66.0168
2014-10-26 20:00:00,93.9861
2014-10-26 21:00:00,71.1666
2014-10-26 22:00:00,123.8945
2014-10-26 23:00:00,88.5581
2014-10-27 00:00:00,65.3796
2014-10-27 01:00:00,80.0197
2014-10-27 02:00:00,78.6548
2014-10-27 03:00:00,136.505
2014-10-27 04:00:00,98.391
2014-10-27 05:00:00,67.0948
2014-10-27 06:00:00,92.3323
2014-10-27 07:00:00,63.0552
2014-10-27 08:00:00,65.3911
2014-10-27 09:00:00,90.4075
2014-10-27 10:00:00,66.6137
2014-10-27 11:00:00,60.9476
2014-10-27 12:00:00,66.8487
2014-10-27 13:00:00,90.0087
2014-10-27 14:00:00,64.3493
2014-10-27 15:00:00,61.7517
2014-10-27 16:00:00,91.6726
2014-10-27 17:00:00,63.7299
2014-10-27 18:00:00,64.3928
2014-10-27 19:00:00,64.6361
2014-10-27 20:00:00,85.8984
2014-10-27 21:00:00,78.5848
2014-10-27 22:00:00,176.5015
2014-10-27 23:00:00,93.9697
2014-10-28 00:00:00,78.7639
2014-10-28 01:00:00,79.9366
2014-10-28 02:00:00,72.4227
2014-10-28 03:00:00,107.8499
2014-10-28 04:00:00,71.994
2014-10-28 05:00:00,102.7692
2014-10-28 06:00:00,102.9604
2014-10-28 07:00:00,84.5339
2014-10-28 08:00:00,64.4875
2014-10-28 09:00:00,64.0098
2014-10-28 10:00:00,88.8897
2014-10-28 11:00:00,60.9021
2014-10-28 12:00:00,64.425
2014-10-28 13:00:00,64.0229
2014-10-28 14:00:00,89.0625
2014-10-28 15:00:00,60.5448
2014-10-28 16:00:00,64.2091
2014-10-28 17:00:00,70.2947
2014-10-28 18:00:00,80.6761
2014-10-28 19:00:00,62.062
2014-10-28 20:00:00,64.4675
2014-10-28 21:00:00,93.9004
2014-10-28 22:00:00,112.4988
2014-10-28 23:00:00,79.1939
2014-10-29 00:00:00,81.0319
2014-10-29 01:00:00,91.6729
2014-10-29 02:00:00,80.649
2014-10-29 03:00:00,75.0686
2014-10-29 04:00:00,69.9681
2014-10-29 05:00:00,102.699
2014-10-29 06:00:00,63.2052
2014-10-29 07:00:00,62.9584
2014-10-29 08:00:00,59.2357
2014-10-29 09:00:00,91.8968
2014-10-29 10:00:00,63.5595
2014-10-29 11:00:00,59.0332
2014-10-29 12:00:00,62.0997
2014-10-29 13:00:00,92.925
2014-10-29 14:00:00,58.8774
2014-10-29 15:00:00,61.5739
2014-10-29 16:00:00,64.0669
2014-10-29 17:00:00,89.0465
2014-10-29 18:00:00,58.8654
2014-10-29 19:00:00,69.1364
2014-10-29 20:00:00,71.5622
2014-10-29 21:00:00,94.9712
2014-10-29 22:00:00,141.9888
2014-10-29 23:00:00,82.8189
2014-10-30 00:00:00,61.0529
2014-10-30 01:00:00,105.2746
2014-10-30 02:00:00,73.3871
2014-10-30 03:00:00,68.5338
2014-10-30 04:00:00,78.3508
2014-10-30 05:00:00,92.1992
2014-10-30 06:00:00,58.3197
2014-10-30 07:00:00,61.6235
2014-10-30 08:00:00,64.4076
2014-10-30 09:00:00,88.7975
2014-10-30 10:00:00,59.5093
2014-10-30 11:00:00,64.3155
2014-10-30 12:00:00,60.9677
2014-10-30 13:00:00,87.1511
2014-10-30 14:00:00,63.3607
2014-10-30 15:00:00,61.7367
2014-10-30 16:00:00,57.8715
2014-10-30 17:00:00,88.1611
2014-10-30 18:00:00,64.7149
2014-10-30 19:00:00,57.6293
2014-10-30 20:00:00,63.7011
2014-10-30 21:00:00,85.3515
2014-10-30 22:00:00,118.3281
2014-10-30 23:00:00,76.0776
2014-10-31 00:00:00,65.9694
2014-10-31 01:00:00,75.6526
2014-10-31 02:00:00,86.665
2014-10-31 03:00:00,78.6637
2014-10-31 04:00:00,60.269
2014-10-31 05:00:00,74.4574
2014-10-31 06:00:00,91.2732
2014-10-31 07:00:00,56.8394
2014-10-31 08:00:00,95.1643
2014-10-31 09:00:00,92.8932
2014-10-31 10:00:00,92.0205
2014-10-31 11:00:00,62.8742
2014-10-31 12:00:00,59.426
2014-10-31 13:00:00,61.2408
2014-10-31 14:00:00,86.2207
2014-10-31 15:00:00,64.3684
2014-10-31 16:00:00,59.5565
2014-10-31 17:00:00,63.9212
2014-10-31 18:00:00,71.0525
2014-10-31 19:00:00,75.0136
2014-10-31 20:00:00,63.1308
2014-10-31 21:00:00,62.2818
2014-10-31 22:00:00,96.2408
2014-10-31 23:00:00,104.3512
2014-11-01 00:00:00,61.9588
2014-11-01 01:00:00,72.1688
2014-11-01 02:00:00,63.7365
2014-11-01 03:00:00,104.1226
2014-11-01 04:00:00,62.4814
2014-11-01 05:00:00,72.1286
2014-11-01 06:00:00,62.8441
2014-11-01 07:00:00,66.8126
2014-11-01 08:00:00,81.3369
2014-11-01 09:00:00,61.7066
2014-11-01 10:00:00,58.0723
2014-11-01 11:00:00,62.9451
2014-11-01 12:00:00,89.6967
2014-11-01 13:00:00,219.1603
2014-11-01 14:00:00,80.3642
2014-11-01 15:00:00,61.9962
2014-11-01 16:00:00,85.1589
2014-11-01 17:00:00,62.8904
2014-11-01 18:00:00,62.2918
2014-11-01 19:00:00,57.4557
2014-11-01 20:00:00,73.2816
2014-11-01 21:00:00,79.1243
2014-11-01 22:00:00,96.1505
2014-11-01 23:00:00,63.3101
2014-11-02 00:00:00,62.7039
2014-11-02 01:00:00,95.8563
2014-11-02 02:00:00,64.1376
2014-11-02 03:00:00,64.1477
2014-11-02 04:00:00,70.4797
2014-11-02 05:00:00,83.3994
2014-11-02 06:00:00,69.4153
2014-11-02 07:00:00,57.8294
2014-11-02 08:00:00,63.3633
2014-11-02 09:00:00,61.7362
2014-11-02 10:00:00,85.0081
2014-11-02 11:00:00,61.6947
2014-11-02 12:00:00,64.0445
2014-11-02 13:00:00,57.5026
2014-11-02 14:00:00,89.5253
2014-11-02 15:00:00,63.438
2014-11-02 16:00:00,58.5915
2014-11-02 17:00:00,60.7134
2014-11-02 18:00:00,72.0228
2014-11-02 19:00:00,77.7162
2014-11-02 20:00:00,58.7173
2014-11-02 21:00:00,64.0501
2014-11-02 22:00:00,99.8579
2014-11-02 23:00:00,87.2247
2014-11-03 00:00:00,63.7762
2014-11-03 01:00:00,60.8502
2014-11-03 02:00:00,59.631
2014-11-03 03:00:00,79.5309
2014-11-03 04:00:00,71.3253
2014-11-03 05:00:00,58.6012
2014-11-03 06:00:00,63.4498
2014-11-03 07:00:00,60.0751
2014-11-03 08:00:00,86.4701
2014-11-03 09:00:00,63.4063
2014-11-03 10:00:00,61.9449
2014-11-03 11:00:00,57.3851
2014-11-03 12:00:00,140.1463
2014-11-03 13:00:00,75.8701
2014-11-03 14:00:00,63.3622
2014-11-03 15:00:00,58.7131
2014-11-03 16:00:00,63.4214
2014-11-03 17:00:00,87.0282
2014-11-03 18:00:00,61.0784
2014-11-03 19:00:00,57.748
2014-11-03 20:00:00,62.8698
2014-11-03 21:00:00,90.6746
2014-11-03 22:00:00,94.3978
2014-11-03 23:00:00,63.1956
2014-11-04 00:00:00,63.4041
2014-11-04 01:00:00,63.1971
2014-11-04 02:00:00,83.4957
2014-11-04 03:00:00,63.3369
2014-11-04 04:00:00,58.7331
2014-11-04 05:00:00,60.485
2014-11-04 06:00:00,90.153
2014-11-04 07:00:00,59.6393
2014-11-04 08:00:00,60.3156
2014-11-04 09:00:00,63.898
2014-11-04 10:00:00,68.0858
2014-11-04 11:00:00,78.4485
2014-11-04 12:00:00,63.1898
2014-11-04 13:00:00,59.8196
2014-11-04 14:00:00,59.1159
2014-11-04 15:00:00,90.8007
2014-11-04 16:00:00,59.9345
2014-11-04 17:00:00,58.8819
2014-11-04 18:00:00,63.4405
2014-11-04 19:00:00,70.8001
2014-11-04 20:00:00,75.1966
2014-11-04 21:00:00,63.278
2014-11-04 22:00:00,97.6799
2014-11-04 23:00:00,58.5524
2014-11-05 00:00:00,91.4188
2014-11-05 01:00:00,60.2341
2014-11-05 02:00:00,59.5994
2014-11-05 03:00:00,63.9726
2014-11-05 04:00:00,74.0769
2014-11-05 05:00:00,72.2545
2014-11-05 06:00:00,62.6237
2014-11-05 07:00:00,61.8392
2014-11-05 08:00:00,57.3454
2014-11-05 09:00:00,91.4145
2014-11-05 10:00:00,61.0091
2014-11-05 11:00:00,58.0691
2014-11-05 12:00:00,63.405
2014-11-05 13:00:00,76.9767
2014-11-05 14:00:00,71.47
2014-11-05 15:00:00,62.359
2014-11-05 16:00:00,63.2528
2014-11-05 17:00:00,56.364
2014-11-05 18:00:00,89.6425
2014-11-05 19:00:00,61.9712
2014-11-05 20:00:00,57.8234
2014-11-05 21:00:00,61.98
2014-11-05 22:00:00,196.3858
2014-11-05 23:00:00,72.1764
2014-11-06 00:00:00,60.6737
2014-11-06 01:00:00,64.11
2014-11-06 02:00:00,58.8286
2014-11-06 03:00:00,88.8162
2014-11-06 04:00:00,63.2522
2014-11-06 05:00:00,60.1776
2014-11-06 06:00:00,58.4749
2014-11-06 07:00:00,84.1252
2014-11-06 08:00:00,67.9012
2014-11-06 09:00:00,59.556
2014-11-06 10:00:00,64.0268
2014-11-06 11:00:00,60.079
2014-11-06 12:00:00,85.5586
2014-11-06 13:00:00,63.4176
2014-11-06 14:00:00,62.4529
2014-11-06 15:00:00,107.9809
2014-11-06 16:00:00,100.7765
2014-11-06 17:00:00,62.7007
2014-11-06 18:00:00,112.3824
2014-11-06 19:00:00,61.9209
2014-11-06 20:00:00,78.0252
2014-11-06 21:00:00,69.7646
2014-11-06 22:00:00,141.6706
2014-11-06 23:00:00,60.5912
2014-11-07 00:00:00,60.8669
2014-11-07 01:00:00,90.2989
2014-11-07 02:00:00,62.87
2014-11-07 03:00:00,58.8655
2014-11-07 04:00:00,62.3513
2014-11-07 05:00:00,91.3333
2014-11-07 06:00:00,58.4611
2014-11-07 07:00:00,60.8863
2014-11-07 08:00:00,64.1837
2014-11-07 09:00:00,77.5481
2014-11-07 10:00:00,69.5722
2014-11-07 11:00:00,63.5448
2014-11-07 12:00:00,63.2907
2014-11-07 13:00:00,58.3255
2014-11-07 14:00:00,88.9206
2014-11-07 15:00:00,63.2511
2014-11-07 16:00:00,59.4177
2014-11-07 17:00:00,59.4232
2014-11-07 18:00:00,90.9461
2014-11-07 19:00:00,60.8834
2014-11-07 20:00:00,58.4936
2014-11-07 21:00:00,64.0102
2014-11-07 22:00:00,206.1773
2014-11-07 23:00:00,66.6243
2014-11-08 00:00:00,62.992
2014-11-08 01:00:00,64.5904
2014-11-08 02:00:00,63.1161
2014-11-08 03:00:00,85.1881
2014-11-08 04:00:00,63.6488
2014-11-08 05:00:00,59.6756
2014-11-08 06:00:00,60.3833
2014-11-08 07:00:00,92.6385
2014-11-08 08:00:00,58.2498
2014-11-08 09:00:00,61.3138
2014-11-08 10:00:00,64.1682
2014-11-08 11:00:00,88.0006
2014-11-08 12:00:00,59.5089
2014-11-08 13:00:00,64.244
2014-11-08 14:00:00,61.053
2014-11-08 15:00:00,82.6441
2014-11-08 16:00:00,67.2412
2014-11-08 17:00:00,62.6219
2014-11-08 18:00:00,58.361
2014-11-08 19:00:00,75.2546
2014-11-08 20:00:00,79.6193
2014-11-08 21:00:00,58.3131
2014-11-08 22:00:00,132.8516
2014-11-08 23:00:00,65.9912
2014-11-09 00:00:00,86.4654
2014-11-09 01:00:00,60.2478
2014-11-09 02:00:00,64.8199
2014-11-09 03:00:00,61.1231
2014-11-09 04:00:00,87.9845
2014-11-09 05:00:00,63.6273
2014-11-09 06:00:00,63.9629
2014-11-09 07:00:00,58.4969
2014-11-09 08:00:00,90.1901
2014-11-09 09:00:00,63.5874
2014-11-09 10:00:00,58.9438
2014-11-09 11:00:00,61.3991
2014-11-09 12:00:00,89.9865
2014-11-09 13:00:00,61.9
2014-11-09 14:00:00,60.6013
2014-11-09 15:00:00,64.1857
2014-11-09 16:00:00,79.3868
2014-11-09 17:00:00,68.5298
2014-11-09 18:00:00,98.1531
2014-11-09 19:00:00,89.2149
2014-11-09 20:00:00,76.7388
2014-11-09 21:00:00,79.0959
2014-11-09 22:00:00,97.9304
2014-11-09 23:00:00,63.8602
2014-11-10 00:00:00,68.1365
2014-11-10 01:00:00,85.7788
2014-11-10 02:00:00,59.261
2014-11-10 03:00:00,64.7438
2014-11-10 04:00:00,63.1708
2014-11-10 05:00:00,87.0541
2014-11-10 06:00:00,61.3199
2014-11-10 07:00:00,64.8163
2014-11-10 08:00:00,60.1746
2014-11-10 09:00:00,89.6881
2014-11-10 10:00:00,63.8561
2014-11-10 11:00:00,61.3442
2014-11-10 12:00:00,58.6987
2014-11-10 13:00:00,91.5638
2014-11-10 14:00:00,62.8002
2014-11-10 15:00:00,58.6872
2014-11-10 16:00:00,62.6536
2014-11-10 17:00:00,91.3796
2014-11-10 18:00:00,58.1537
2014-11-10 19:00:00,61.2472
2014-11-10 20:00:00,64.3867
2014-11-10 21:00:00,86.2266
2014-11-10 22:00:00,143.769
2014-11-10 23:00:00,64.7488
2014-11-11 00:00:00,62.7815
2014-11-11 01:00:00,80.1278
2014-11-11 02:00:00,71.2339
2014-11-11 03:00:00,63.903
2014-11-11 04:00:00,58.9776
2014-11-11 05:00:00,79.2965
2014-11-11 06:00:00,75.4469
2014-11-11 07:00:00,58.9082
2014-11-11 08:00:00,63.0105
2014-11-11 09:00:00,77.0361
2014-11-11 10:00:00,75.7951
2014-11-11 11:00:00,59.1033
2014-11-11 12:00:00,64.2589
2014-11-11 13:00:00,71.2142
2014-11-11 14:00:00,77.7813
2014-11-11 15:00:00,63.7702
2014-11-11 16:00:00,63.7949
2014-11-11 17:00:00,63.2247
2014-11-11 18:00:00,84.8715
2014-11-11 19:00:00,63.5992
2014-11-11 20:00:00,59.6851
2014-11-11 21:00:00,64.266
2014-11-11 22:00:00,168.4106
2014-11-11 23:00:00,62.5242
2014-11-12 00:00:00,59.3775
2014-11-12 01:00:00,65.6495
2014-11-12 02:00:00,91.6117
2014-11-12 03:00:00,59.3083
2014-11-12 04:00:00,61.6914
2014-11-12 05:00:00,64.0814
2014-11-12 06:00:00,89.0478
2014-11-12 07:00:00,59.7539
2014-11-12 08:00:00,64.7869
2014-11-12 09:00:00,62.5251
2014-11-12 10:00:00,87.7112
2014-11-12 11:00:00,62.311
2014-11-12 12:00:00,64.5481
2014-11-12 13:00:00,59.3751
2014-11-12 14:00:00,89.1242
2014-11-12 15:00:00,63.7197
2014-11-12 16:00:00,62.6737
2014-11-12 17:00:00,61.6757
2014-11-12 18:00:00,92.8433
2014-11-12 19:00:00,63.6871
2014-11-12 20:00:00,59.1771
2014-11-12 21:00:00,89.1926
2014-11-12 22:00:00,212.5622
2014-11-12 23:00:00,64.9728
2014-11-13 00:00:00,64.7956
2014-11-13 01:00:00,60.7375
2014-11-13 02:00:00,88.6901
2014-11-13 03:00:00,64.0448
2014-11-13 04:00:00,64.7277
2014-11-13 05:00:00,59.3649
2014-11-13 06:00:00,88.2132
2014-11-13 07:00:00,64.2246
2014-11-13 08:00:00,63.7772
2014-11-13 09:00:00,59.6642
2014-11-13 10:00:00,90.5822
2014-11-13 11:00:00,63.8851
2014-11-13 12:00:00,61.4416
2014-11-13 13:00:00,60.8026
2014-11-13 14:00:00,91.763
2014-11-13 15:00:00,64.1167
2014-11-13 16:00:00,59.4181
2014-11-13 17:00:00,61.6004
2014-11-13 18:00:00,91.3576
2014-11-13 19:00:00,60.5396
2014-11-13 20:00:00,59.322
2014-11-13 21:00:00,65.6267
2014-11-13 22:00:00,164.7621
2014-11-13 23:00:00,58.4098
2014-11-14 00:00:00,64.1175
2014-11-14 01:00:00,66.9757
2014-11-14 02:00:00,85.635
2014-11-14 03:00:00,61.4624
2014-11-14 04:00:00,64.8018
2014-11-14 05:00:00,63.4698
2014-11-14 06:00:00,84.9534
2014-11-14 07:00:00,64.0465
2014-11-14 08:00:00,63.0337
2014-11-14 09:00:00,63.3735
2014-11-14 10:00:00,87.1883
2014-11-14 11:00:00,64.0627
2014-11-14 12:00:00,60.1709
2014-11-14 13:00:00,69.0102
2014-11-14 14:00:00,84.7362
2014-11-14 15:00:00,61.6497
2014-11-14 16:00:00,59.0385
2014-11-14 17:00:00,73.4398
2014-11-14 18:00:00,82.2101
2014-11-14 19:00:00,58.7914
2014-11-14 20:00:00,61.7978
2014-11-14 21:00:00,75.9391
2014-11-14 22:00:00,143.8421
2014-11-14 23:00:00,58.6959
2014-11-15 00:00:00,64.5932
2014-11-15 01:00:00,76.8542
2014-11-15 02:00:00,75.5688
2014-11-15 03:00:00,60.7979
2014-11-15 04:00:00,65.1719
2014-11-15 05:00:00,78.3662
2014-11-15 06:00:00,72.2907
2014-11-15 07:00:00,62.8304
2014-11-15 08:00:00,64.7181
2014-11-15 09:00:00,74.9988
2014-11-15 10:00:00,73.6724
2014-11-15 11:00:00,64.0149
2014-11-15 12:00:00,63.0294
2014-11-15 13:00:00,74.2351
2014-11-15 14:00:00,75.9514
2014-11-15 15:00:00,63.7476
2014-11-15 16:00:00,59.3156
2014-11-15 17:00:00,78.1819
2014-11-15 18:00:00,76.0438
2014-11-15 19:00:00,60.2843
2014-11-15 20:00:00,60.0714
2014-11-15 21:00:00,82.4826
2014-11-15 22:00:00,135.6232
2014-11-15 23:00:00,59.3054
2014-11-16 00:00:00,64.01
2014-11-16 01:00:00,142.4012
2014-11-16 02:00:00,77.0799
2014-11-16 03:00:00,62.4748
2014-11-16 04:00:00,60.7239
2014-11-16 05:00:00,87.9276
2014-11-16 06:00:00,67.8329
2014-11-16 07:00:00,63.1872
2014-11-16 08:00:00,59.4524
2014-11-16 09:00:00,89.2076
2014-11-16 10:00:00,65.4596
2014-11-16 11:00:00,62.6451
2014-11-16 12:00:00,59.5381
2014-11-16 13:00:00,91.1682
2014-11-16 14:00:00,63.9463
2014-11-16 15:00:00,61.3925
2014-11-16 16:00:00,58.9045
2014-11-16 17:00:00,91.9689
2014-11-16 18:00:00,63.6701
2014-11-16 19:00:00,59.9294
2014-11-16 20:00:00,60.2821
2014-11-16 21:00:00,92.4016
2014-11-16 22:00:00,124.5062
2014-11-16 23:00:00,59.2339
2014-11-17 00:00:00,63.13
2014-11-17 01:00:00,92.8356
2014-11-17 02:00:00,61.0965
2014-11-17 03:00:00,81.3704
2014-11-17 04:00:00,65.6485
2014-11-17 05:00:00,105.0917
2014-11-17 06:00:00,57.8004
2014-11-17 07:00:00,63.2787
2014-11-17 08:00:00,64.8062
2014-11-17 09:00:00,88.8026
2014-11-17 10:00:00,60.2858
2014-11-17 11:00:00,64.3393
2014-11-17 12:00:00,61.7945
2014-11-17 13:00:00,87.682
2014-11-17 14:00:00,63.7767
2014-11-17 15:00:00,63.3548
2014-11-17 16:00:00,58.6322
2014-11-17 17:00:00,90.3928
2014-11-17 18:00:00,63.2285
2014-11-17 19:00:00,74.4425
2014-11-17 20:00:00,62.619
2014-11-17 21:00:00,105.0475
2014-11-17 22:00:00,135.9939
2014-11-17 23:00:00,65.8108
2014-11-18 00:00:00,65.0693
2014-11-18 01:00:00,104.2312
2014-11-18 02:00:00,59.4396
2014-11-18 03:00:00,61.6483
2014-11-18 04:00:00,64.6625
2014-11-18 05:00:00,86.6246
2014-11-18 06:00:00,74.8182
2014-11-18 07:00:00,74.0787
2014-11-18 08:00:00,68.6825
2014-11-18 09:00:00,80.5069
2014-11-18 10:00:00,68.5543
2014-11-18 11:00:00,63.6225
2014-11-18 12:00:00,59.1986
2014-11-18 13:00:00,76.3241
2014-11-18 14:00:00,75.5124
2014-11-18 15:00:00,76.195
2014-11-18 16:00:00,67.626
2014-11-18 17:00:00,80.0169
2014-11-18 18:00:00,85.6666
2014-11-18 19:00:00,68.5477
2014-11-18 20:00:00,79.9659
2014-11-18 21:00:00,63.8062
2014-11-18 22:00:00,136.6454
2014-11-18 23:00:00,74.9223
2014-11-19 00:00:00,67.5856
2014-11-19 01:00:00,73.6007
2014-11-19 02:00:00,91.7307
2014-11-19 03:00:00,77.836
2014-11-19 04:00:00,113.9641
2014-11-19 05:00:00,81.6018
2014-11-19 06:00:00,91.6817
2014-11-19 07:00:00,63.4845
2014-11-19 08:00:00,60.4239
2014-11-19 09:00:00,59.4236
2014-11-19 10:00:00,81.302
2014-11-19 11:00:00,70.7165
2014-11-19 12:00:00,58.7589
2014-11-19 13:00:00,63.9646
2014-11-19 14:00:00,65.7733
2014-11-19 15:00:00,81.0329
2014-11-19 16:00:00,79.3065
2014-11-19 17:00:00,61.2943
2014-11-19 18:00:00,56.9079
2014-11-19 19:00:00,97.083
2014-11-19 20:00:00,68.3206
2014-11-19 21:00:00,69.1743
2014-11-19 22:00:00,145.3463
2014-11-19 23:00:00,96.337
2014-11-20 00:00:00,67.549
2014-11-20 01:00:00,80.2326
2014-11-20 02:00:00,73.2411
2014-11-20 03:00:00,63.0095
2014-11-20 04:00:00,106.9474
2014-11-20 05:00:00,60.6675
2014-11-20 06:00:00,69.4261
2014-11-20 07:00:00,63.0054
2014-11-20 08:00:00,85.7647
2014-11-20 09:00:00,60.7413
2014-11-20 10:00:00,63.7246
2014-11-20 11:00:00,57.9328
2014-11-20 12:00:00,62.9141
2014-11-20 13:00:00,88.4986
2014-11-20 14:00:00,56.9519
2014-11-20 15:00:00,61.8111
2014-11-20 16:00:00,62.6015
2014-11-20 17:00:00,83.9424
2014-11-20 18:00:00,61.1981
2014-11-20 19:00:00,62.9595
2014-11-20 20:00:00,56.7331
2014-11-20 21:00:00,70.4945
2014-11-20 22:00:00,162.2125
2014-11-20 23:00:00,72.4867
2014-11-21 00:00:00,67.4529
2014-11-21 01:00:00,71.4606
2014-11-21 02:00:00,94.1619
2014-11-21 03:00:00,74.3334
2014-11-21 04:00:00,76.2782
2014-11-21 05:00:00,63.2737
2014-11-21 06:00:00,70.0838
2014-11-21 07:00:00,86.0283
2014-11-21 08:00:00,59.4887
2014-11-21 09:00:00,63.4496
2014-11-21 10:00:00,57.0058
2014-11-21 11:00:00,63.4631
2014-11-21 12:00:00,86.7879
2014-11-21 13:00:00,56.4079
2014-11-21 14:00:00,62.3572
2014-11-21 15:00:00,60.7746
2014-11-21 16:00:00,73.4568
2014-11-21 17:00:00,72.7448
2014-11-21 18:00:00,60.328
2014-11-21 19:00:00,76.8279
2014-11-21 20:00:00,192.3194
2014-11-21 21:00:00,161.6614
2014-11-21 22:00:00,258.4981
2014-11-21 23:00:00,106.8792
2014-11-22 00:00:00,132.7066
2014-11-22 01:00:00,130.4352
2014-11-22 02:00:00,77.7875
2014-11-22 03:00:00,89.7885
2014-11-22 04:00:00,105.6763
2014-11-22 05:00:00,900.7797
2014-11-22 06:00:00,471.1677
2014-11-22 07:00:00,206.6041
2014-11-22 08:00:00,135.4361
2014-11-22 09:00:00,102.0543
2014-11-22 10:00:00,87.631
2014-11-22 11:00:00,80.6402
2014-11-22 12:00:00,108.2765
2014-11-22 13:00:00,85.9439
2014-11-22 14:00:00,85.2969
2014-11-22 15:00:00,79.228
2014-11-22 16:00:00,231.6389
2014-11-22 17:00:00,71.7313
2014-11-22 18:00:00,152.0491
2014-11-22 19:00:00,106.5361
2014-11-22 20:00:00,130.0148
2014-11-22 21:00:00,71.2175
2014-11-22 22:00:00,192.1924
2014-11-22 23:00:00,97.0176
2014-11-23 00:00:00,75.8432
2014-11-23 01:00:00,116.2069
2014-11-23 02:00:00,80.6655
2014-11-23 03:00:00,93.869
2014-11-23 04:00:00,82.4026
2014-11-23 05:00:00,113.364
2014-11-23 06:00:00,80.5486
2014-11-23 07:00:00,137.2333
2014-11-23 08:00:00,232.6362
2014-11-23 09:00:00,151.9843
2014-11-23 10:00:00,304.296
2014-11-23 11:00:00,82.8301
2014-11-23 12:00:00,90.444
2014-11-23 13:00:00,63.6208
2014-11-23 14:00:00,64.6367
2014-11-23 15:00:00,65.1224
2014-11-23 16:00:00,90.7217
2014-11-23 17:00:00,59.5218
2014-11-23 18:00:00,64.9714
2014-11-23 19:00:00,71.3105
2014-11-23 20:00:00,94.2074
2014-11-23 21:00:00,77.9549
2014-11-23 22:00:00,140.0779
2014-11-23 23:00:00,75.7179
2014-11-24 00:00:00,90.0731
2014-11-24 01:00:00,83.1736
2014-11-24 02:00:00,77.1143
2014-11-24 03:00:00,64.9514
2014-11-24 04:00:00,87.2179
2014-11-24 05:00:00,107.6197
2014-11-24 06:00:00,111.7557
2014-11-24 07:00:00,66.3566
2014-11-24 08:00:00,63.9005
2014-11-24 09:00:00,89.0365
2014-11-24 10:00:00,61.0645
2014-11-24 11:00:00,64.9383
2014-11-24 12:00:00,60.1259
2014-11-24 13:00:00,78.9756
2014-11-24 14:00:00,75.5476
2014-11-24 15:00:00,59.0514
2014-11-24 16:00:00,62.289
2014-11-24 17:00:00,63.7457
2014-11-24 18:00:00,87.543
2014-11-24 19:00:00,60.9825
2014-11-24 20:00:00,63.826
2014-11-24 21:00:00,72.3373
2014-11-24 22:00:00,190.0255
2014-11-24 23:00:00,102.7499
2014-11-25 00:00:00,62.5853
2014-11-25 01:00:00,73.402
2014-11-25 02:00:00,69.4272
2014-11-25 03:00:00,82.1005
2014-11-25 04:00:00,93.2218
2014-11-25 05:00:00,59.74
2014-11-25 06:00:00,60.8901
2014-11-25 07:00:00,64.0148
2014-11-25 08:00:00,136.0956
2014-11-25 09:00:00,72.3777
2014-11-25 10:00:00,64.5287
2014-11-25 11:00:00,63.0032
2014-11-25 12:00:00,57.4552
2014-11-25 13:00:00,90.7412
2014-11-25 14:00:00,63.2926
2014-11-25 15:00:00,68.6916
2014-11-25 16:00:00,63.2325
2014-11-25 17:00:00,72.1473
2014-11-25 18:00:00,84.381
2014-11-25 19:00:00,75.4071
2014-11-25 20:00:00,60.8468
2014-11-25 21:00:00,58.9257
2014-11-25 22:00:00,167.9554
2014-11-25 23:00:00,81.3296
2014-11-26 00:00:00,66.4174
2014-11-26 01:00:00,76.1281
2014-11-26 02:00:00,69.7594
2014-11-26 03:00:00,61.1348
2014-11-26 04:00:00,93.0234
2014-11-26 05:00:00,91.026
2014-11-26 06:00:00,61.6251
2014-11-26 07:00:00,61.5589
2014-11-26 08:00:00,57.1807
2014-11-26 09:00:00,75.8431
2014-11-26 10:00:00,75.1557
2014-11-26 11:00:00,70.2392
2014-11-26 12:00:00,68.1342
2014-11-26 13:00:00,89.8752
2014-11-26 14:00:00,66.3028
2014-11-26 15:00:00,74.0617
2014-11-26 16:00:00,80.1306
2014-11-26 17:00:00,92.383
2014-11-26 18:00:00,88.6462
2014-11-26 19:00:00,64.5968
2014-11-26 20:00:00,70.9113
2014-11-26 21:00:00,56.2075
2014-11-26 22:00:00,197.2724
2014-11-26 23:00:00,99.2416
2014-11-27 00:00:00,57.8977
2014-11-27 01:00:00,77.563
2014-11-27 02:00:00,71.2567
2014-11-27 03:00:00,60.9688
2014-11-27 04:00:00,107.3311
2014-11-27 05:00:00,63.7334
2014-11-27 06:00:00,61.663
2014-11-27 07:00:00,72.155
2014-11-27 08:00:00,57.2334
2014-11-27 09:00:00,71.2708
2014-11-27 10:00:00,90.1356
2014-11-27 11:00:00,58.5061
2014-11-27 12:00:00,64.0944
2014-11-27 13:00:00,69.4776
2014-11-27 14:00:00,60.1215
2014-11-27 15:00:00,90.4859
2014-11-27 16:00:00,67.2036
2014-11-27 17:00:00,75.711
2014-11-27 18:00:00,63.0602
2014-11-27 19:00:00,72.3239
2014-11-27 20:00:00,93.6982
2014-11-27 21:00:00,69.3716
2014-11-27 22:00:00,157.2807
2014-11-27 23:00:00,63.0496
2014-11-28 00:00:00,56.941
2014-11-28 01:00:00,92.5029
2014-11-28 02:00:00,86.2998
2014-11-28 03:00:00,58.1542
2014-11-28 04:00:00,64.0299
2014-11-28 05:00:00,69.1339
2014-11-28 06:00:00,61.319
2014-11-28 07:00:00,100.3984
2014-11-28 08:00:00,57.869
2014-11-28 09:00:00,61.7413
2014-11-28 10:00:00,61.7649
2014-11-28 11:00:00,106.5507
2014-11-28 12:00:00,111.4269
2014-11-28 13:00:00,63.7013
2014-11-28 14:00:00,61.1403
2014-11-28 15:00:00,70.9043
2014-11-28 16:00:00,62.4542
2014-11-28 17:00:00,86.178
2014-11-28 18:00:00,59.8766
2014-11-28 19:00:00,63.4781
2014-11-28 20:00:00,57.4374
2014-11-28 21:00:00,71.8635
2014-11-28 22:00:00,194.0769
2014-11-28 23:00:00,75.0186
2014-11-29 00:00:00,74.0943
2014-11-29 01:00:00,61.8701
2014-11-29 02:00:00,57.8994
2014-11-29 03:00:00,63.2699
2014-11-29 04:00:00,88.5794
2014-11-29 05:00:00,58.851
2014-11-29 06:00:00,76.7424
2014-11-29 07:00:00,56.1599
2014-11-29 08:00:00,61.0886
2014-11-29 09:00:00,90.557
2014-11-29 10:00:00,56.065
2014-11-29 11:00:00,63.9965
2014-11-29 12:00:00,59.4294
2014-11-29 13:00:00,58.0191
2014-11-29 14:00:00,78.3275
2014-11-29 15:00:00,70.8416
2014-11-29 16:00:00,60.5918
2014-11-29 17:00:00,63.0291
2014-11-29 18:00:00,56.3056
2014-11-29 19:00:00,73.3727
2014-11-29 20:00:00,89.3231
2014-11-29 21:00:00,58.3409
2014-11-29 22:00:00,142.8803
2014-11-29 23:00:00,58.4115
2014-11-30 00:00:00,60.2832
2014-11-30 01:00:00,91.642
2014-11-30 02:00:00,56.9519
2014-11-30 03:00:00,62.5487
2014-11-30 04:00:00,61.4911
2014-11-30 05:00:00,56.7177
2014-11-30 06:00:00,91.4357
2014-11-30 07:00:00,60.9158
2014-11-30 08:00:00,58.5215
2014-11-30 09:00:00,63.5281
2014-11-30 10:00:00,57.2813
2014-11-30 11:00:00,73.4374
2014-11-30 12:00:00,78.234
2014-11-30 13:00:00,57.0139
2014-11-30 14:00:00,62.2368
2014-11-30 15:00:00,60.3509
2014-11-30 16:00:00,57.1019
2014-11-30 17:00:00,92.4514
2014-11-30 18:00:00,59.9586
2014-11-30 19:00:00,59.2089
2014-11-30 20:00:00,63.6523
2014-11-30 21:00:00,57.917
2014-11-30 22:00:00,171.7634
2014-11-30 23:00:00,63.2522
2014-12-01 00:00:00,58.2993
2014-12-01 01:00:00,64.1473
2014-12-01 02:00:00,61.2496
2014-12-01 03:00:00,82.9635
2014-12-01 04:00:00,68.1407
2014-12-01 05:00:00,60.3904
2014-12-01 06:00:00,59.5148
2014-12-01 07:00:00,63.4902
2014-12-01 08:00:00,85.3548
2014-12-01 09:00:00,78.106
2014-12-01 10:00:00,71.7277
2014-12-01 11:00:00,69.1644
2014-12-01 12:00:00,73.8358
2014-12-01 13:00:00,66.073
2014-12-01 14:00:00,136.1721
2014-12-01 15:00:00,85.8969
2014-12-01 16:00:00,64.4315
2014-12-01 17:00:00,58.952
2014-12-01 18:00:00,72.0512
2014-12-01 19:00:00,103.6385
2014-12-01 20:00:00,58.056
2014-12-01 21:00:00,64.1129
2014-12-01 22:00:00,143.3345
2014-12-01 23:00:00,62.9606
2014-12-02 00:00:00,97.4732
2014-12-02 01:00:00,88.6946
2014-12-02 02:00:00,57.7653
2014-12-02 03:00:00,75.1845
2014-12-02 04:00:00,61.6459
2014-12-02 05:00:00,78.5223
2014-12-02 06:00:00,80.1121
2014-12-02 07:00:00,60.0464
2014-12-02 08:00:00,59.3168
2014-12-02 09:00:00,63.002
2014-12-02 10:00:00,58.6245
2014-12-02 11:00:00,87.3202
2014-12-02 12:00:00,62.5049
2014-12-02 13:00:00,56.9184
2014-12-02 14:00:00,77.5998
2014-12-02 15:00:00,82.4996
2014-12-02 16:00:00,217.7128
2014-12-02 17:00:00,113.7139
2014-12-02 18:00:00,67.3999
2014-12-02 19:00:00,74.2393
2014-12-02 20:00:00,158.6797
2014-12-02 21:00:00,156.9679
2014-12-02 22:00:00,289.5021
2014-12-02 23:00:00,133.7006
2014-12-03 00:00:00,126.4325
2014-12-03 01:00:00,177.0188
2014-12-03 02:00:00,131.804
2014-12-03 03:00:00,138.3561
2014-12-03 04:00:00,234.4137
2014-12-03 05:00:00,512.7256
2014-12-03 06:00:00,76.4524
2014-12-03 07:00:00,62.1795
2014-12-03 08:00:00,85.4649
2014-12-03 09:00:00,72.3191
2014-12-03 10:00:00,59.3085
2014-12-03 11:00:00,62.5948
2014-12-03 12:00:00,98.6544
2014-12-03 13:00:00,69.1343
2014-12-03 14:00:00,81.617
2014-12-03 15:00:00,73.1887
2014-12-03 16:00:00,82.2727
2014-12-03 17:00:00,82.5815
2014-12-03 18:00:00,79.554
2014-12-03 19:00:00,61.0678
2014-12-03 20:00:00,72.2239
2014-12-03 21:00:00,92.6741
2014-12-03 22:00:00,136.5099
2014-12-03 23:00:00,65.0622
2014-12-04 00:00:00,85.2894
2014-12-04 01:00:00,77.5006
2014-12-04 02:00:00,81.3303
2014-12-04 03:00:00,73.3227
2014-12-04 04:00:00,58.5307
2014-12-04 05:00:00,79.6333
2014-12-04 06:00:00,89.5151
2014-12-04 07:00:00,71.2451
2014-12-04 08:00:00,64.1719
2014-12-04 09:00:00,70.56
2014-12-04 10:00:00,65.8515
2014-12-04 11:00:00,101.6639
2014-12-04 12:00:00,59.2742
2014-12-04 13:00:00,60.2926
2014-12-04 14:00:00,63.3788
2014-12-04 15:00:00,68.3132
2014-12-04 16:00:00,108.9125
2014-12-04 17:00:00,106.9002
2014-12-04 18:00:00,96.6864
2014-12-04 19:00:00,59.5725
2014-12-04 20:00:00,86.4311
2014-12-04 21:00:00,81.996
2014-12-04 22:00:00,97.4702
2014-12-04 23:00:00,78.9959
2014-12-05 00:00:00,65.6271
2014-12-05 01:00:00,99.1264
2014-12-05 02:00:00,83.2864
2014-12-05 03:00:00,78.5697
2014-12-05 04:00:00,57.4495
2014-12-05 05:00:00,77.3574
2014-12-05 06:00:00,89.3048
2014-12-05 07:00:00,57.2858
2014-12-05 08:00:00,75.7506
2014-12-05 09:00:00,70.0517
2014-12-05 10:00:00,59.8331
2014-12-05 11:00:00,91.535
2014-12-05 12:00:00,57.2612
2014-12-05 13:00:00,105.5282
2014-12-05 14:00:00,139.9771
2014-12-05 15:00:00,126.2254
2014-12-05 16:00:00,162.2936
2014-12-05 17:00:00,130.5912
2014-12-05 18:00:00,127.4178
2014-12-05 19:00:00,142.4217
2014-12-05 20:00:00,146.3606
2014-12-05 21:00:00,61.2684
2014-12-05 22:00:00,107.2907
2014-12-05 23:00:00,84.6912
2014-12-06 00:00:00,113.1064
2014-12-06 01:00:00,80.9558
2014-12-06 02:00:00,75.5055
2014-12-06 03:00:00,80.9846
2014-12-06 04:00:00,140.0613
2014-12-06 05:00:00,168.0044
2014-12-06 06:00:00,270.5658
2014-12-06 07:00:00,304.649
2014-12-06 08:00:00,68.0631
2014-12-06 09:00:00,120.2685
2014-12-06 10:00:00,285.1173
2014-12-06 11:00:00,217.1582
2014-12-06 12:00:00,138.5266
2014-12-06 13:00:00,111.4172
2014-12-06 14:00:00,102.4318
2014-12-06 15:00:00,96.9984
2014-12-06 16:00:00,99.7739
2014-12-06 17:00:00,116.3632
2014-12-06 18:00:00,88.2349
2014-12-06 19:00:00,80.1519
2014-12-06 20:00:00,171.9078
2014-12-06 21:00:00,95.7333
2014-12-06 22:00:00,120.3874
2014-12-06 23:00:00,102.4321
2014-12-07 00:00:00,74.013
2014-12-07 01:00:00,80.3296
2014-12-07 02:00:00,79.2999
2014-12-07 03:00:00,106.6484
2014-12-07 04:00:00,116.1911
2014-12-07 05:00:00,142.5639
2014-12-07 06:00:00,104.162
2014-12-07 07:00:00,78.2849
2014-12-07 08:00:00,143.3899
2014-12-07 09:00:00,176.3317
2014-12-07 10:00:00,325.2989
2014-12-07 11:00:00,168.0058
2014-12-07 12:00:00,108.209
2014-12-07 13:00:00,105.2282
2014-12-07 14:00:00,75.9754
2014-12-07 15:00:00,121.7159
2014-12-07 16:00:00,318.6707
2014-12-07 17:00:00,486.2977
2014-12-07 18:00:00,460.3345
2014-12-07 19:00:00,315.4273
2014-12-07 20:00:00,131.5397
2014-12-07 21:00:00,139.8932
2014-12-07 22:00:00,265.8556
2014-12-07 23:00:00,129.7113
2014-12-08 00:00:00,115.4424
2014-12-08 01:00:00,150.4873
2014-12-08 02:00:00,162.829
2014-12-08 03:00:00,194.8961
2014-12-08 04:00:00,161.4565
2014-12-08 05:00:00,198.044
2014-12-08 06:00:00,115.6774
2014-12-08 07:00:00,238.5289
2014-12-08 08:00:00,431.9094
2014-12-08 09:00:00,129.5293
2014-12-08 10:00:00,67.1716
2014-12-08 11:00:00,92.244
2014-12-08 12:00:00,61.9505
2014-12-08 13:00:00,65.1327
2014-12-08 14:00:00,91.7513
2014-12-08 15:00:00,65.0464
2014-12-08 16:00:00,64.5077
2014-12-08 17:00:00,73.9102
2014-12-08 18:00:00,92.1669
2014-12-08 19:00:00,78.7696
2014-12-08 20:00:00,61.7213
2014-12-08 21:00:00,70.2171
2014-12-08 22:00:00,192.8574
2014-12-08 23:00:00,71.4771
2014-12-09 00:00:00,68.2791
2014-12-09 01:00:00,88.5578
2014-12-09 02:00:00,99.5461
2014-12-09 03:00:00,72.823
2014-12-09 04:00:00,80.3745
2014-12-09 05:00:00,69.9863
2014-12-09 06:00:00,113.1082
2014-12-09 07:00:00,61.4197
2014-12-09 08:00:00,64.473
2014-12-09 09:00:00,102.6899
2014-12-09 10:00:00,105.3572
2014-12-09 11:00:00,63.1883
2014-12-09 12:00:00,64.7541
2014-12-09 13:00:00,62.0741
2014-12-09 14:00:00,98.1962
2014-12-09 15:00:00,64.1317
2014-12-09 16:00:00,81.7069
2014-12-09 17:00:00,64.7016
2014-12-09 18:00:00,90.0716
2014-12-09 19:00:00,95.308
2014-12-09 20:00:00,76.4973
2014-12-09 21:00:00,87.2996
2014-12-09 22:00:00,162.9068
2014-12-09 23:00:00,111.8913
2014-12-10 00:00:00,72.5294
2014-12-10 01:00:00,90.5546
2014-12-10 02:00:00,75.5895
2014-12-10 03:00:00,82.2671
2014-12-10 04:00:00,104.0381
2014-12-10 05:00:00,89.2489
2014-12-10 06:00:00,76.0099
2014-12-10 07:00:00,58.4393
2014-12-10 08:00:00,81.5113
2014-12-10 09:00:00,70.1287
2014-12-10 10:00:00,69.9291
2014-12-10 11:00:00,62.525
2014-12-10 12:00:00,60.877
2014-12-10 13:00:00,85.8359
2014-12-10 14:00:00,72.3712
2014-12-10 15:00:00,72.0128
2014-12-10 16:00:00,59.791
2014-12-10 17:00:00,108.7306
2014-12-10 18:00:00,118.5602
2014-12-10 19:00:00,83.7628
2014-12-10 20:00:00,88.8055
2014-12-10 21:00:00,67.427
2014-12-10 22:00:00,142.5535
2014-12-10 23:00:00,110.5781
2014-12-11 00:00:00,79.2742
2014-12-11 01:00:00,76.3898
2014-12-11 02:00:00,81.1376
2014-12-11 03:00:00,92.1013
2014-12-11 04:00:00,97.3911
2014-12-11 05:00:00,89.2874
2014-12-11 06:00:00,73.0761
2014-12-11 07:00:00,71.7811
2014-12-11 08:00:00,81.102
2014-12-11 09:00:00,76.6149
2014-12-11 10:00:00,62.7699
2014-12-11 11:00:00,60.9397
2014-12-11 12:00:00,77.7855
2014-12-11 13:00:00,87.68
2014-12-11 14:00:00,61.3765
2014-12-11 15:00:00,71.2721
2014-12-11 16:00:00,75.4902
2014-12-11 17:00:00,72.9621
2014-12-11 18:00:00,111.2478
2014-12-11 19:00:00,91.2176
2014-12-11 20:00:00,89.7462
2014-12-11 21:00:00,81.4091
2014-12-11 22:00:00,158.3868
2014-12-11 23:00:00,111.5278
2014-12-12 00:00:00,91.1628
2014-12-12 01:00:00,68.5456
2014-12-12 02:00:00,97.6771
2014-12-12 03:00:00,80.949
2014-12-12 04:00:00,110.2374
2014-12-12 05:00:00,95.0173
2014-12-12 06:00:00,80.1145
2014-12-12 07:00:00,74.7415
2014-12-12 08:00:00,68.95
2014-12-12 09:00:00,96.5739
2014-12-12 10:00:00,69.9309
2014-12-12 11:00:00,132.7732
2014-12-12 12:00:00,273.2901
2014-12-12 13:00:00,158.237
2014-12-12 14:00:00,130.7933
2014-12-12 15:00:00,126.4711
2014-12-12 16:00:00,167.075
2014-12-12 17:00:00,167.6454
2014-12-12 18:00:00,334.2821
2014-12-12 19:00:00,256.8582
2014-12-12 20:00:00,164.5456
2014-12-12 21:00:00,135.7882
2014-12-12 22:00:00,236.6139
2014-12-12 23:00:00,132.6478
2014-12-13 00:00:00,112.1972
2014-12-13 01:00:00,108.0727
2014-12-13 02:00:00,116.2545
2014-12-13 03:00:00,132.4995
2014-12-13 04:00:00,111.3929
2014-12-13 05:00:00,203.7037
2014-12-13 06:00:00,298.7107
2014-12-13 07:00:00,238.7483
2014-12-13 08:00:00,494.5955
2014-12-13 09:00:00,337.5479
2014-12-13 10:00:00,302.8372
2014-12-13 11:00:00,78.1896
2014-12-13 12:00:00,88.7034
2014-12-13 13:00:00,61.9392
2014-12-13 14:00:00,64.3559
2014-12-13 15:00:00,118.0937
2014-12-13 16:00:00,101.5482
2014-12-13 17:00:00,61.9865
2014-12-13 18:00:00,76.3347
2014-12-13 19:00:00,65.568
2014-12-13 20:00:00,84.3091
2014-12-13 21:00:00,82.2692
2014-12-13 22:00:00,130.8074
2014-12-13 23:00:00,57.7323
2014-12-14 00:00:00,95.638
2014-12-14 01:00:00,83.0676
2014-12-14 02:00:00,58.7547
2014-12-14 03:00:00,66.4085
2014-12-14 04:00:00,100.0339
2014-12-14 05:00:00,58.3559
2014-12-14 06:00:00,75.1927
2014-12-14 07:00:00,60.9446
2014-12-14 08:00:00,62.5013
2014-12-14 09:00:00,87.343
2014-12-14 10:00:00,60.9938
2014-12-14 11:00:00,59.2643
2014-12-14 12:00:00,74.6509
2014-12-14 13:00:00,88.5553
2014-12-14 14:00:00,59.1793
2014-12-14 15:00:00,63.944
2014-12-14 16:00:00,58.8454
2014-12-14 17:00:00,60.5049
2014-12-14 18:00:00,103.7294
2014-12-14 19:00:00,57.1141
2014-12-14 20:00:00,63.8246
2014-12-14 21:00:00,75.0884
2014-12-14 22:00:00,167.1356
2014-12-14 23:00:00,76.4463
2014-12-15 00:00:00,73.8908
2014-12-15 01:00:00,60.1564
2014-12-15 02:00:00,63.7276
2014-12-15 03:00:00,87.4849
2014-12-15 04:00:00,73.0971
2014-12-15 05:00:00,64.3409
2014-12-15 06:00:00,56.515
2014-12-15 07:00:00,73.5546
2014-12-15 08:00:00,90.3114
2014-12-15 09:00:00,56.6651
2014-12-15 10:00:00,63.8026
2014-12-15 11:00:00,60.3316
2014-12-15 12:00:00,69.624
2014-12-15 13:00:00,90.7929
2014-12-15 14:00:00,70.4887
2014-12-15 15:00:00,59.6224
2014-12-15 16:00:00,70.5888
2014-12-15 17:00:00,71.2085
2014-12-15 18:00:00,74.9459
2014-12-15 19:00:00,63.3016
2014-12-15 20:00:00,69.1766
2014-12-15 21:00:00,69.9997
2014-12-15 22:00:00,212.4669
2014-12-15 23:00:00,63.0711
2014-12-16 00:00:00,63.6777
2014-12-16 01:00:00,62.0311
2014-12-16 02:00:00,57.4113
2014-12-16 03:00:00,102.7952
2014-12-16 04:00:00,86.6931
2014-12-16 05:00:00,57.984
2014-12-16 06:00:00,63.2479
2014-12-16 07:00:00,60.2693
2014-12-16 08:00:00,86.1063
2014-12-16 09:00:00,63.2998
2014-12-16 10:00:00,71.5212
2014-12-16 11:00:00,58.7397
2014-12-16 12:00:00,69.0248
2014-12-16 13:00:00,93.6808
2014-12-16 14:00:00,63.1014
2014-12-16 15:00:00,73.3723
2014-12-16 16:00:00,71.7008
2014-12-16 17:00:00,68.8831
2014-12-16 18:00:00,137.5485
2014-12-16 19:00:00,77.4702
2014-12-16 20:00:00,59.0329
2014-12-16 21:00:00,78.8282
2014-12-16 22:00:00,231.6118
2014-12-16 23:00:00,72.3804
2014-12-17 00:00:00,62.8369
2014-12-17 01:00:00,63.1497
2014-12-17 02:00:00,70.4212
2014-12-17 03:00:00,90.8404
2014-12-17 04:00:00,64.7347
2014-12-17 05:00:00,80.4123
2014-12-17 06:00:00,73.7193
2014-12-17 07:00:00,59.7909
2014-12-17 08:00:00,87.8841
2014-12-17 09:00:00,85.847
2014-12-17 10:00:00,87.1587
2014-12-17 11:00:00,60.9102
2014-12-17 12:00:00,63.1197
2014-12-17 13:00:00,97.1486
2014-12-17 14:00:00,62.0831
2014-12-17 15:00:00,62.8096
2014-12-17 16:00:00,69.783
2014-12-17 17:00:00,71.4235
2014-12-17 18:00:00,90.4099
2014-12-17 19:00:00,57.6784
2014-12-17 20:00:00,79.0784
2014-12-17 21:00:00,59.3601
2014-12-17 22:00:00,198.919
2014-12-17 23:00:00,84.868
2014-12-18 00:00:00,69.0074
2014-12-18 01:00:00,90.1408
2014-12-18 02:00:00,68.5287
2014-12-18 03:00:00,100.0579
2014-12-18 04:00:00,80.1447
2014-12-18 05:00:00,78.0819
2014-12-18 06:00:00,73.6299
2014-12-18 07:00:00,63.2636
2014-12-18 08:00:00,88.6417
2014-12-18 09:00:00,58.1139
2014-12-18 10:00:00,70.2775
2014-12-18 11:00:00,78.8267
2014-12-18 12:00:00,69.8666
2014-12-18 13:00:00,90.8813
2014-12-18 14:00:00,57.5332
2014-12-18 15:00:00,61.9549
2014-12-18 16:00:00,62.8385
2014-12-18 17:00:00,70.2895
2014-12-18 18:00:00,88.2831
2014-12-18 19:00:00,70.749
2014-12-18 20:00:00,58.3553
2014-12-18 21:00:00,78.139
2014-12-18 22:00:00,184.7404
2014-12-18 23:00:00,84.7969
2014-12-19 00:00:00,67.5464
2014-12-19 01:00:00,73.3785
2014-12-19 02:00:00,75.7658
2014-12-19 03:00:00,107.27
2014-12-19 04:00:00,100.4198
2014-12-19 05:00:00,62.3787
2014-12-19 06:00:00,70.444
2014-12-19 07:00:00,59.6712
2014-12-19 08:00:00,91.6226
2014-12-19 09:00:00,70.6462
2014-12-19 10:00:00,59.5162
2014-12-19 11:00:00,63.2595
2014-12-19 12:00:00,65.5242
2014-12-19 13:00:00,81.2349
2014-12-19 14:00:00,74.5144
2014-12-19 15:00:00,68.1135
2014-12-19 16:00:00,61.9303
2014-12-19 17:00:00,82.7983
2014-12-19 18:00:00,63.8178
2014-12-19 19:00:00,76.5817
2014-12-19 20:00:00,70.9318
2014-12-19 21:00:00,109.6432
2014-12-19 22:00:00,239.2796
2014-12-19 23:00:00,79.6247
2014-12-20 00:00:00,60.1052
2014-12-20 01:00:00,83.8233
2014-12-20 02:00:00,63.7873
2014-12-20 03:00:00,87.4096
2014-12-20 04:00:00,59.6843
2014-12-20 05:00:00,78.3205
2014-12-20 06:00:00,77.2834
2014-12-20 07:00:00,65.114
2014-12-20 08:00:00,87.7436
2014-12-20 09:00:00,56.7439
2014-12-20 10:00:00,62.9995
2014-12-20 11:00:00,61.664
2014-12-20 12:00:00,82.3331
2014-12-20 13:00:00,78.3472
2014-12-20 14:00:00,59.6937
2014-12-20 15:00:00,286.199
2014-12-20 16:00:00,204.4651
2014-12-20 17:00:00,160.7797
2014-12-20 18:00:00,247.7524
2014-12-20 19:00:00,181.6866
2014-12-20 20:00:00,137.4991
2014-12-20 21:00:00,84.8987
2014-12-20 22:00:00,201.7
2014-12-20 23:00:00,102.1621
2014-12-21 00:00:00,95.6812
2014-12-21 01:00:00,92.3169
2014-12-21 02:00:00,128.5368
2014-12-21 03:00:00,122.3739
2014-12-21 04:00:00,162.8217
2014-12-21 05:00:00,153.107
2014-12-21 06:00:00,266.5634
2014-12-21 07:00:00,132.7208
2014-12-21 08:00:00,215.6426
2014-12-21 09:00:00,203.2336
2014-12-21 10:00:00,220.1002
2014-12-21 11:00:00,288.2499
2014-12-21 12:00:00,246.712
2014-12-21 13:00:00,165.924
2014-12-21 14:00:00,136.5112
2014-12-21 15:00:00,255.6516
2014-12-21 16:00:00,311.9216
2014-12-21 17:00:00,431.4237
2014-12-21 18:00:00,383.353
2014-12-21 19:00:00,1312.88
2014-12-21 20:00:00,580.9044
2014-12-21 21:00:00,107.3542
2014-12-21 22:00:00,226.2731
2014-12-21 23:00:00,74.8756
2014-12-22 00:00:00,98.5357
2014-12-22 01:00:00,120.089
2014-12-22 02:00:00,123.7839
2014-12-22 03:00:00,102.842
2014-12-22 04:00:00,128.0848
2014-12-22 05:00:00,159.0618
2014-12-22 06:00:00,376.492
2014-12-22 07:00:00,176.1624
2014-12-22 08:00:00,99.2959
2014-12-22 09:00:00,136.8173
2014-12-22 10:00:00,83.6932
2014-12-22 11:00:00,250.5678
2014-12-22 12:00:00,223.8566
2014-12-22 13:00:00,226.3368
2014-12-22 14:00:00,198.9749
2014-12-22 15:00:00,162.4791
2014-12-22 16:00:00,203.4385
2014-12-22 17:00:00,422.9756
2014-12-22 18:00:00,301.3087
2014-12-22 19:00:00,1166.5008
2014-12-22 20:00:00,750.0365
2014-12-22 21:00:00,78.4035
2014-12-22 22:00:00,159.2981
2014-12-22 23:00:00,72.304
2014-12-23 00:00:00,80.3562
2014-12-23 01:00:00,107.9255
2014-12-23 02:00:00,127.6988
2014-12-23 03:00:00,96.385
2014-12-23 04:00:00,141.276
2014-12-23 05:00:00,259.869
2014-12-23 06:00:00,385.6881
2014-12-23 07:00:00,345.156
2014-12-23 08:00:00,116.4636
2014-12-23 09:00:00,105.8892
2014-12-23 10:00:00,98.9367
2014-12-23 11:00:00,296.8452
2014-12-23 12:00:00,226.9945
2014-12-23 13:00:00,312.9316
2014-12-23 14:00:00,238.4663
2014-12-23 15:00:00,190.9971
2014-12-23 16:00:00,219.6085
2014-12-23 17:00:00,1364.7605
2014-12-23 18:00:00,446.414
2014-12-23 19:00:00,1134.8031
2014-12-23 20:00:00,765.9607
2014-12-23 21:00:00,106.2572
2014-12-23 22:00:00,217.366
2014-12-23 23:00:00,91.724
2014-12-24 00:00:00,141.1011
2014-12-24 01:00:00,85.4176
2014-12-24 02:00:00,120.792
2014-12-24 03:00:00,128.7825
2014-12-24 04:00:00,100.7059
2014-12-24 05:00:00,159.6386
2014-12-24 06:00:00,465.2561
2014-12-24 07:00:00,244.8197
2014-12-24 08:00:00,83.3114
2014-12-24 09:00:00,117.2131
2014-12-24 10:00:00,84.5341
2014-12-24 11:00:00,77.7117
2014-12-24 12:00:00,83.1004
2014-12-24 13:00:00,213.7781
2014-12-24 14:00:00,272.6433
2014-12-24 15:00:00,198.081
2014-12-24 16:00:00,596.606
2014-12-24 17:00:00,406.7805
2014-12-24 18:00:00,153.8999
2014-12-24 19:00:00,107.1932
2014-12-24 20:00:00,88.8307
2014-12-24 21:00:00,94.4139
2014-12-24 22:00:00,195.4422
2014-12-24 23:00:00,156.7238
2014-12-25 00:00:00,91.7093
2014-12-25 01:00:00,91.3957
2014-12-25 02:00:00,105.5741
2014-12-25 03:00:00,109.8749
2014-12-25 04:00:00,116.7566
2014-12-25 05:00:00,91.7941
2014-12-25 06:00:00,226.6846
2014-12-25 07:00:00,324.4239
2014-12-25 08:00:00,358.4035
2014-12-25 09:00:00,420.2192
2014-12-25 10:00:00,245.7788
2014-12-25 11:00:00,99.8169
2014-12-25 12:00:00,129.5964
2014-12-25 13:00:00,196.4013
2014-12-25 14:00:00,330.8421
2014-12-25 15:00:00,241.6754
2014-12-25 16:00:00,275.7125
2014-12-25 17:00:00,338.5586
2014-12-25 18:00:00,993.6809
2014-12-25 19:00:00,1044.4372
2014-12-25 20:00:00,239.4687
2014-12-25 21:00:00,185.2166
2014-12-25 22:00:00,211.5641
2014-12-25 23:00:00,70.2679
2014-12-26 00:00:00,105.2824
2014-12-26 01:00:00,89.1661
2014-12-26 02:00:00,121.8793
2014-12-26 03:00:00,125.6973
2014-12-26 04:00:00,114.5215
2014-12-26 05:00:00,125.3031
2014-12-26 06:00:00,304.6269
2014-12-26 07:00:00,305.6361
2014-12-26 08:00:00,257.1588
2014-12-26 09:00:00,647.008
2014-12-26 10:00:00,279.7465
2014-12-26 11:00:00,329.1415
2014-12-26 12:00:00,198.5885
2014-12-26 13:00:00,213.7108
2014-12-26 14:00:00,373.4846
2014-12-26 15:00:00,627.2549
2014-12-26 16:00:00,1396.9301
2014-12-26 17:00:00,1063.2636
2014-12-26 18:00:00,304.4369
2014-12-26 19:00:00,1503.368
2014-12-26 20:00:00,627.7914
2014-12-26 21:00:00,121.7749
2014-12-26 22:00:00,160.5258
2014-12-26 23:00:00,125.5201
2014-12-27 00:00:00,92.4587
2014-12-27 01:00:00,88.7402
2014-12-27 02:00:00,149.2748
2014-12-27 03:00:00,98.7209
2014-12-27 04:00:00,95.043
2014-12-27 05:00:00,115.9521
2014-12-27 06:00:00,148.3602
2014-12-27 07:00:00,203.833
2014-12-27 08:00:00,477.6703
2014-12-27 09:00:00,264.7804
2014-12-27 10:00:00,336.3142
2014-12-27 11:00:00,243.9107
2014-12-27 12:00:00,317.8287
2014-12-27 13:00:00,339.2164
2014-12-27 14:00:00,216.3265
2014-12-27 15:00:00,218.0907
2014-12-27 16:00:00,262.8284
2014-12-27 17:00:00,380.3745
2014-12-27 18:00:00,1283.8757
2014-12-27 19:00:00,765.3001
2014-12-27 20:00:00,159.3296
2014-12-27 21:00:00,116.8349
2014-12-27 22:00:00,241.2446
2014-12-27 23:00:00,115.2408
2014-12-28 00:00:00,119.9311
2014-12-28 01:00:00,142.4888
2014-12-28 02:00:00,161.1148
2014-12-28 03:00:00,142.3777
2014-12-28 04:00:00,186.3839
2014-12-28 05:00:00,163.6525
2014-12-28 06:00:00,220.1226
2014-12-28 07:00:00,188.7278
2014-12-28 08:00:00,879.7911
2014-12-28 09:00:00,490.2102
2014-12-28 10:00:00,562.572
2014-12-28 11:00:00,438.4256
2014-12-28 12:00:00,270.2427
2014-12-28 13:00:00,293.33
2014-12-28 14:00:00,289.045
2014-12-28 15:00:00,321.6811
2014-12-28 16:00:00,389.0029
2014-12-28 17:00:00,354.8212
2014-12-28 18:00:00,481.1885
2014-12-28 19:00:00,1386.0478
2014-12-28 20:00:00,457.8094
2014-12-28 21:00:00,143.1905
2014-12-28 22:00:00,251.9535
2014-12-28 23:00:00,83.8233
2014-12-29 00:00:00,87.9833
2014-12-29 01:00:00,133.7651
2014-12-29 02:00:00,137.5161
2014-12-29 03:00:00,135.1342
2014-12-29 04:00:00,132.7734
2014-12-29 05:00:00,248.58
2014-12-29 06:00:00,377.327
2014-12-29 07:00:00,93.8336
2014-12-29 08:00:00,100.9868
2014-12-29 09:00:00,98.3955
2014-12-29 10:00:00,104.2373
2014-12-29 11:00:00,147.6455
2014-12-29 12:00:00,175.4409
2014-12-29 13:00:00,86.9963
2014-12-29 14:00:00,230.7642
2014-12-29 15:00:00,268.443
2014-12-29 16:00:00,226.4407
2014-12-29 17:00:00,336.1605
2014-12-29 18:00:00,370.8569
2014-12-29 19:00:00,1041.3793
2014-12-29 20:00:00,871.7783
2014-12-29 21:00:00,170.0132
2014-12-29 22:00:00,284.3433
2014-12-29 23:00:00,111.7825
2014-12-30 00:00:00,145.9337
2014-12-30 01:00:00,125.3051
2014-12-30 02:00:00,167.9501
2014-12-30 03:00:00,188.7733
2014-12-30 04:00:00,164.1344
2014-12-30 05:00:00,198.5894
2014-12-30 06:00:00,391.889
2014-12-30 07:00:00,193.8771
2014-12-30 08:00:00,156.5211
2014-12-30 09:00:00,202.5831
2014-12-30 10:00:00,157.1579
2014-12-30 11:00:00,354.215
2014-12-30 12:00:00,271.9018
2014-12-30 13:00:00,194.8574
2014-12-30 14:00:00,252.1668
2014-12-30 15:00:00,329.7506
2014-12-30 16:00:00,410.3397
2014-12-30 17:00:00,796.9
2014-12-30 18:00:00,694.6088
2014-12-30 19:00:00,1322.687
2014-12-30 20:00:00,103.3096
2014-12-30 21:00:00,137.3917
2014-12-30 22:00:00,201.6716
2014-12-30 23:00:00,117.1801
2014-12-31 00:00:00,170.949
2014-12-31 01:00:00,105.6292
2014-12-31 02:00:00,195.5639
2014-12-31 03:00:00,229.7062
2014-12-31 04:00:00,230.0556
2014-12-31 05:00:00,240.1251
2014-12-31 06:00:00,201.3033
2014-12-31 07:00:00,149.6235
2014-12-31 08:00:00,238.4586
2014-12-31 09:00:00,395.8355
2014-12-31 10:00:00,224.0606
2014-12-31 11:00:00,249.5339
2014-12-31 12:00:00,215.1277
2014-12-31 13:00:00,199.5578
2014-12-31 14:00:00,326.3818
2014-12-31 15:00:00,1035.4468
2014-12-31 16:00:00,657.7203
2014-12-31 17:00:00,292.784
2014-12-31 18:00:00,1221.8695
2014-12-31 19:00:00,1005.9984
2014-12-31 20:00:00,213.7675
2014-12-31 21:00:00,106.7915
2014-12-31 22:00:00,269.0438
2014-12-31 23:00:00,119.3928
2015-01-01 00:00:00,89.5783
2015-01-01 01:00:00,106.7377
2015-01-01 02:00:00,141.1227
2015-01-01 03:00:00,130.8983
2015-01-01 04:00:00,144.828
2015-01-01 05:00:00,170.2844
2015-01-01 06:00:00,165.8978
2015-01-01 07:00:00,185.9716
2015-01-01 08:00:00,222.078
2015-01-01 09:00:00,690.2218
2015-01-01 10:00:00,1090.9996
2015-01-01 11:00:00,276.8022
2015-01-01 12:00:00,250.8146
2015-01-01 13:00:00,179.6126
2015-01-01 14:00:00,209.6855
2015-01-01 15:00:00,320.3865
2015-01-01 16:00:00,1015.0745
2015-01-01 17:00:00,663.6751
2015-01-01 18:00:00,959.9598
2015-01-01 19:00:00,1114.492
2015-01-01 20:00:00,246.3293
2015-01-01 21:00:00,238.6733
2015-01-01 22:00:00,183.9695
2015-01-01 23:00:00,83.7171
2015-01-02 00:00:00,122.3594
2015-01-02 01:00:00,99.1924
2015-01-02 02:00:00,119.2298
2015-01-02 03:00:00,142.7144
2015-01-02 04:00:00,115.2531
2015-01-02 05:00:00,171.3647
2015-01-02 06:00:00,252.4021
2015-01-02 07:00:00,180.8603
2015-01-02 08:00:00,198.7712
2015-01-02 09:00:00,132.1166
2015-01-02 10:00:00,108.1363
2015-01-02 11:00:00,135.2471
2015-01-02 12:00:00,85.6458
2015-01-02 13:00:00,113.7341
2015-01-02 14:00:00,551.3326
2015-01-02 15:00:00,354.9613
2015-01-02 16:00:00,294.9614
2015-01-02 17:00:00,336.2653
2015-01-02 18:00:00,330.0967
2015-01-02 19:00:00,981.1123
2015-01-02 20:00:00,887.988
2015-01-02 21:00:00,87.6525
2015-01-02 22:00:00,213.3889
2015-01-02 23:00:00,112.4662
2015-01-03 00:00:00,107.3502
2015-01-03 01:00:00,122.2577
2015-01-03 02:00:00,105.7981
2015-01-03 03:00:00,132.4996
2015-01-03 04:00:00,130.256
2015-01-03 05:00:00,159.4971
2015-01-03 06:00:00,118.7698
2015-01-03 07:00:00,311.2176
2015-01-03 08:00:00,624.6647
2015-01-03 09:00:00,222.5754
2015-01-03 10:00:00,156.3715
2015-01-03 11:00:00,605.0069
2015-01-03 12:00:00,220.4949
2015-01-03 13:00:00,224.773
2015-01-03 14:00:00,130.0418
2015-01-03 15:00:00,146.4368
2015-01-03 16:00:00,109.2598
2015-01-03 17:00:00,716.6823
2015-01-03 18:00:00,1151.3056
2015-01-03 19:00:00,819.8138
2015-01-03 20:00:00,221.9461
2015-01-03 21:00:00,186.1278
2015-01-03 22:00:00,211.8574
2015-01-03 23:00:00,111.6232
2015-01-04 00:00:00,124.3841
2015-01-04 01:00:00,108.0099
2015-01-04 02:00:00,99.1401
2015-01-04 03:00:00,151.7567
2015-01-04 04:00:00,114.177
2015-01-04 05:00:00,117.1745
2015-01-04 06:00:00,195.6597
2015-01-04 07:00:00,210.6608
2015-01-04 08:00:00,365.9588
2015-01-04 09:00:00,612.2852
2015-01-04 10:00:00,421.5501
2015-01-04 11:00:00,822.1833
2015-01-04 12:00:00,343.7011
2015-01-04 13:00:00,187.8241
2015-01-04 14:00:00,129.7147
2015-01-04 15:00:00,70.0103
2015-01-04 16:00:00,103.4275
2015-01-04 17:00:00,69.0423
2015-01-04 18:00:00,81.6759
2015-01-04 19:00:00,98.2081
2015-01-04 20:00:00,79.0335
2015-01-04 21:00:00,71.1138
2015-01-04 22:00:00,208.5192
2015-01-04 23:00:00,95.9063
2015-01-05 00:00:00,90.8871
2015-01-05 01:00:00,77.2409
2015-01-05 02:00:00,104.5891
2015-01-05 03:00:00,86.5024
2015-01-05 04:00:00,74.1763
2015-01-05 05:00:00,110.6652
2015-01-05 06:00:00,99.6058
2015-01-05 07:00:00,70.2184
2015-01-05 08:00:00,66.7014
2015-01-05 09:00:00,66.9596
2015-01-05 10:00:00,97.1403
2015-01-05 11:00:00,65.3602
2015-01-05 12:00:00,67.0839
2015-01-05 13:00:00,86.1094
2015-01-05 14:00:00,95.6136
2015-01-05 15:00:00,64.9238
2015-01-05 16:00:00,121.0635
2015-01-05 17:00:00,97.7108
2015-01-05 18:00:00,111.4672
2015-01-05 19:00:00,83.738
2015-01-05 20:00:00,104.5405
2015-01-05 21:00:00,85.0383
2015-01-05 22:00:00,185.6212
2015-01-05 23:00:00,105.8819
2015-01-06 00:00:00,76.3945
2015-01-06 01:00:00,106.0656
2015-01-06 02:00:00,76.0543
2015-01-06 03:00:00,119.1303
2015-01-06 04:00:00,80.3964
2015-01-06 05:00:00,116.8929
2015-01-06 06:00:00,73.295
2015-01-06 07:00:00,73.8215
2015-01-06 08:00:00,86.1364
2015-01-06 09:00:00,75.8732
2015-01-06 10:00:00,66.5144
2015-01-06 11:00:00,85.4594
2015-01-06 12:00:00,95.7811
2015-01-06 13:00:00,74.244
2015-01-06 14:00:00,65.5273
2015-01-06 15:00:00,67.909
2015-01-06 16:00:00,115.2201
2015-01-06 17:00:00,101.2013
2015-01-06 18:00:00,79.9534
2015-01-06 19:00:00,84.516
2015-01-06 20:00:00,65.9326
2015-01-06 21:00:00,136.732
2015-01-06 22:00:00,173.2709
2015-01-06 23:00:00,88.1445
2015-01-07 00:00:00,87.6526
2015-01-07 01:00:00,84.3116
2015-01-07 02:00:00,107.7124
2015-01-07 03:00:00,92.1216
2015-01-07 04:00:00,90.5196
2015-01-07 05:00:00,66.4856
2015-01-07 06:00:00,113.1909
2015-01-07 07:00:00,69.9418
2015-01-07 08:00:00,101.3907
2015-01-07 09:00:00,89.717
2015-01-07 10:00:00,64.1762
2015-01-07 11:00:00,102.6655
2015-01-07 12:00:00,63.9844
2015-01-07 13:00:00,75.6179
2015-01-07 14:00:00,78.6566
2015-01-07 15:00:00,125.6987
2015-01-07 16:00:00,87.82
2015-01-07 17:00:00,77.0782
2015-01-07 18:00:00,64.2181
2015-01-07 19:00:00,89.309
2015-01-07 20:00:00,92.553
2015-01-07 21:00:00,115.6701
2015-01-07 22:00:00,254.1192
2015-01-07 23:00:00,74.1326
2015-01-08 00:00:00,85.645
2015-01-08 01:00:00,110.7609
2015-01-08 02:00:00,91.5747
2015-01-08 03:00:00,69.945
2015-01-08 04:00:00,88.0336
2015-01-08 05:00:00,108.8111
2015-01-08 06:00:00,86.3571
2015-01-08 07:00:00,73.8998
2015-01-08 08:00:00,100.4373
2015-01-08 09:00:00,84.9561
2015-01-08 10:00:00,105.1933
2015-01-08 11:00:00,70.2075
2015-01-08 12:00:00,80.9265
2015-01-08 13:00:00,64.8046
2015-01-08 14:00:00,91.8588
2015-01-08 15:00:00,94.7499
2015-01-08 16:00:00,115.5038
2015-01-08 17:00:00,84.2769
2015-01-08 18:00:00,77.7986
2015-01-08 19:00:00,103.4842
2015-01-08 20:00:00,135.117
2015-01-08 21:00:00,82.7677
2015-01-08 22:00:00,251.873
2015-01-08 23:00:00,82.9247
2015-01-09 00:00:00,104.6032
2015-01-09 01:00:00,87.4029
2015-01-09 02:00:00,80.0822
2015-01-09 03:00:00,64.9141
2015-01-09 04:00:00,129.4255
2015-01-09 05:00:00,79.9419
2015-01-09 06:00:00,88.7074
2015-01-09 07:00:00,63.765
2015-01-09 08:00:00,83.524
2015-01-09 09:00:00,110.7246
2015-01-09 10:00:00,89.2989
2015-01-09 11:00:00,75.8633
2015-01-09 12:00:00,64.7072
2015-01-09 13:00:00,85.5739
2015-01-09 14:00:00,107.4094
2015-01-09 15:00:00,64.7159
2015-01-09 16:00:00,83.9173
2015-01-09 17:00:00,68.9076
2015-01-09 18:00:00,106.3084
2015-01-09 19:00:00,125.472
2015-01-09 20:00:00,86.7825
2015-01-09 21:00:00,70.441
2015-01-09 22:00:00,152.3968
2015-01-09 23:00:00,111.33
2015-01-10 00:00:00,108.5283
2015-01-10 01:00:00,87.4207
2015-01-10 02:00:00,83.1157
2015-01-10 03:00:00,92.1221
2015-01-10 04:00:00,98.4868
2015-01-10 05:00:00,79.411
2015-01-10 06:00:00,117.2082
2015-01-10 07:00:00,75.4878
2015-01-10 08:00:00,97.2276
2015-01-10 09:00:00,72.0586
2015-01-10 10:00:00,75.2858
2015-01-10 11:00:00,65.3924
2015-01-10 12:00:00,85.7375
2015-01-10 13:00:00,95.7381
2015-01-10 14:00:00,74.4165
2015-01-10 15:00:00,96.4185
2015-01-10 16:00:00,65.6086
2015-01-10 17:00:00,85.9034
2015-01-10 18:00:00,94.3524
2015-01-10 19:00:00,74.5424
2015-01-10 20:00:00,65.5975
2015-01-10 21:00:00,78.7163
2015-01-10 22:00:00,231.9501
2015-01-10 23:00:00,71.1093
2015-01-11 00:00:00,94.0848
2015-01-11 01:00:00,107.5484
2015-01-11 02:00:00,64.7331
2015-01-11 03:00:00,104.6038
2015-01-11 04:00:00,76.9555
2015-01-11 05:00:00,89.7209
2015-01-11 06:00:00,65.5049
2015-01-11 07:00:00,84.0613
2015-01-11 08:00:00,119.6799
2015-01-11 09:00:00,64.1865
2015-01-11 10:00:00,68.6561
2015-01-11 11:00:00,82.9579
2015-01-11 12:00:00,93.4776
2015-01-11 13:00:00,64.4347
2015-01-11 14:00:00,107.3805
2015-01-11 15:00:00,68.0941
2015-01-11 16:00:00,86.0265
2015-01-11 17:00:00,99.2407
2015-01-11 18:00:00,85.1623
2015-01-11 19:00:00,70.4588
2015-01-11 20:00:00,84.5967
2015-01-11 21:00:00,100.7976
2015-01-11 22:00:00,277.7335
2015-01-11 23:00:00,179.8744
2015-01-12 00:00:00,77.471
2015-01-12 01:00:00,106.9549
2015-01-12 02:00:00,106.0296
2015-01-12 03:00:00,79.2133
2015-01-12 04:00:00,88.8464
2015-01-12 05:00:00,111.4204
2015-01-12 06:00:00,98.5266
2015-01-12 07:00:00,91.6074
2015-01-12 08:00:00,75.4122
2015-01-12 09:00:00,66.1652
2015-01-12 10:00:00,85.9315
2015-01-12 11:00:00,86.7212
2015-01-12 12:00:00,72.7746
2015-01-12 13:00:00,76.2676
2015-01-12 14:00:00,65.7029
2015-01-12 15:00:00,110.6816
2015-01-12 16:00:00,132.9749
2015-01-12 17:00:00,67.3227
2015-01-12 18:00:00,96.0875
2015-01-12 19:00:00,75.9508
2015-01-12 20:00:00,104.0516
2015-01-12 21:00:00,109.2199
2015-01-12 22:00:00,164.0182
2015-01-12 23:00:00,88.0254
2015-01-13 00:00:00,116.3363
2015-01-13 01:00:00,111.4075
2015-01-13 02:00:00,97.8847
2015-01-13 03:00:00,73.4522
2015-01-13 04:00:00,98.2941
2015-01-13 05:00:00,98.9712
2015-01-13 06:00:00,126.974
2015-01-13 07:00:00,64.2461
2015-01-13 08:00:00,75.8608
2015-01-13 09:00:00,64.911
2015-01-13 10:00:00,85.8688
2015-01-13 11:00:00,88.0186
2015-01-13 12:00:00,74.9234
2015-01-13 13:00:00,65.3775
2015-01-13 14:00:00,104.3447
2015-01-13 15:00:00,114.3006
2015-01-13 16:00:00,95.0792
2015-01-13 17:00:00,68.4595
2015-01-13 18:00:00,99.5531
2015-01-13 19:00:00,69.0008
2015-01-13 20:00:00,117.1273
2015-01-13 21:00:00,63.9545
2015-01-13 22:00:00,144.8593
2015-01-13 23:00:00,65.7242
2015-01-14 00:00:00,106.5831
2015-01-14 01:00:00,87.5641
2015-01-14 02:00:00,89.7403
2015-01-14 03:00:00,76.952
2015-01-14 04:00:00,76.0935
2015-01-14 05:00:00,158.6154
2015-01-14 06:00:00,96.13
2015-01-14 07:00:00,81.9326
2015-01-14 08:00:00,65.5213
2015-01-14 09:00:00,64.5836
2015-01-14 10:00:00,109.8542
2015-01-14 11:00:00,64.2439
2015-01-14 12:00:00,75.1461
2015-01-14 13:00:00,64.9923
2015-01-14 14:00:00,100.5286
2015-01-14 15:00:00,93.4606
2015-01-14 16:00:00,63.7608
2015-01-14 17:00:00,82.7303
2015-01-14 18:00:00,74.7175
2015-01-14 19:00:00,118.7289
2015-01-14 20:00:00,81.5863
2015-01-14 21:00:00,96.1089
2015-01-14 22:00:00,176.4625
2015-01-14 23:00:00,89.0012
2015-01-15 00:00:00,110.6393
2015-01-15 01:00:00,80.4336
2015-01-15 02:00:00,122.0464
2015-01-15 03:00:00,114.7744
2015-01-15 04:00:00,99.9646
2015-01-15 05:00:00,79.97
2015-01-15 06:00:00,87.4546
2015-01-15 07:00:00,75.3245
2015-01-15 08:00:00,64.7287
2015-01-15 09:00:00,117.155
2015-01-15 10:00:00,63.8317
2015-01-15 11:00:00,75.1195
2015-01-15 12:00:00,64.9535
2015-01-15 13:00:00,77.2866
2015-01-15 14:00:00,93.6184
2015-01-15 15:00:00,82.3979
2015-01-15 16:00:00,158.0974
2015-01-15 17:00:00,128.1145
2015-01-15 18:00:00,155.487
2015-01-15 19:00:00,147.7647
2015-01-15 20:00:00,130.3074
2015-01-15 21:00:00,131.525
2015-01-15 22:00:00,377.4057
2015-01-15 23:00:00,147.0244
2015-01-16 00:00:00,130.9793
2015-01-16 01:00:00,139.9839
2015-01-16 02:00:00,168.0204
2015-01-16 03:00:00,131.972
2015-01-16 04:00:00,140.3497
2015-01-16 05:00:00,141.3506
2015-01-16 06:00:00,163.3487
2015-01-16 07:00:00,129.5868
2015-01-16 08:00:00,130.7634
2015-01-16 09:00:00,150.582
2015-01-16 10:00:00,129.3528
2015-01-16 11:00:00,101.1452
2015-01-16 12:00:00,110.9225
2015-01-16 13:00:00,324.1927
2015-01-16 14:00:00,90.8279
2015-01-16 15:00:00,85.6089
2015-01-16 16:00:00,98.1853
2015-01-16 17:00:00,518.9077
2015-01-16 18:00:00,373.1007
2015-01-16 19:00:00,314.909
2015-01-16 20:00:00,243.2165
2015-01-16 21:00:00,112.4399
2015-01-16 22:00:00,183.336
2015-01-16 23:00:00,68.8512
2015-01-17 00:00:00,68.8778
2015-01-17 01:00:00,98.9582
2015-01-17 02:00:00,67.9588
2015-01-17 03:00:00,116.9379
2015-01-17 04:00:00,149.1339
2015-01-17 05:00:00,645.8373
2015-01-17 06:00:00,360.9841
2015-01-17 07:00:00,305.9462
2015-01-17 08:00:00,76.3577
2015-01-17 09:00:00,69.0356
2015-01-17 10:00:00,106.5691
2015-01-17 11:00:00,358.695
2015-01-17 12:00:00,248.9992
2015-01-17 13:00:00,274.5233
2015-01-17 14:00:00,79.9959
2015-01-17 15:00:00,119.9672
2015-01-17 16:00:00,145.8961
2015-01-17 17:00:00,180.5886
2015-01-17 18:00:00,87.7353
2015-01-17 19:00:00,164.3469
2015-01-17 20:00:00,170.3908
2015-01-17 21:00:00,121.6828
2015-01-17 22:00:00,221.3085
2015-01-17 23:00:00,80.87
2015-01-18 00:00:00,75.7147
2015-01-18 01:00:00,114.1801
2015-01-18 02:00:00,82.7963
2015-01-18 03:00:00,102.001
2015-01-18 04:00:00,132.1393
2015-01-18 05:00:00,547.1638
2015-01-18 06:00:00,478.2316
2015-01-18 07:00:00,1028.6824
2015-01-18 08:00:00,714.7934
2015-01-18 09:00:00,453.8985
2015-01-18 10:00:00,315.6351
2015-01-18 11:00:00,140.9421
2015-01-18 12:00:00,110.7968
2015-01-18 13:00:00,105.4404
2015-01-18 14:00:00,70.2341
2015-01-18 15:00:00,100.5885
2015-01-18 16:00:00,100.3109
2015-01-18 17:00:00,86.5044
2015-01-18 18:00:00,77.1455
2015-01-18 19:00:00,103.3904
2015-01-18 20:00:00,147.7519
2015-01-18 21:00:00,75.8303
2015-01-18 22:00:00,171.2559
2015-01-18 23:00:00,114.4372
2015-01-19 00:00:00,80.1551
2015-01-19 01:00:00,87.9762
2015-01-19 02:00:00,83.7224
2015-01-19 03:00:00,110.9212
2015-01-19 04:00:00,73.4511
2015-01-19 05:00:00,82.4048
2015-01-19 06:00:00,96.509
2015-01-19 07:00:00,80.7462
2015-01-19 08:00:00,66.9874
2015-01-19 09:00:00,68.728
2015-01-19 10:00:00,90.7941
2015-01-19 11:00:00,72.0944
2015-01-19 12:00:00,66.2043
2015-01-19 13:00:00,66.4795
2015-01-19 14:00:00,91.3176
2015-01-19 15:00:00,68.9226
2015-01-19 16:00:00,133.7896
2015-01-19 17:00:00,75.6499
2015-01-19 18:00:00,108.4004
2015-01-19 19:00:00,73.9267
2015-01-19 20:00:00,89.7512
2015-01-19 21:00:00,73.0793
2015-01-19 22:00:00,236.0245
2015-01-19 23:00:00,86.3956
2015-01-20 00:00:00,75.2359
2015-01-20 01:00:00,86.4981
2015-01-20 02:00:00,78.5749
2015-01-20 03:00:00,103.4137
2015-01-20 04:00:00,75.4218
2015-01-20 05:00:00,78.4485
2015-01-20 06:00:00,81.5492
2015-01-20 07:00:00,96.1682
2015-01-20 08:00:00,124.2379
2015-01-20 09:00:00,70.8573
2015-01-20 10:00:00,68.8512
2015-01-20 11:00:00,97.761
2015-01-20 12:00:00,64.638
2015-01-20 13:00:00,64.7264
2015-01-20 14:00:00,64.6286
2015-01-20 15:00:00,73.7192
2015-01-20 16:00:00,102.9003
2015-01-20 17:00:00,66.0326
2015-01-20 18:00:00,90.2849
2015-01-20 19:00:00,74.6943
2015-01-20 20:00:00,112.0862
2015-01-20 21:00:00,77.3388
2015-01-20 22:00:00,160.0144
2015-01-20 23:00:00,94.0132
2015-01-21 00:00:00,72.3953
2015-01-21 01:00:00,115.0389
2015-01-21 02:00:00,69.2976
2015-01-21 03:00:00,92.2826
2015-01-21 04:00:00,96.3041
2015-01-21 05:00:00,123.3155
2015-01-21 06:00:00,87.132
2015-01-21 07:00:00,88.9176
2015-01-21 08:00:00,67.3442
2015-01-21 09:00:00,63.2256
2015-01-21 10:00:00,103.0511
2015-01-21 11:00:00,63.7181
2015-01-21 12:00:00,64.1029
2015-01-21 13:00:00,63.7506
2015-01-21 14:00:00,87.9836
2015-01-21 15:00:00,94.2034
2015-01-21 16:00:00,75.2893
2015-01-21 17:00:00,78.3178
2015-01-21 18:00:00,64.343
2015-01-21 19:00:00,80.5031
2015-01-21 20:00:00,101.5563
2015-01-21 21:00:00,64.1881
2015-01-21 22:00:00,173.8392
2015-01-21 23:00:00,63.7628
2015-01-22 00:00:00,92.6077
2015-01-22 01:00:00,87.6891
2015-01-22 02:00:00,78.5738
2015-01-22 03:00:00,64.656
2015-01-22 04:00:00,88.4352
2015-01-22 05:00:00,93.4911
2015-01-22 06:00:00,100.0704
2015-01-22 07:00:00,65.2913
2015-01-22 08:00:00,65.7835
2015-01-22 09:00:00,75.7872
2015-01-22 10:00:00,94.3143
2015-01-22 11:00:00,63.4923
2015-01-22 12:00:00,74.8984
2015-01-22 13:00:00,63.9283
2015-01-22 14:00:00,74.1553
2015-01-22 15:00:00,92.1386
2015-01-22 16:00:00,95.0866
2015-01-22 17:00:00,70.6142
2015-01-22 18:00:00,69.7435
2015-01-22 19:00:00,87.7646
2015-01-22 20:00:00,104.13
2015-01-22 21:00:00,68.386
2015-01-22 22:00:00,164.6328
2015-01-22 23:00:00,65.6182
2015-01-23 00:00:00,105.9777
2015-01-23 01:00:00,88.6205
2015-01-23 02:00:00,88.5559
2015-01-23 03:00:00,89.4809
2015-01-23 04:00:00,66.819
2015-01-23 05:00:00,111.6085
2015-01-23 06:00:00,70.8666
2015-01-23 07:00:00,63.8337
2015-01-23 08:00:00,74.4266
2015-01-23 09:00:00,63.38
2015-01-23 10:00:00,91.3972
2015-01-23 11:00:00,88.498
2015-01-23 12:00:00,65.5227
2015-01-23 13:00:00,65.9259
2015-01-23 14:00:00,75.0917
2015-01-23 15:00:00,94.4914
2015-01-23 16:00:00,63.3329
2015-01-23 17:00:00,75.3694
2015-01-23 18:00:00,63.9304
2015-01-23 19:00:00,62.731
2015-01-23 20:00:00,104.6741
2015-01-23 21:00:00,74.8343
2015-01-23 22:00:00,170.938
2015-01-23 23:00:00,63.9066
2015-01-24 00:00:00,80.8584
2015-01-24 01:00:00,103.9411
2015-01-24 02:00:00,80.4085
2015-01-24 03:00:00,66.117
2015-01-24 04:00:00,89.8566
2015-01-24 05:00:00,70.5579
2015-01-24 06:00:00,110.883
2015-01-24 07:00:00,67.0242
2015-01-24 08:00:00,121.1274
2015-01-24 09:00:00,91.9434
2015-01-24 10:00:00,81.8297
2015-01-24 11:00:00,74.7793
2015-01-24 12:00:00,74.6672
2015-01-24 13:00:00,63.8456
2015-01-24 14:00:00,63.5443
2015-01-24 15:00:00,102.9789
2015-01-24 16:00:00,80.2139
2015-01-24 17:00:00,65.0723
2015-01-24 18:00:00,88.5153
2015-01-24 19:00:00,67.3159
2015-01-24 20:00:00,112.2158
2015-01-24 21:00:00,80.9961
2015-01-24 22:00:00,185.951
2015-01-24 23:00:00,67.2984
2015-01-25 00:00:00,90.7843
2015-01-25 01:00:00,103.4499
2015-01-25 02:00:00,85.0928
2015-01-25 03:00:00,87.362
2015-01-25 04:00:00,70.5456
2015-01-25 05:00:00,94.2496
2015-01-25 06:00:00,104.809
2015-01-25 07:00:00,89.7967
2015-01-25 08:00:00,64.8855
2015-01-25 09:00:00,63.804
2015-01-25 10:00:00,73.3165
2015-01-25 11:00:00,92.6978
2015-01-25 12:00:00,64.1153
2015-01-25 13:00:00,76.0811
2015-01-25 14:00:00,63.9728
2015-01-25 15:00:00,75.1833
2015-01-25 16:00:00,109.781
2015-01-25 17:00:00,78.3005
2015-01-25 18:00:00,92.6815
2015-01-25 19:00:00,83.4734
2015-01-25 20:00:00,84.5728
2015-01-25 21:00:00,112.7888
2015-01-25 22:00:00,187.0326
2015-01-25 23:00:00,87.3159
2015-01-26 00:00:00,85.6929
2015-01-26 01:00:00,101.3957
2015-01-26 02:00:00,99.8872
2015-01-26 03:00:00,100.5203
2015-01-26 04:00:00,88.1459
2015-01-26 05:00:00,92.1575
2015-01-26 06:00:00,97.0524
2015-01-26 07:00:00,81.709
2015-01-26 08:00:00,66.2165
2015-01-26 09:00:00,76.3814
2015-01-26 10:00:00,64.6731
2015-01-26 11:00:00,89.3235
2015-01-26 12:00:00,90.528
2015-01-26 13:00:00,63.6152
2015-01-26 14:00:00,75.0502
2015-01-26 15:00:00,69.4203
2015-01-26 16:00:00,115.2491
2015-01-26 17:00:00,90.0306
2015-01-26 18:00:00,72.1008
2015-01-26 19:00:00,95.9866
2015-01-26 20:00:00,72.4934
2015-01-26 21:00:00,132.1875
2015-01-26 22:00:00,124.5314
2015-01-26 23:00:00,102.3134
2015-01-27 00:00:00,81.7708
2015-01-27 01:00:00,92.8975
2015-01-27 02:00:00,117.4913
2015-01-27 03:00:00,88.2432
2015-01-27 04:00:00,84.2498
2015-01-27 05:00:00,86.3813
2015-01-27 06:00:00,81.1903
2015-01-27 07:00:00,116.1581
2015-01-27 08:00:00,73.0323
2015-01-27 09:00:00,64.5393
2015-01-27 10:00:00,76.3211
2015-01-27 11:00:00,89.3235
2015-01-27 12:00:00,90.528
2015-01-27 13:00:00,63.6152
2015-01-27 14:00:00,75.0502
2015-01-27 15:00:00,69.4203
2015-01-27 16:00:00,115.2491
2015-01-27 17:00:00,90.0306
2015-01-27 18:00:00,72.1008
2015-01-27 19:00:00,95.9866
2015-01-27 20:00:00,72.4934
2015-01-27 21:00:00,132.1875
2015-01-27 22:00:00,82.0217
2015-01-27 23:00:00,91.4101
2015-01-28 00:00:00,96.9728
2015-01-28 01:00:00,81.0993
2015-01-28 02:00:00,96.9293
2015-01-28 03:00:00,113.8873
2015-01-28 04:00:00,98.4012
2015-01-28 05:00:00,108.2194
2015-01-28 06:00:00,76.75
2015-01-28 07:00:00,74.5235
2015-01-28 08:00:00,104.4136
2015-01-28 09:00:00,63.4013
2015-01-28 10:00:00,81.0663
2015-01-28 11:00:00,74.0659
2015-01-28 12:00:00,63.9802
2015-01-28 13:00:00,101.7268
2015-01-28 14:00:00,86.9853
2015-01-28 15:00:00,67.0454
2015-01-28 16:00:00,92.6123
2015-01-28 17:00:00,86.382
2015-01-28 18:00:00,105.2306
2015-01-28 19:00:00,89.0882
2015-01-28 20:00:00,102.2098
2015-01-28 21:00:00,82.1017
2015-01-28 22:00:00,136.4109
2015-01-28 23:00:00,120.2739
2015-01-29 00:00:00,86.9491
2015-01-29 01:00:00,102.1154
2015-01-29 02:00:00,84.4052
2015-01-29 03:00:00,97.5455
2015-01-29 04:00:00,111.2016
2015-01-29 05:00:00,102.2732
2015-01-29 06:00:00,81.2322
2015-01-29 07:00:00,158.7064
2015-01-29 08:00:00,140.7633
2015-01-29 09:00:00,169.7146
2015-01-29 10:00:00,143.9057
2015-01-29 11:00:00,137.0542
2015-01-29 12:00:00,149.5205
2015-01-29 13:00:00,149.2055
2015-01-29 14:00:00,164.4994
2015-01-29 15:00:00,135.2221
2015-01-29 16:00:00,149.3199
2015-01-29 17:00:00,157.1992
2015-01-29 18:00:00,149.9122
2015-01-29 19:00:00,261.048
2015-01-29 20:00:00,336.373
2015-01-29 21:00:00,227.6439
2015-01-29 22:00:00,194.7937
2015-01-29 23:00:00,105.714
2015-01-30 00:00:00,109.6117
2015-01-30 01:00:00,108.0575
2015-01-30 02:00:00,144.1689
2015-01-30 03:00:00,139.3599
2015-01-30 04:00:00,144.6686
2015-01-30 05:00:00,169.0852
2015-01-30 06:00:00,247.1065
2015-01-30 07:00:00,101.8803
2015-01-30 08:00:00,107.9501
2015-01-30 09:00:00,126.1422
2015-01-30 10:00:00,116.2253
2015-01-30 11:00:00,97.3208
2015-01-30 12:00:00,120.2091
2015-01-30 13:00:00,100.6941
2015-01-30 14:00:00,116.6588
2015-01-30 15:00:00,135.0836
2015-01-30 16:00:00,120.3411
2015-01-30 17:00:00,207.2983
2015-01-30 18:00:00,364.7786
2015-01-30 19:00:00,370.0394
2015-01-30 20:00:00,268.3033
2015-01-30 21:00:00,88.7495
2015-01-30 22:00:00,233.6495
2015-01-30 23:00:00,115.3895
2015-01-31 00:00:00,104.6446
2015-01-31 01:00:00,91.686
2015-01-31 02:00:00,182.5021
2015-01-31 03:00:00,140.3006
2015-01-31 04:00:00,115.3584
2015-01-31 05:00:00,113.3215
2015-01-31 06:00:00,204.7193
2015-01-31 07:00:00,243.1656
2015-01-31 08:00:00,422.2349
2015-01-31 09:00:00,1085.0106
2015-01-31 10:00:00,932.2424
2015-01-31 11:00:00,915.7412
2015-01-31 12:00:00,906.5209
2015-01-31 13:00:00,395.625
2015-01-31 14:00:00,360.1795
2015-01-31 15:00:00,383.8778
2015-01-31 16:00:00,528.2278
2015-01-31 17:00:00,940.7138
2015-01-31 18:00:00,1178.451
2015-01-31 19:00:00,302.9789
2015-01-31 20:00:00,204.7332
2015-01-31 21:00:00,257.3065
2015-01-31 22:00:00,208.9299
2015-01-31 23:00:00,113.9129
2015-02-01 00:00:00,133.1374
2015-02-01 01:00:00,122.9744
2015-02-01 02:00:00,132.7194
2015-02-01 03:00:00,156.9669
2015-02-01 04:00:00,124.283
2015-02-01 05:00:00,133.9872
2015-02-01 06:00:00,195.4053
2015-02-01 07:00:00,347.6905
2015-02-01 08:00:00,1203.0928
2015-02-01 09:00:00,454.1812
2015-02-01 10:00:00,236.302
2015-02-01 11:00:00,65.2868
2015-02-01 12:00:00,76.729
2015-02-01 13:00:00,101.5035
2015-02-01 14:00:00,75.0229
2015-02-01 15:00:00,77.6177
2015-02-01 16:00:00,112.0688
2015-02-01 17:00:00,67.1268
2015-02-01 18:00:00,86.2792
2015-02-01 19:00:00,71.2431
2015-02-01 20:00:00,119.0043
2015-02-01 21:00:00,74.5246
2015-02-01 22:00:00,156.6422
2015-02-01 23:00:00,79.257
2015-02-02 00:00:00,119.371
2015-02-02 01:00:00,74.8825
2015-02-02 02:00:00,89.4299
2015-02-02 03:00:00,75.3584
2015-02-02 04:00:00,117.6747
2015-02-02 05:00:00,87.9225
2015-02-02 06:00:00,73.259
2015-02-02 07:00:00,77.2315
2015-02-02 08:00:00,95.1478
2015-02-02 09:00:00,64.5751
2015-02-02 10:00:00,66.7075
2015-02-02 11:00:00,64.4602
2015-02-02 12:00:00,72.617
2015-02-02 13:00:00,83.4576
2015-02-02 14:00:00,68.9266
2015-02-02 15:00:00,78.8354
2015-02-02 16:00:00,77.4279
2015-02-02 17:00:00,122.5272
2015-02-02 18:00:00,123.3698
2015-02-02 19:00:00,69.6767
2015-02-02 20:00:00,85.6405
2015-02-02 21:00:00,86.8075
2015-02-02 22:00:00,181.5865
2015-02-02 23:00:00,82.2288
2015-02-03 00:00:00,75.794
2015-02-03 01:00:00,87.0033
2015-02-03 02:00:00,86.9135
2015-02-03 03:00:00,101.209
2015-02-03 04:00:00,71.3549
2015-02-03 05:00:00,84.122
2015-02-03 06:00:00,68.3252
2015-02-03 07:00:00,76.9025
2015-02-03 08:00:00,82.078
2015-02-03 09:00:00,65.4542
2015-02-03 10:00:00,78.0147
2015-02-03 11:00:00,63.3493
2015-02-03 12:00:00,71.6046
2015-02-03 13:00:00,101.2472
2015-02-03 14:00:00,86.0656
2015-02-03 15:00:00,71.5545
2015-02-03 16:00:00,82.4923
2015-02-03 17:00:00,79.6784
2015-02-03 18:00:00,110.1757
2015-02-03 19:00:00,82.1563
2015-02-03 20:00:00,74.5282
2015-02-03 21:00:00,92.9288
2015-02-03 22:00:00,150.3432
2015-02-03 23:00:00,102.1576
2015-02-04 00:00:00,92.151
2015-02-04 01:00:00,87.6959
2015-02-04 02:00:00,84.0918
2015-02-04 03:00:00,83.6204
2015-02-04 04:00:00,94.6217
2015-02-04 05:00:00,104.8269
2015-02-04 06:00:00,88.5213
2015-02-04 07:00:00,65.9507
2015-02-04 08:00:00,83.9545
2015-02-04 09:00:00,62.3154
2015-02-04 10:00:00,88.1223
2015-02-04 11:00:00,77.9273
2015-02-04 12:00:00,75.8422
2015-02-04 13:00:00,73.3893
2015-02-04 14:00:00,66.8673
2015-02-04 15:00:00,90.9185
2015-02-04 16:00:00,98.9764
2015-02-04 17:00:00,85.6087
2015-02-04 18:00:00,83.6042
2015-02-04 19:00:00,72.3278
2015-02-04 20:00:00,86.7103
2015-02-04 21:00:00,82.1071
2015-02-04 22:00:00,191.7952
2015-02-04 23:00:00,81.278
2015-02-05 00:00:00,84.7627
2015-02-05 01:00:00,87.33
2015-02-05 02:00:00,93.0968
2015-02-05 03:00:00,100.373
2015-02-05 04:00:00,88.5056
2015-02-05 05:00:00,85.0096
2015-02-05 06:00:00,71.3382
2015-02-05 07:00:00,97.6225
2015-02-05 08:00:00,75.957
2015-02-05 09:00:00,110.1245
2015-02-05 10:00:00,85.227
2015-02-05 11:00:00,85.4745
2015-02-05 12:00:00,75.1885
2015-02-05 13:00:00,78.6136
2015-02-05 14:00:00,103.1421
2015-02-05 15:00:00,78.2286
2015-02-05 16:00:00,75.4657
2015-02-05 17:00:00,80.2653
2015-02-05 18:00:00,70.8139
2015-02-05 19:00:00,75.2908
2015-02-05 20:00:00,115.8979
2015-02-05 21:00:00,121.3821
2015-02-05 22:00:00,159.377
2015-02-05 23:00:00,69.8757
2015-02-06 00:00:00,82.6164
2015-02-06 01:00:00,96.077
2015-02-06 02:00:00,84.6053
2015-02-06 03:00:00,75.7873
2015-02-06 04:00:00,76.4151
2015-02-06 05:00:00,177.9385
2015-02-06 06:00:00,64.7964
2015-02-06 07:00:00,109.6473
2015-02-06 08:00:00,69.3878
2015-02-06 09:00:00,77.7866
2015-02-06 10:00:00,77.5908
2015-02-06 11:00:00,74.7303
2015-02-06 12:00:00,101.6798
2015-02-06 13:00:00,78.103
2015-02-06 14:00:00,90.9222
2015-02-06 15:00:00,63.2318
2015-02-06 16:00:00,90.9742
2015-02-06 17:00:00,74.5938
2015-02-06 18:00:00,108.2698
2015-02-06 19:00:00,82.7966
2015-02-06 20:00:00,85.3176
2015-02-06 21:00:00,78.6785
2015-02-06 22:00:00,121.2613
2015-02-06 23:00:00,96.8203
2015-02-07 00:00:00,93.6519
2015-02-07 01:00:00,89.9972
2015-02-07 02:00:00,88.4786
2015-02-07 03:00:00,71.1809
2015-02-07 04:00:00,96.7563
2015-02-07 05:00:00,95.1765
2015-02-07 06:00:00,103.0845
2015-02-07 07:00:00,64.9366
2015-02-07 08:00:00,73.6297
2015-02-07 09:00:00,62.7672
2015-02-07 10:00:00,74.5206
2015-02-07 11:00:00,104.6262
2015-02-07 12:00:00,62.5378
2015-02-07 13:00:00,76.4376
2015-02-07 14:00:00,71.5973
2015-02-07 15:00:00,88.1831
2015-02-07 16:00:00,104.7719
2015-02-07 17:00:00,90.1644
2015-02-07 18:00:00,96.5713
2015-02-07 19:00:00,95.9501
2015-02-07 20:00:00,78.4678
2015-02-07 21:00:00,100.6632
2015-02-07 22:00:00,210.2313
2015-02-07 23:00:00,100.4118
2015-02-08 00:00:00,89.764
2015-02-08 01:00:00,101.4076
2015-02-08 02:00:00,83.3215
2015-02-08 03:00:00,100.8801
2015-02-08 04:00:00,119.8691
2015-02-08 05:00:00,85.9521
2015-02-08 06:00:00,89.2051
2015-02-08 07:00:00,75.3907
2015-02-08 08:00:00,76.1318
2015-02-08 09:00:00,92.3969
2015-02-08 10:00:00,75.3604
2015-02-08 11:00:00,72.7574
2015-02-08 12:00:00,67.7346
2015-02-08 13:00:00,78.1283
2015-02-08 14:00:00,72.4954
2015-02-08 15:00:00,95.236
2015-02-08 16:00:00,96.017
2015-02-08 17:00:00,88.3233
2015-02-08 18:00:00,79.0665
2015-02-08 19:00:00,88.0254
2015-02-08 20:00:00,115.2245
2015-02-08 21:00:00,82.9698
2015-02-08 22:00:00,184.532
2015-02-08 23:00:00,91.7461
2015-02-09 00:00:00,147.0125
2015-02-09 01:00:00,97.3841
2015-02-09 02:00:00,121.036
2015-02-09 03:00:00,100.3512
2015-02-09 04:00:00,94.767
2015-02-09 05:00:00,90.1488
2015-02-09 06:00:00,86.4706
2015-02-09 07:00:00,109.2756
2015-02-09 08:00:00,64.8963
2015-02-09 09:00:00,76.7933
2015-02-09 10:00:00,76.5402
2015-02-09 11:00:00,62.7884
2015-02-09 12:00:00,75.9727
2015-02-09 13:00:00,106.3789
2015-02-09 14:00:00,63.1577
2015-02-09 15:00:00,97.6171
2015-02-09 16:00:00,81.7167
2015-02-09 17:00:00,97.1645
2015-02-09 18:00:00,95.7859
2015-02-09 19:00:00,104.4933
2015-02-09 20:00:00,87.302
2015-02-09 21:00:00,87.3518
2015-02-09 22:00:00,178.7001
2015-02-09 23:00:00,90.0413
2015-02-10 00:00:00,118.6457
2015-02-10 01:00:00,86.3596
2015-02-10 02:00:00,99.752
2015-02-10 03:00:00,98.3279
2015-02-10 04:00:00,77.9684
2015-02-10 05:00:00,126.147
2015-02-10 06:00:00,87.4086
2015-02-10 07:00:00,62.993
2015-02-10 08:00:00,75.9688
2015-02-10 09:00:00,74.8325
2015-02-10 10:00:00,62.7125
2015-02-10 11:00:00,104.7202
2015-02-10 12:00:00,74.9181
2015-02-10 13:00:00,64.6114
2015-02-10 14:00:00,76.3941
2015-02-10 15:00:00,76.3576
2015-02-10 16:00:00,89.1111
2015-02-10 17:00:00,79.5525
2015-02-10 18:00:00,91.5677
2015-02-10 19:00:00,80.0949
2015-02-10 20:00:00,72.4271
2015-02-10 21:00:00,91.2474
2015-02-10 22:00:00,193.6538
2015-02-10 23:00:00,92.5062
2015-02-11 00:00:00,79.447
2015-02-11 01:00:00,89.4368
2015-02-11 02:00:00,93.251
2015-02-11 03:00:00,99.2673
2015-02-11 04:00:00,101.503
2015-02-11 05:00:00,82.8798
2015-02-11 06:00:00,75.6097
2015-02-11 07:00:00,76.8605
2015-02-11 08:00:00,77.6793
2015-02-11 09:00:00,87.8613
2015-02-11 10:00:00,75.9448
2015-02-11 11:00:00,63.6728
2015-02-11 12:00:00,76.0657
2015-02-11 13:00:00,63.9778
2015-02-11 14:00:00,105.8379
2015-02-11 15:00:00,74.7148
2015-02-11 16:00:00,65.1625
2015-02-11 17:00:00,75.4627
2015-02-11 18:00:00,64.5192
2015-02-11 19:00:00,109.7268
2015-02-11 20:00:00,92.7154
2015-02-11 21:00:00,71.361
2015-02-11 22:00:00,174.7559
2015-02-11 23:00:00,71.9477
2015-02-12 00:00:00,90.4
2015-02-12 01:00:00,116.3375
2015-02-12 02:00:00,72.7492
2015-02-12 03:00:00,135.0552
2015-02-12 04:00:00,98.3437
2015-02-12 05:00:00,94.3135
2015-02-12 06:00:00,90.0844
2015-02-12 07:00:00,75.655
2015-02-12 08:00:00,63.9451
2015-02-12 09:00:00,76.1516
2015-02-12 10:00:00,62.7991
2015-02-12 11:00:00,96.1505
2015-02-12 12:00:00,71.0597
2015-02-12 13:00:00,77.349
2015-02-12 14:00:00,65.3488
2015-02-12 15:00:00,81.0648
2015-02-12 16:00:00,79.818
2015-02-12 17:00:00,115.2636
2015-02-12 18:00:00,69.3035
2015-02-12 19:00:00,97.727
2015-02-12 20:00:00,70.0765
2015-02-12 21:00:00,94.752
2015-02-12 22:00:00,215.6979
2015-02-12 23:00:00,88.0565
2015-02-13 00:00:00,84.3796
2015-02-13 01:00:00,83.5438
2015-02-13 02:00:00,93.7146
2015-02-13 03:00:00,79.4904
2015-02-13 04:00:00,105.667
2015-02-13 05:00:00,68.4077
2015-02-13 06:00:00,87.0839
2015-02-13 07:00:00,66.0638
2015-02-13 08:00:00,86.7828
2015-02-13 09:00:00,90.8502
2015-02-13 10:00:00,76.811
2015-02-13 11:00:00,86.9974
2015-02-13 12:00:00,62.6959
2015-02-13 13:00:00,158.4955
2015-02-13 14:00:00,218.1248
2015-02-13 15:00:00,148.6037
2015-02-13 16:00:00,137.6307
2015-02-13 17:00:00,184.4381
2015-02-13 18:00:00,348.4573
2015-02-13 19:00:00,591.8025
2015-02-13 20:00:00,369.2288
2015-02-13 21:00:00,179.8118
2015-02-13 22:00:00,363.0333
2015-02-13 23:00:00,140.2197
2015-02-14 00:00:00,106.6154
2015-02-14 01:00:00,118.4584
2015-02-14 02:00:00,170.8412
2015-02-14 03:00:00,154.9365
2015-02-14 04:00:00,148.4575
2015-02-14 05:00:00,142.5767
2015-02-14 06:00:00,262.0697
2015-02-14 07:00:00,348.4171
2015-02-14 08:00:00,232.1849
2015-02-14 09:00:00,266.0946
2015-02-14 10:00:00,219.8936
2015-02-14 11:00:00,350.2003
2015-02-14 12:00:00,276.4542
2015-02-14 13:00:00,1086.2126
2015-02-14 14:00:00,798.6567
2015-02-14 15:00:00,183.4673
2015-02-14 16:00:00,146.7132
2015-02-14 17:00:00,205.2537
2015-02-14 18:00:00,297.8311
2015-02-14 19:00:00,264.8714
2015-02-14 20:00:00,282.8424
2015-02-14 21:00:00,234.7351
2015-02-14 22:00:00,551.0968
2015-02-14 23:00:00,195.3874
2015-02-15 00:00:00,94.7317
2015-02-15 01:00:00,102.2137
2015-02-15 02:00:00,150.2247
2015-02-15 03:00:00,110.6667
2015-02-15 04:00:00,87.8275
2015-02-15 05:00:00,120.9653
2015-02-15 06:00:00,113.2808
2015-02-15 07:00:00,119.915
2015-02-15 08:00:00,1203.3705
2015-02-15 09:00:00,1061.1979
2015-02-15 10:00:00,140.0552
2015-02-15 11:00:00,102.4361
2015-02-15 12:00:00,94.2821
2015-02-15 13:00:00,150.4742
2015-02-15 14:00:00,94.7214
2015-02-15 15:00:00,73.8058
2015-02-15 16:00:00,96.5704
2015-02-15 17:00:00,91.0361
2015-02-15 18:00:00,83.9469
2015-02-15 19:00:00,70.3823
2015-02-15 20:00:00,99.5882
2015-02-15 21:00:00,75.7405
2015-02-15 22:00:00,178.4731
2015-02-15 23:00:00,84.9686
2015-02-16 00:00:00,98.068
2015-02-16 01:00:00,79.6728
2015-02-16 02:00:00,85.9448
2015-02-16 03:00:00,99.4937
2015-02-16 04:00:00,84.7103
2015-02-16 05:00:00,82.1209
2015-02-16 06:00:00,68.3405
2015-02-16 07:00:00,94.4306
2015-02-16 08:00:00,68.7975
2015-02-16 09:00:00,66.6078
2015-02-16 10:00:00,67.4107
2015-02-16 11:00:00,93.6998
2015-02-16 12:00:00,69.7141
2015-02-16 13:00:00,65.1556
2015-02-16 14:00:00,75.3052
2015-02-16 15:00:00,85.3448
2015-02-16 16:00:00,67.046
2015-02-16 17:00:00,64.3639
2015-02-16 18:00:00,81.4424
2015-02-16 19:00:00,77.2615
2015-02-16 20:00:00,70.0968
2015-02-16 21:00:00,109.8552
2015-02-16 22:00:00,250.7488
2015-02-16 23:00:00,89.9452
2015-02-17 00:00:00,86.8281
2015-02-17 01:00:00,75.4822
2015-02-17 02:00:00,99.5851
2015-02-17 03:00:00,90.2375
2015-02-17 04:00:00,80.2038
2015-02-17 05:00:00,85.5971
2015-02-17 06:00:00,73.7299
2015-02-17 07:00:00,79.5726
2015-02-17 08:00:00,68.7954
2015-02-17 09:00:00,68.6153
2015-02-17 10:00:00,66.3553
2015-02-17 11:00:00,88.0267
2015-02-17 12:00:00,66.4296
2015-02-17 13:00:00,69.1393
2015-02-17 14:00:00,64.6785
2015-02-17 15:00:00,89.9234
2015-02-17 16:00:00,62.8755
2015-02-17 17:00:00,71.2778
2015-02-17 18:00:00,79.3122
2015-02-17 19:00:00,91.81
2015-02-17 20:00:00,77.5041
2015-02-17 21:00:00,76.9208
2015-02-17 22:00:00,119.9625
2015-02-17 23:00:00,85.5355
2015-02-18 00:00:00,97.8537
2015-02-18 01:00:00,84.5253
2015-02-18 02:00:00,73.1887
2015-02-18 03:00:00,83.6306
2015-02-18 04:00:00,110.644
2015-02-18 05:00:00,76.3508
2015-02-18 06:00:00,62.8405
2015-02-18 07:00:00,63.1561
2015-02-18 08:00:00,64.4429
2015-02-18 09:00:00,96.352
2015-02-18 10:00:00,65.2897
2015-02-18 11:00:00,63.5026
2015-02-18 12:00:00,124.7649
2015-02-18 13:00:00,76.108
2015-02-18 14:00:00,83.2396
2015-02-18 15:00:00,68.2082
2015-02-18 16:00:00,63.7067
2015-02-18 17:00:00,65.7928
2015-02-18 18:00:00,103.9191
2015-02-18 19:00:00,80.8645
2015-02-18 20:00:00,72.7688
2015-02-18 21:00:00,86.1991
2015-02-18 22:00:00,176.1583
2015-02-18 23:00:00,110.4676
2015-02-19 00:00:00,77.4783
2015-02-19 01:00:00,87.1462
2015-02-19 02:00:00,79.624
2015-02-19 03:00:00,87.0698
2015-02-19 04:00:00,100.9611
2015-02-19 05:00:00,84.5373
2015-02-19 06:00:00,64.1924
2015-02-19 07:00:00,66.0692
2015-02-19 08:00:00,66.14
2015-02-19 09:00:00,90.6116
2015-02-19 10:00:00,62.9051
2015-02-19 11:00:00,63.0033
2015-02-19 12:00:00,74.8914
2015-02-19 13:00:00,65.335
2015-02-19 14:00:00,93.672
2015-02-19 15:00:00,62.8352
2015-02-19 16:00:00,62.5863
2015-02-19 17:00:00,68.1859
2015-02-19 18:00:00,85.7857
2015-02-19 19:00:00,104.2993
2015-02-19 20:00:00,78.1749
2015-02-19 21:00:00,85.6445
2015-02-19 22:00:00,187.7752
2015-02-19 23:00:00,86.7672
2015-02-20 00:00:00,83.0503
2015-02-20 01:00:00,116.3723
2015-02-20 02:00:00,76.4215
2015-02-20 03:00:00,88.4488
2015-02-20 04:00:00,82.8341
2015-02-20 05:00:00,91.3915
2015-02-20 06:00:00,84.5225
2015-02-20 07:00:00,77.2192
2015-02-20 08:00:00,66.6944
2015-02-20 09:00:00,63.413
2015-02-20 10:00:00,73.3978
2015-02-20 11:00:00,88.5206
2015-02-20 12:00:00,64.001
2015-02-20 13:00:00,66.0685
2015-02-20 14:00:00,76.8411
2015-02-20 15:00:00,60.7235
2015-02-20 16:00:00,89.3803
2015-02-20 17:00:00,81.0037
2015-02-20 18:00:00,85.0669
2015-02-20 19:00:00,74.7323
2015-02-20 20:00:00,93.4351
2015-02-20 21:00:00,94.4673
2015-02-20 22:00:00,158.8104
2015-02-20 23:00:00,82.0237
2015-02-21 00:00:00,78.7091
2015-02-21 01:00:00,75.5015
2015-02-21 02:00:00,108.5435
2015-02-21 03:00:00,78.2265
2015-02-21 04:00:00,78.3165
2015-02-21 05:00:00,82.6709
2015-02-21 06:00:00,65.1362
2015-02-21 07:00:00,99.1273
2015-02-21 08:00:00,70.8745
2015-02-21 09:00:00,62.6625
2015-02-21 10:00:00,78.5103
2015-02-21 11:00:00,65.5019
2015-02-21 12:00:00,67.2962
2015-02-21 13:00:00,94.6138
2015-02-21 14:00:00,67.4574
2015-02-21 15:00:00,123.3566
2015-02-21 16:00:00,88.9184
2015-02-21 17:00:00,79.2839
2015-02-21 18:00:00,99.8313
2015-02-21 19:00:00,69.602
2015-02-21 20:00:00,70.0962
2015-02-21 21:00:00,78.2302
2015-02-21 22:00:00,79.1589
2015-02-21 23:00:00,89.9894
2015-02-22 00:00:00,84.2314
2015-02-22 01:00:00,67.5952
2015-02-22 02:00:00,72.2994
2015-02-22 03:00:00,85.2381
2015-02-22 04:00:00,94.0733
2015-02-22 05:00:00,76.6711
2015-02-22 06:00:00,85.9449
2015-02-22 07:00:00,75.5541
2015-02-22 08:00:00,71.4057
2015-02-22 09:00:00,72.8312
2015-02-22 10:00:00,84.5002
2015-02-22 11:00:00,62.5823
2015-02-22 12:00:00,74.9303
2015-02-22 13:00:00,61.3932
2015-02-22 14:00:00,62.6925
2015-02-22 15:00:00,105.5621
2015-02-22 16:00:00,64.8459
2015-02-22 17:00:00,62.7837
2015-02-22 18:00:00,83.2749
2015-02-22 19:00:00,64.868
2015-02-22 20:00:00,91.5177
2015-02-22 21:00:00,66.5879
2015-02-22 22:00:00,173.007
2015-02-22 23:00:00,62.801
2015-02-23 00:00:00,61.8267
2015-02-23 01:00:00,100.3111
2015-02-23 02:00:00,80.3816
2015-02-23 03:00:00,66.0728
2015-02-23 04:00:00,91.7595
2015-02-23 05:00:00,61.993
2015-02-23 06:00:00,60.9638
2015-02-23 07:00:00,89.2272
2015-02-23 08:00:00,76.4986
2015-02-23 09:00:00,66.466
2015-02-23 10:00:00,65.0427
2015-02-23 11:00:00,61.9697
2015-02-23 12:00:00,101.3485
2015-02-23 13:00:00,61.6743
2015-02-23 14:00:00,64.9738
2015-02-23 15:00:00,65.8255
2015-02-23 16:00:00,64.8972
2015-02-23 17:00:00,85.1269
2015-02-23 18:00:00,76.2309
2015-02-23 19:00:00,61.446
2015-02-23 20:00:00,78.6842
2015-02-23 21:00:00,79.1707
2015-02-23 22:00:00,144.8181
2015-02-23 23:00:00,92.5914
2015-02-24 00:00:00,73.2578
2015-02-24 01:00:00,76.0313
2015-02-24 02:00:00,65.8391
2015-02-24 03:00:00,79.866
2015-02-24 04:00:00,90.1411
2015-02-24 05:00:00,63.6918
2015-02-24 06:00:00,85.7183
2015-02-24 07:00:00,65.1433
2015-02-24 08:00:00,65.7628
2015-02-24 09:00:00,78.6618
2015-02-24 10:00:00,74.8351
2015-02-24 11:00:00,73.4664
2015-02-24 12:00:00,64.245
2015-02-24 13:00:00,65.6952
2015-02-24 14:00:00,66.6065
2015-02-24 15:00:00,87.8986
2015-02-24 16:00:00,73.9841
2015-02-24 17:00:00,74.4483
2015-02-24 18:00:00,73.9166
2015-02-24 19:00:00,111.1512
2015-02-24 20:00:00,99.7798
2015-02-24 21:00:00,74.139
2015-02-24 22:00:00,143.9602
2015-02-24 23:00:00,74.7681
2015-02-25 00:00:00,65.3386
2015-02-25 01:00:00,104.2542
2015-02-25 02:00:00,67.5555
2015-02-25 03:00:00,73.7682
2015-02-25 04:00:00,62.5432
2015-02-25 05:00:00,73.3846
2015-02-25 06:00:00,83.7561
2015-02-25 07:00:00,86.0761
2015-02-25 08:00:00,64.0481
2015-02-25 09:00:00,62.8654
2015-02-25 10:00:00,61.6889
2015-02-25 11:00:00,61.7634
2015-02-25 12:00:00,105.2733
2015-02-25 13:00:00,65.0636
2015-02-25 14:00:00,64.4855
2015-02-25 15:00:00,61.9604
2015-02-25 16:00:00,60.6122
2015-02-25 17:00:00,90.5681
2015-02-25 18:00:00,76.7264
2015-02-25 19:00:00,65.7483
2015-02-25 20:00:00,63.5546
2015-02-25 21:00:00,63.0625
2015-02-25 22:00:00,217.3612
2015-02-25 23:00:00,89.2729
2015-02-26 00:00:00,79.6568
2015-02-26 01:00:00,66.5149
2015-02-26 02:00:00,63.8261
2015-02-26 03:00:00,64.6646
2015-02-26 04:00:00,113.178
2015-02-26 05:00:00,62.4314
2015-02-26 06:00:00,65.8925
2015-02-26 07:00:00,65.1607
2015-02-26 08:00:00,64.4737
2015-02-26 09:00:00,89.1818
2015-02-26 10:00:00,61.8911
2015-02-26 11:00:00,74.2267
2015-02-26 12:00:00,115.4709
2015-02-26 13:00:00,151.1461
2015-02-26 14:00:00,144.3293
2015-02-26 15:00:00,131.4266
2015-02-26 16:00:00,131.538
2015-02-26 17:00:00,143.7533
2015-02-26 18:00:00,154.1954
2015-02-26 19:00:00,157.2598
2015-02-26 20:00:00,219.7882
2015-02-26 21:00:00,177.404
2015-02-26 22:00:00,297.7521
2015-02-26 23:00:00,135.0942
2015-02-27 00:00:00,173.5231
2015-02-27 01:00:00,144.8701
2015-02-27 02:00:00,116.6202
2015-02-27 03:00:00,132.5629
2015-02-27 04:00:00,159.6853
2015-02-27 05:00:00,235.3671
2015-02-27 06:00:00,91.0826
2015-02-27 07:00:00,125.0195
2015-02-27 08:00:00,80.3269
2015-02-27 09:00:00,93.2288
2015-02-27 10:00:00,115.9556
2015-02-27 11:00:00,91.4554
2015-02-27 12:00:00,84.3165
2015-02-27 13:00:00,112.8196
2015-02-27 14:00:00,88.4022
2015-02-27 15:00:00,83.7451
2015-02-27 16:00:00,161.151
2015-02-27 17:00:00,316.636
2015-02-27 18:00:00,94.932
2015-02-27 19:00:00,149.6704
2015-02-27 20:00:00,262.6032
2015-02-27 21:00:00,114.7522
2015-02-27 22:00:00,241.4589
2015-02-27 23:00:00,110.3555
2015-02-28 00:00:00,85.1161
2015-02-28 01:00:00,94.7502
2015-02-28 02:00:00,112.9168
2015-02-28 03:00:00,96.0409
2015-02-28 04:00:00,87.6766
2015-02-28 05:00:00,195.6226
2015-02-28 06:00:00,175.7099
2015-02-28 07:00:00,481.3551
2015-02-28 08:00:00,196.0252
2015-02-28 09:00:00,74.5257
2015-02-28 10:00:00,78.4132
2015-02-28 11:00:00,301.4712
2015-02-28 12:00:00,252.113
2015-02-28 13:00:00,190.6813
2015-02-28 14:00:00,133.6826
2015-02-28 15:00:00,89.6504
2015-02-28 16:00:00,166.8991
2015-02-28 17:00:00,334.5683
2015-02-28 18:00:00,125.3767
2015-02-28 19:00:00,183.3541
2015-02-28 20:00:00,222.5385
2015-02-28 21:00:00,129.7262
2015-02-28 22:00:00,225.41
2015-02-28 23:00:00,92.3947
2015-03-01 00:00:00,84.7605
2015-03-01 01:00:00,68.103
2015-03-01 02:00:00,132.368
2015-03-01 03:00:00,102.9446
2015-03-01 04:00:00,91.8284
2015-03-01 05:00:00,157.0524
2015-03-01 06:00:00,949.4873
2015-03-01 07:00:00,867.6376
2015-03-01 08:00:00,99.8265
2015-03-01 09:00:00,164.7799
2015-03-01 10:00:00,76.6734
2015-03-01 11:00:00,78.6059
2015-03-01 12:00:00,103.5117
2015-03-01 13:00:00,100.9183
2015-03-01 14:00:00,65.052
2015-03-01 15:00:00,73.3373
2015-03-01 16:00:00,93.1219
2015-03-01 17:00:00,64.1489
2015-03-01 18:00:00,72.4285
2015-03-01 19:00:00,89.0966
2015-03-01 20:00:00,81.688
2015-03-01 21:00:00,70.8543
2015-03-01 22:00:00,150.5603
2015-03-01 23:00:00,100.5406
2015-03-02 00:00:00,73.2622
2015-03-02 01:00:00,70.801
2015-03-02 02:00:00,65.3381
2015-03-02 03:00:00,108.0663
2015-03-02 04:00:00,69.166
2015-03-02 05:00:00,67.3163
2015-03-02 06:00:00,78.2605
2015-03-02 07:00:00,93.9164
2015-03-02 08:00:00,69.8211
2015-03-02 09:00:00,65.6451
2015-03-02 10:00:00,73.2679
2015-03-02 11:00:00,100.2223
2015-03-02 12:00:00,69.7116
2015-03-02 13:00:00,64.7201
2015-03-02 14:00:00,74.8339
2015-03-02 15:00:00,88.1953
2015-03-02 16:00:00,78.5934
2015-03-02 17:00:00,64.5877
2015-03-02 18:00:00,88.4913
2015-03-02 19:00:00,92.7726
2015-03-02 20:00:00,79.7659
2015-03-02 21:00:00,75.6254
2015-03-02 22:00:00,154.6476
2015-03-02 23:00:00,114.671
2015-03-03 00:00:00,77.6063
2015-03-03 01:00:00,73.246
2015-03-03 02:00:00,84.7226
2015-03-03 03:00:00,105.8609
2015-03-03 04:00:00,83.5302
2015-03-03 05:00:00,64.8004
2015-03-03 06:00:00,62.8169
2015-03-03 07:00:00,97.9624
2015-03-03 08:00:00,67.308
2015-03-03 09:00:00,64.2585
2015-03-03 10:00:00,64.25
2015-03-03 11:00:00,83.6773
2015-03-03 12:00:00,79.8359
2015-03-03 13:00:00,66.011
2015-03-03 14:00:00,65.0779
2015-03-03 15:00:00,66.6791
2015-03-03 16:00:00,110.6624
2015-03-03 17:00:00,73.5987
2015-03-03 18:00:00,67.8113
2015-03-03 19:00:00,62.0874
2015-03-03 20:00:00,110.9268
2015-03-03 21:00:00,73.7405
2015-03-03 22:00:00,162.3081
2015-03-03 23:00:00,79.7096
2015-03-04 00:00:00,77.7456
2015-03-04 01:00:00,104.874
2015-03-04 02:00:00,70.8145
2015-03-04 03:00:00,76.6646
2015-03-04 04:00:00,65.3688
2015-03-04 05:00:00,106.9651
2015-03-04 06:00:00,66.1604
2015-03-04 07:00:00,65.2595
2015-03-04 08:00:00,63.952
2015-03-04 09:00:00,63.1355
2015-03-04 10:00:00,97.5094
2015-03-04 11:00:00,66.9462
2015-03-04 12:00:00,123.6925
2015-03-04 13:00:00,66.779
2015-03-04 14:00:00,79.9226
2015-03-04 15:00:00,79.2947
2015-03-04 16:00:00,67.4089
2015-03-04 17:00:00,63.5563
2015-03-04 18:00:00,62.1107
2015-03-04 19:00:00,92.292
2015-03-04 20:00:00,65.7991
2015-03-04 21:00:00,80.396
2015-03-04 22:00:00,147.3969
2015-03-04 23:00:00,63.0477
2015-03-05 00:00:00,103.5369
2015-03-05 01:00:00,66.2792
2015-03-05 02:00:00,76.2164
2015-03-05 03:00:00,69.5909
2015-03-05 04:00:00,62.4285
2015-03-05 05:00:00,100.1563
2015-03-05 06:00:00,67.9251
2015-03-05 07:00:00,67.5569
2015-03-05 08:00:00,66.8681
2015-03-05 09:00:00,63.4181
2015-03-05 10:00:00,91.5698
2015-03-05 11:00:00,62.2692
2015-03-05 12:00:00,66.5989
2015-03-05 13:00:00,65.1341
2015-03-05 14:00:00,65.1132
2015-03-05 15:00:00,91.2407
2015-03-05 16:00:00,62.3762
2015-03-05 17:00:00,64.1227
2015-03-05 18:00:00,65.9062
2015-03-05 19:00:00,80.607
2015-03-05 20:00:00,91.6136
2015-03-05 21:00:00,62.6566
2015-03-05 22:00:00,148.2301
2015-03-05 23:00:00,78.7215
2015-03-06 00:00:00,66.6564
2015-03-06 01:00:00,110.0575
2015-03-06 02:00:00,73.5864
2015-03-06 03:00:00,76.662
2015-03-06 04:00:00,84.7296
2015-03-06 05:00:00,67.7786
2015-03-06 06:00:00,90.5248
2015-03-06 07:00:00,68.6778
2015-03-06 08:00:00,63.7246
2015-03-06 09:00:00,63.748
2015-03-06 10:00:00,62.4665
2015-03-06 11:00:00,75.6718
2015-03-06 12:00:00,85.9746
2015-03-06 13:00:00,64.6242
2015-03-06 14:00:00,63.9958
2015-03-06 15:00:00,62.6527
2015-03-06 16:00:00,90.3474
2015-03-06 17:00:00,95.5546
2015-03-06 18:00:00,360.5889
2015-03-06 19:00:00,406.563
2015-03-06 20:00:00,229.597
2015-03-06 21:00:00,139.554
2015-03-06 22:00:00,172.2676
2015-03-06 23:00:00,121.3381
2015-03-07 00:00:00,122.7865
2015-03-07 01:00:00,113.8163
2015-03-07 02:00:00,132.0861
2015-03-07 03:00:00,176.1679
2015-03-07 04:00:00,158.3951
2015-03-07 05:00:00,479.8162
2015-03-07 06:00:00,345.3521
2015-03-07 07:00:00,278.5136
2015-03-07 08:00:00,66.6361
2015-03-07 09:00:00,126.695
2015-03-07 10:00:00,160.3347
2015-03-07 11:00:00,392.1825
2015-03-07 12:00:00,210.9867
2015-03-07 13:00:00,79.6512
2015-03-07 14:00:00,67.4714
2015-03-07 15:00:00,166.6897
2015-03-07 16:00:00,125.6245
2015-03-07 17:00:00,207.0462
2015-03-07 18:00:00,298.4851
2015-03-07 19:00:00,177.2058
2015-03-07 20:00:00,116.7241
2015-03-07 21:00:00,113.1732
2015-03-07 22:00:00,345.0815
2015-03-07 23:00:00,93.7128
2015-03-08 00:00:00,96.4867
2015-03-08 01:00:00,149.4208
2015-03-08 02:00:00,98.6891
2015-03-08 03:00:00,106.4525
2015-03-08 04:00:00,118.3094
2015-03-08 05:00:00,169.0014
2015-03-08 06:00:00,199.4805
2015-03-08 07:00:00,102.3869
2015-03-08 08:00:00,109.1539
2015-03-08 09:00:00,86.2056
2015-03-08 10:00:00,92.8427
2015-03-08 11:00:00,631.4644
2015-03-08 12:00:00,234.0765
2015-03-08 13:00:00,86.185
2015-03-08 14:00:00,106.3074
2015-03-08 15:00:00,90.2165
2015-03-08 16:00:00,79.9463
2015-03-08 17:00:00,118.7257
2015-03-08 18:00:00,324.8972
2015-03-08 19:00:00,268.0192
2015-03-08 20:00:00,214.3554
2015-03-08 21:00:00,194.4006
2015-03-08 22:00:00,353.6862
2015-03-08 23:00:00,211.7931
2015-03-09 00:00:00,197.4334
2015-03-09 01:00:00,182.7184
2015-03-09 02:00:00,208.1594
2015-03-09 03:00:00,197.4129
2015-03-09 04:00:00,191.0641
2015-03-09 05:00:00,189.7402
2015-03-09 06:00:00,200.9032
2015-03-09 07:00:00,95.2982
2015-03-09 08:00:00,267.9059
2015-03-09 09:00:00,104.5327
2015-03-09 10:00:00,64.8491
2015-03-09 11:00:00,73.6341
2015-03-09 12:00:00,93.2316
2015-03-09 13:00:00,71.3162
2015-03-09 14:00:00,69.6808
2015-03-09 15:00:00,133.0105
2015-03-09 16:00:00,97.2384
2015-03-09 17:00:00,71.375
2015-03-09 18:00:00,65.9781
2015-03-09 19:00:00,112.2308
2015-03-09 20:00:00,66.5718
2015-03-09 21:00:00,85.8244
2015-03-09 22:00:00,178.3014
2015-03-09 23:00:00,113.9173
2015-03-10 00:00:00,83.5428
2015-03-10 01:00:00,74.0994
2015-03-10 02:00:00,92.0236
2015-03-10 03:00:00,102.0836
2015-03-10 04:00:00,77.5216
2015-03-10 05:00:00,70.1619
2015-03-10 06:00:00,83.6794
2015-03-10 07:00:00,77.5873
2015-03-10 08:00:00,70.1972
2015-03-10 09:00:00,68.4793
2015-03-10 10:00:00,88.0569
2015-03-10 11:00:00,75.8241
2015-03-10 12:00:00,66.6505
2015-03-10 13:00:00,64.4707
2015-03-10 14:00:00,101.3058
2015-03-10 15:00:00,64.5599
2015-03-10 16:00:00,64.9737
2015-03-10 17:00:00,71.786
2015-03-10 18:00:00,93.3222
2015-03-10 19:00:00,63.9288
2015-03-10 20:00:00,72.2688
2015-03-10 21:00:00,69.4908
2015-03-10 22:00:00,163.6592
2015-03-10 23:00:00,86.8819
2015-03-11 00:00:00,67.4263
2015-03-11 01:00:00,78.1676
2015-03-11 02:00:00,103.5465
2015-03-11 03:00:00,77.135
2015-03-11 04:00:00,63.972
2015-03-11 05:00:00,83.7757
2015-03-11 06:00:00,85.739
2015-03-11 07:00:00,70.0643
2015-03-11 08:00:00,71.2611
2015-03-11 09:00:00,66.6609
2015-03-11 10:00:00,76.0769
2015-03-11 11:00:00,85.8006
2015-03-11 12:00:00,66.2889
2015-03-11 13:00:00,64.4975
2015-03-11 14:00:00,70.8679
2015-03-11 15:00:00,93.7249
2015-03-11 16:00:00,62.881
2015-03-11 17:00:00,66.3487
2015-03-11 18:00:00,69.3007
2015-03-11 19:00:00,90.5685
2015-03-11 20:00:00,64.3478
2015-03-11 21:00:00,82.8599
2015-03-11 22:00:00,145.367
2015-03-11 23:00:00,96.7181
2015-03-12 00:00:00,79.9101
2015-03-12 01:00:00,71.6992
2015-03-12 02:00:00,73.135
2015-03-12 03:00:00,86.5637
2015-03-12 04:00:00,92.0465
2015-03-12 05:00:00,73.8477
2015-03-12 06:00:00,65.1216
2015-03-12 07:00:00,69.6001
2015-03-12 08:00:00,93.5404
2015-03-12 09:00:00,62.8666
2015-03-12 10:00:00,70.4949
2015-03-12 11:00:00,66.3098
2015-03-12 12:00:00,75.6263
2015-03-12 13:00:00,84.2244
2015-03-12 14:00:00,67.2239
2015-03-12 15:00:00,63.9135
2015-03-12 16:00:00,65.1088
2015-03-12 17:00:00,98.594
2015-03-12 18:00:00,95.9241
2015-03-12 19:00:00,96.1338
2015-03-12 20:00:00,75.8697
2015-03-12 21:00:00,94.1463
2015-03-12 22:00:00,197.1288
2015-03-12 23:00:00,74.8275
2015-03-13 00:00:00,86.952
2015-03-13 01:00:00,81.058
2015-03-13 02:00:00,99.1923
2015-03-13 03:00:00,88.7747
2015-03-13 04:00:00,76.1097
2015-03-13 05:00:00,73.4557
2015-03-13 06:00:00,66.8837
2015-03-13 07:00:00,92.014
2015-03-13 08:00:00,65.6766
2015-03-13 09:00:00,63.3961
2015-03-13 10:00:00,62.8711
2015-03-13 11:00:00,92.1692
2015-03-13 12:00:00,69.2369
2015-03-13 13:00:00,63.3988
2015-03-13 14:00:00,66.9506
2015-03-13 15:00:00,68.5352
2015-03-13 16:00:00,108.2544
2015-03-13 17:00:00,62.3959
2015-03-13 18:00:00,69.0726
2015-03-13 19:00:00,66.8943
2015-03-13 20:00:00,78.1558
2015-03-13 21:00:00,93.1887
2015-03-13 22:00:00,149.2923
2015-03-13 23:00:00,72.014
2015-03-14 00:00:00,73.3455
2015-03-14 01:00:00,96.6291
2015-03-14 02:00:00,94.268
2015-03-14 03:00:00,84.8565
2015-03-14 04:00:00,73.9904
2015-03-14 05:00:00,73.1758
2015-03-14 06:00:00,88.7545
2015-03-14 07:00:00,72.8033
2015-03-14 08:00:00,62.8388
2015-03-14 09:00:00,65.0797
2015-03-14 10:00:00,67.9613
2015-03-14 11:00:00,90.0321
2015-03-14 12:00:00,65.2506
2015-03-14 13:00:00,65.42
2015-03-14 14:00:00,68.9858
2015-03-14 15:00:00,63.8835
2015-03-14 16:00:00,90.3532
2015-03-14 17:00:00,64.6211
2015-03-14 18:00:00,68.7183
2015-03-14 19:00:00,63.3952
2015-03-14 20:00:00,61.2874
2015-03-14 21:00:00,107.6192
2015-03-14 22:00:00,144.5226
2015-03-14 23:00:00,70.0966
2015-03-15 00:00:00,70.8141
2015-03-15 01:00:00,65.7702
2015-03-15 02:00:00,110.989
2015-03-15 03:00:00,63.2625
2015-03-15 04:00:00,76.879
2015-03-15 05:00:00,64.845
2015-03-15 06:00:00,67.3218
2015-03-15 07:00:00,94.17
2015-03-15 08:00:00,62.3684
2015-03-15 09:00:00,65.0004
2015-03-15 10:00:00,69.2155
2015-03-15 11:00:00,64.8668
2015-03-15 12:00:00,90.794
2015-03-15 13:00:00,64.3095
2015-03-15 14:00:00,68.7869
2015-03-15 15:00:00,64.8376
2015-03-15 16:00:00,61.5728
2015-03-15 17:00:00,93.7278
2015-03-15 18:00:00,66.3362
2015-03-15 19:00:00,63.6641
2015-03-15 20:00:00,61.9566
2015-03-15 21:00:00,86.5568
2015-03-15 22:00:00,250.6591
2015-03-15 23:00:00,75.5299
2015-03-16 00:00:00,65.3751
2015-03-16 01:00:00,63.3766
2015-03-16 02:00:00,66.3951
2015-03-16 03:00:00,88.7557
2015-03-16 04:00:00,70.9743
2015-03-16 05:00:00,63.0907
2015-03-16 06:00:00,65.7408
2015-03-16 07:00:00,67.3764
2015-03-16 08:00:00,77.2113
2015-03-16 09:00:00,75.3923
2015-03-16 10:00:00,66.6731
2015-03-16 11:00:00,68.6586
2015-03-16 12:00:00,78.0531
2015-03-16 13:00:00,68.974
2015-03-16 14:00:00,96.8445
2015-03-16 15:00:00,73.0421
2015-03-16 16:00:00,74.6974
2015-03-16 17:00:00,68.8747
