index,valore
2014-01-24 22:00:00,122.2423
2014-01-24 23:00:00,57.8458
2014-01-25 00:00:00,0.0167
2014-01-25 01:00:00,66.2419
2014-01-25 02:00:00,53.034
2014-01-25 03:00:00,0.0235
2014-01-25 04:00:00,41.7984
2014-01-25 05:00:00,78.713
2014-01-25 06:00:00,0.0201
2014-01-25 07:00:00,0.0221
2014-01-25 08:00:00,104.9904
2014-01-25 09:00:00,0.1673
2014-01-25 10:00:00,0.0201
2014-01-25 11:00:00,298.0
2014-01-25 12:00:00,211.0
2014-01-25 13:00:00,392.0
2014-01-25 14:00:00,263.0
2014-01-25 15:00:00,350.0
2014-01-25 16:00:00,369.0
2014-01-25 17:00:00,218.0
2014-01-25 18:00:00,237.0
2014-01-25 19:00:00,273.0
2014-01-25 20:00:00,215.0
2014-01-25 21:00:00,262.0
2014-01-25 22:00:00,122.2423
2014-01-25 23:00:00,57.8458
2014-01-26 00:00:00,0.0167
2014-01-26 01:00:00,66.2419
2014-01-26 02:00:00,53.034
2014-01-26 03:00:00,0.0235
2014-01-26 04:00:00,41.7984
2014-01-26 05:00:00,78.713
2014-01-26 06:00:00,0.0201
2014-01-26 07:00:00,0.0221
2014-01-26 08:00:00,104.9904
2014-01-26 09:00:00,0.1673
2014-01-26 10:00:00,0.0201
2014-01-26 11:00:00,70.3271
2014-01-26 12:00:00,73.1514
2014-01-26 13:00:00,255.1717
2014-01-26 14:00:00,47.1523
2014-01-26 15:00:00,350.0
2014-01-26 16:00:00,369.0
2014-01-26 17:00:00,218.0
2014-01-26 18:00:00,237.0
2014-01-26 19:00:00,273.0
2014-01-26 20:00:00,215.0
2014-01-26 21:00:00,262.0
2014-01-26 22:00:00,122.2423
2014-01-26 23:00:00,57.8458
2014-01-27 00:00:00,0.0167
2014-01-27 01:00:00,66.2419
2014-01-27 02:00:00,53.034
2014-01-27 03:00:00,0.0235
2014-01-27 04:00:00,41.7984
2014-01-27 05:00:00,78.713
2014-01-27 06:00:00,0.0201
2014-01-27 07:00:00,0.0221
2014-01-27 08:00:00,104.9904
2014-01-27 09:00:00,0.1673
2014-01-27 10:00:00,0.0201
2014-01-27 11:00:00,70.3271
2014-01-27 12:00:00,73.1514
2014-01-27 13:00:00,255.1717
2014-01-27 14:00:00,47.1523
2014-01-27 15:00:00,350.0
2014-01-27 16:00:00,369.0
2014-01-27 17:00:00,218.0
2014-01-27 18:00:00,237.0
2014-01-27 19:00:00,273.0
2014-01-27 20:00:00,215.0
2014-01-27 21:00:00,262.0
2014-01-27 22:00:00,122.2423
2014-01-27 23:00:00,57.8458
2014-01-28 00:00:00,0.0167
2014-01-28 01:00:00,66.2419
2014-01-28 02:00:00,53.034
2014-01-28 03:00:00,0.0235
2014-01-28 04:00:00,41.7984
2014-01-28 05:00:00,78.713
2014-01-28 06:00:00,0.0201
2014-01-28 07:00:00,0.0221
2014-01-28 08:00:00,104.9904
2014-01-28 09:00:00,0.1673
2014-01-28 10:00:00,0.0
2014-01-28 11:00:00,0.0
2014-01-28 12:00:00,73.1514
2014-01-28 13:00:00,255.1717
2014-01-28 14:00:00,47.1523
2014-01-28 15:00:00,350.0
2014-01-28 16:00:00,369.0
2014-01-28 17:00:00,218.0
2014-01-28 18:00:00,237.0
2014-01-28 19:00:00,273.0
2014-01-28 20:00:00,215.0
2014-01-28 21:00:00,262.0
2014-01-28 22:00:00,122.2423
2014-01-28 23:00:00,57.8458
2014-01-29 00:00:00,0.0167
2014-01-29 01:00:00,66.2419
2014-01-29 02:00:00,53.034
2014-01-29 03:00:00,0.0235
2014-01-29 04:00:00,41.7984
2014-01-29 05:00:00,78.713
2014-01-29 06:00:00,0.0201
2014-01-29 07:00:00,0.0221
2014-01-29 08:00:00,104.9904
2014-01-29 09:00:00,0.1673
2014-01-29 10:00:00,0.0
2014-01-29 11:00:00,0.0
2014-01-29 12:00:00,73.1514
2014-01-29 13:00:00,255.1717
2014-01-29 14:00:00,47.1523
2014-01-29 15:00:00,350.0
2014-01-29 16:00:00,369.0
2014-01-29 17:00:00,218.0
2014-01-29 18:00:00,237.0
2014-01-29 19:00:00,150.5006
2014-01-29 20:00:00,820.8992
2014-01-29 21:00:00,168.6459
2014-01-29 22:00:00,389.8191
2014-01-29 23:00:00,176.0378
2014-01-30 00:00:00,46.9062
2014-01-30 01:00:00,127.5537
2014-01-30 02:00:00,139.5417
2014-01-30 03:00:00,48.2231
2014-01-30 04:00:00,96.4675
2014-01-30 05:00:00,175.9306
2014-01-30 06:00:00,297.5251
2014-01-30 07:00:00,72.248
2014-01-30 08:00:00,181.1232
2014-01-30 09:00:00,39.7361
2014-01-30 10:00:00,39.7115
2014-01-30 11:00:00,207.6738
2014-01-30 12:00:00,39.8986
2014-01-30 13:00:00,39.8822
2014-01-30 14:00:00,133.0388
2014-01-30 15:00:00,132.0331
2014-01-30 16:00:00,39.9436
2014-01-30 17:00:00,194.2912
2014-01-30 18:00:00,237.0
2014-01-30 19:00:00,150.5006
2014-01-30 20:00:00,820.8992
2014-01-30 21:00:00,168.6459
2014-01-30 22:00:00,389.8191
2014-01-30 23:00:00,176.0378
2014-01-31 00:00:00,46.9062
2014-01-31 01:00:00,127.5537
2014-01-31 02:00:00,139.5417
2014-01-31 03:00:00,48.2231
2014-01-31 04:00:00,96.4675
2014-01-31 05:00:00,175.9306
2014-01-31 06:00:00,297.5251
2014-01-31 07:00:00,72.248
2014-01-31 08:00:00,181.1232
2014-01-31 09:00:00,39.7361
2014-01-31 10:00:00,39.7115
2014-01-31 11:00:00,207.6738
2014-01-31 12:00:00,39.8986
2014-01-31 13:00:00,39.8822
2014-01-31 14:00:00,133.0388
2014-01-31 15:00:00,132.0331
2014-01-31 16:00:00,39.9436
2014-01-31 17:00:00,839.5217
2014-01-31 18:00:00,743.7481
2014-01-31 19:00:00,589.0333
2014-01-31 20:00:00,561.9667
2014-01-31 21:00:00,562.5894
2014-01-31 22:00:00,871.0568
2014-01-31 23:00:00,135.1067
2014-02-01 00:00:00,216.626
2014-02-01 01:00:00,38.4965
2014-02-01 02:00:00,38.4533
2014-02-01 03:00:00,78.0408
2014-02-01 04:00:00,187.1282
2014-02-01 05:00:00,39.4926
2014-02-01 06:00:00,39.6394
2014-02-01 07:00:00,187.4636
2014-02-01 08:00:00,83.6198
2014-02-01 09:00:00,85.8384
2014-02-01 10:00:00,98.3794
2014-02-01 11:00:00,450.9449
2014-02-01 12:00:00,43.4321
2014-02-01 13:00:00,80.1439
2014-02-01 14:00:00,414.2076
2014-02-01 15:00:00,264.3796
2014-02-01 16:00:00,237.7586
2014-02-01 17:00:00,206.6673
2014-02-01 18:00:00,409.4261
2014-02-01 19:00:00,461.4044
2014-02-01 20:00:00,38.7512
2014-02-01 21:00:00,131.0025
2014-02-01 22:00:00,207.6501
2014-02-01 23:00:00,72.1271
2014-02-02 00:00:00,43.6974
2014-02-02 01:00:00,224.6313
2014-02-02 02:00:00,38.8231
2014-02-02 03:00:00,40.0299
2014-02-02 04:00:00,149.3622
2014-02-02 05:00:00,144.1612
2014-02-02 06:00:00,40.0009
2014-02-02 07:00:00,39.7111
2014-02-02 08:00:00,230.3947
2014-02-02 09:00:00,125.5769
2014-02-02 10:00:00,379.913
2014-02-02 11:00:00,197.5032
2014-02-02 12:00:00,527.2599
2014-02-02 13:00:00,448.0253
2014-02-02 14:00:00,75.433
2014-02-02 15:00:00,349.6094
2014-02-02 16:00:00,183.0781
2014-02-02 17:00:00,284.6167
2014-02-02 18:00:00,546.4868
2014-02-02 19:00:00,578.1097
2014-02-02 20:00:00,487.7017
2014-02-02 21:00:00,571.3806
2014-02-02 22:00:00,528.7555
2014-02-02 23:00:00,38.5237
2014-02-03 00:00:00,38.5155
2014-02-03 01:00:00,201.4238
2014-02-03 02:00:00,162.6221
2014-02-03 03:00:00,39.6598
2014-02-03 04:00:00,39.862
2014-02-03 05:00:00,128.5923
2014-02-03 06:00:00,972.4166
2014-02-03 07:00:00,40.5258
2014-02-03 08:00:00,37.6004
2014-02-03 09:00:00,37.5243
2014-02-03 10:00:00,205.3849
2014-02-03 11:00:00,173.5666
2014-02-03 12:00:00,260.7409
2014-02-03 13:00:00,148.9135
2014-02-03 14:00:00,340.0894
2014-02-03 15:00:00,205.0026
2014-02-03 16:00:00,230.4832
2014-02-03 17:00:00,610.1618
2014-02-03 18:00:00,1102.0894
2014-02-03 19:00:00,924.0134
2014-02-03 20:00:00,723.1812
2014-02-03 21:00:00,531.5006
2014-02-03 22:00:00,43.5189
2014-02-03 23:00:00,41.1865
2014-02-04 00:00:00,248.7421
2014-02-04 01:00:00,41.2462
2014-02-04 02:00:00,41.3282
2014-02-04 03:00:00,42.7864
2014-02-04 04:00:00,250.2706
2014-02-04 05:00:00,42.4791
2014-02-04 06:00:00,1383.7185
2014-02-04 07:00:00,159.0017
2014-02-04 08:00:00,158.2998
2014-02-04 09:00:00,42.3923
2014-02-04 10:00:00,42.3269
2014-02-04 11:00:00,121.9855
2014-02-04 12:00:00,193.1823
2014-02-04 13:00:00,42.4036
2014-02-04 14:00:00,42.0456
2014-02-04 15:00:00,42.7348
2014-02-04 16:00:00,222.0374
2014-02-04 17:00:00,228.4141
2014-02-04 18:00:00,368.365
2014-02-04 19:00:00,552.5052
2014-02-04 20:00:00,507.5153
2014-02-04 21:00:00,497.1197
2014-02-04 22:00:00,385.4387
2014-02-04 23:00:00,45.4436
2014-02-05 00:00:00,43.339
2014-02-05 01:00:00,169.5288
2014-02-05 02:00:00,107.0101
2014-02-05 03:00:00,43.3639
2014-02-05 04:00:00,59.495
2014-02-05 05:00:00,228.8772
2014-02-05 06:00:00,207.5505
2014-02-05 07:00:00,42.9932
2014-02-05 08:00:00,218.8133
2014-02-05 09:00:00,43.2999
2014-02-05 10:00:00,43.3545
2014-02-05 11:00:00,200.2704
2014-02-05 12:00:00,72.8703
2014-02-05 13:00:00,42.5937
2014-02-05 14:00:00,69.3357
2014-02-05 15:00:00,202.9077
2014-02-05 16:00:00,42.5394
2014-02-05 17:00:00,145.84
2014-02-05 18:00:00,588.8463
2014-02-05 19:00:00,744.3337
2014-02-05 20:00:00,564.6829
2014-02-05 21:00:00,569.2004
2014-02-05 22:00:00,822.9994
2014-02-05 23:00:00,106.3926
2014-02-06 00:00:00,149.4607
2014-02-06 01:00:00,154.7975
2014-02-06 02:00:00,50.8584
2014-02-06 03:00:00,50.7907
2014-02-06 04:00:00,59.495
2014-02-06 05:00:00,228.8772
2014-02-06 06:00:00,207.5505
2014-02-06 07:00:00,42.9932
2014-02-06 08:00:00,218.8133
2014-02-06 09:00:00,43.2999
2014-02-06 10:00:00,43.3545
2014-02-06 11:00:00,200.2704
2014-02-06 12:00:00,72.8703
2014-02-06 13:00:00,42.5937
2014-02-06 14:00:00,69.3357
2014-02-06 15:00:00,202.9077
2014-02-06 16:00:00,42.5394
2014-02-06 17:00:00,305.3173
2014-02-06 18:00:00,399.4527
2014-02-06 19:00:00,628.2282
2014-02-06 20:00:00,727.9011
2014-02-06 21:00:00,335.1963
2014-02-06 22:00:00,82.3429
2014-02-06 23:00:00,69.9452
2014-02-07 00:00:00,192.945
2014-02-07 01:00:00,41.4183
2014-02-07 02:00:00,84.3033
2014-02-07 03:00:00,191.4864
2014-02-07 04:00:00,42.7138
2014-02-07 05:00:00,86.3673
2014-02-07 06:00:00,364.3133
2014-02-07 07:00:00,42.4648
2014-02-07 08:00:00,92.1771
2014-02-07 09:00:00,193.783
2014-02-07 10:00:00,42.7102
2014-02-07 11:00:00,53.9132
2014-02-07 12:00:00,224.6546
2014-02-07 13:00:00,42.4091
2014-02-07 14:00:00,42.6026
2014-02-07 15:00:00,327.0947
2014-02-07 16:00:00,279.9307
2014-02-07 17:00:00,506.3519
2014-02-07 18:00:00,508.6399
2014-02-07 19:00:00,592.5538
2014-02-07 20:00:00,689.1269
2014-02-07 21:00:00,592.9264
2014-02-07 22:00:00,162.6376
2014-02-07 23:00:00,41.3
2014-02-08 00:00:00,129.0547
2014-02-08 01:00:00,174.2472
2014-02-08 02:00:00,41.2191
2014-02-08 03:00:00,42.423
2014-02-08 04:00:00,243.9653
2014-02-08 05:00:00,42.2332
2014-02-08 06:00:00,42.1275
2014-02-08 07:00:00,281.6276
2014-02-08 08:00:00,572.1836
2014-02-08 09:00:00,418.4321
2014-02-08 10:00:00,310.2449
2014-02-08 11:00:00,48.9334
2014-02-08 12:00:00,257.5093
2014-02-08 13:00:00,749.7742
2014-02-08 14:00:00,722.6649
2014-02-08 15:00:00,269.6237
2014-02-08 16:00:00,320.4738
2014-02-08 17:00:00,440.166
2014-02-08 18:00:00,333.9618
2014-02-08 19:00:00,286.2695
2014-02-08 20:00:00,341.2542
2014-02-08 21:00:00,100.8314
2014-02-08 22:00:00,796.9174
2014-02-08 23:00:00,562.2195
2014-02-09 00:00:00,278.7022
2014-02-09 01:00:00,86.9224
2014-02-09 02:00:00,86.7026
2014-02-09 03:00:00,202.3163
2014-02-09 04:00:00,271.74
2014-02-09 05:00:00,87.6118
2014-02-09 06:00:00,89.0501
2014-02-09 07:00:00,204.2183
2014-02-09 08:00:00,249.8726
2014-02-09 09:00:00,141.4345
2014-02-09 10:00:00,129.3783
2014-02-09 11:00:00,337.4144
2014-02-09 12:00:00,565.3346
2014-02-09 13:00:00,611.0679
2014-02-09 14:00:00,515.5074
2014-02-09 15:00:00,340.0636
2014-02-09 16:00:00,517.4013
2014-02-09 17:00:00,581.3755
2014-02-09 18:00:00,2352.2076
2014-02-09 19:00:00,986.1655
2014-02-09 20:00:00,631.9473
2014-02-09 21:00:00,601.983
2014-02-09 22:00:00,601.296
2014-02-09 23:00:00,47.7504
2014-02-10 00:00:00,44.6772
2014-02-10 01:00:00,211.8717
2014-02-10 02:00:00,89.2668
2014-02-10 03:00:00,42.4341
2014-02-10 04:00:00,120.6587
2014-02-10 05:00:00,182.8454
2014-02-10 06:00:00,492.5867
2014-02-10 07:00:00,41.5984
2014-02-10 08:00:00,243.1557
2014-02-10 09:00:00,41.4536
2014-02-10 10:00:00,41.4846
2014-02-10 11:00:00,174.9853
2014-02-10 12:00:00,132.6538
2014-02-10 13:00:00,41.5362
2014-02-10 14:00:00,41.4583
2014-02-10 15:00:00,259.9921
2014-02-10 16:00:00,111.0519
2014-02-10 17:00:00,499.1845
2014-02-10 18:00:00,815.8446
2014-02-10 19:00:00,699.3284
2014-02-10 20:00:00,588.1514
2014-02-10 21:00:00,728.4395
2014-02-10 22:00:00,137.6263
2014-02-10 23:00:00,62.9429
2014-02-11 00:00:00,217.3304
2014-02-11 01:00:00,40.944
2014-02-11 02:00:00,40.9579
2014-02-11 03:00:00,240.5907
2014-02-11 04:00:00,42.4875
2014-02-11 05:00:00,50.8098
2014-02-11 06:00:00,1010.6957
2014-02-11 07:00:00,126.6294
2014-02-11 08:00:00,42.1314
2014-02-11 09:00:00,41.6912
2014-02-11 10:00:00,248.8762
2014-02-11 11:00:00,42.7526
2014-02-11 12:00:00,41.6803
2014-02-11 13:00:00,148.3005
2014-02-11 14:00:00,166.685
2014-02-11 15:00:00,42.0601
2014-02-11 16:00:00,41.8418
2014-02-11 17:00:00,263.1577
2014-02-11 18:00:00,2661.3379
2014-02-11 19:00:00,1869.2952
2014-02-11 20:00:00,680.7433
2014-02-11 21:00:00,495.1702
2014-02-11 22:00:00,174.8293
2014-02-11 23:00:00,242.4412
2014-02-12 00:00:00,41.2226
2014-02-12 01:00:00,41.5574
2014-02-12 02:00:00,201.3965
2014-02-12 03:00:00,102.7288
2014-02-12 04:00:00,41.738
2014-02-12 05:00:00,87.5119
2014-02-12 06:00:00,334.378
2014-02-12 07:00:00,41.6667
2014-02-12 08:00:00,143.7531
2014-02-12 09:00:00,138.6168
2014-02-12 10:00:00,42.4164
2014-02-12 11:00:00,134.101
2014-02-12 12:00:00,149.4745
2014-02-12 13:00:00,42.2116
2014-02-12 14:00:00,169.8404
2014-02-12 15:00:00,116.6623
2014-02-12 16:00:00,44.3658
2014-02-12 17:00:00,868.7847
2014-02-12 18:00:00,619.4113
2014-02-12 19:00:00,577.8332
2014-02-12 20:00:00,797.3756
2014-02-12 21:00:00,138.121
2014-02-12 22:00:00,462.1368
2014-02-12 23:00:00,93.9313
2014-02-13 00:00:00,40.8571
2014-02-13 01:00:00,220.5605
2014-02-13 02:00:00,41.5662
2014-02-13 03:00:00,68.2602
2014-02-13 04:00:00,206.7569
2014-02-13 05:00:00,47.0202
2014-02-13 06:00:00,227.4134
2014-02-13 07:00:00,117.4295
2014-02-13 08:00:00,41.7528
2014-02-13 09:00:00,199.9295
2014-02-13 10:00:00,78.4949
2014-02-13 11:00:00,41.8071
2014-02-13 12:00:00,215.9669
2014-02-13 13:00:00,60.2654
2014-02-13 14:00:00,41.5493
2014-02-13 15:00:00,223.2102
2014-02-13 16:00:00,49.9458
2014-02-13 17:00:00,609.8039
2014-02-13 18:00:00,833.3432
2014-02-13 19:00:00,708.0932
2014-02-13 20:00:00,542.5545
2014-02-13 21:00:00,353.9482
2014-02-13 22:00:00,120.4564
2014-02-13 23:00:00,41.8558
2014-02-14 00:00:00,208.1938
2014-02-14 01:00:00,77.6201
2014-02-14 02:00:00,41.0746
2014-02-14 03:00:00,192.6026
2014-02-14 04:00:00,101.2961
2014-02-14 05:00:00,53.9132
2014-02-14 06:00:00,291.0879
2014-02-14 07:00:00,98.119
2014-02-14 08:00:00,41.7239
2014-02-14 09:00:00,162.5632
2014-02-14 10:00:00,134.9643
2014-02-14 11:00:00,60.2726
2014-02-14 12:00:00,245.2264
2014-02-14 13:00:00,114.1635
2014-02-14 14:00:00,53.7701
2014-02-14 15:00:00,261.9804
2014-02-14 16:00:00,79.309
2014-02-14 17:00:00,214.1645
2014-02-14 18:00:00,842.5395
2014-02-14 19:00:00,183.296
2014-02-14 20:00:00,50.2072
2014-02-14 21:00:00,239.8785
2014-02-14 22:00:00,144.0256
2014-02-14 23:00:00,51.2886
2014-02-15 00:00:00,242.8261
2014-02-15 01:00:00,48.7056
2014-02-15 02:00:00,71.9966
2014-02-15 03:00:00,223.6355
2014-02-15 04:00:00,49.4155
2014-02-15 05:00:00,96.0614
2014-02-15 06:00:00,208.8826
2014-02-15 07:00:00,49.0349
2014-02-15 08:00:00,230.4052
2014-02-15 09:00:00,354.5428
2014-02-15 10:00:00,289.7793
2014-02-15 11:00:00,507.3114
2014-02-15 12:00:00,763.7953
2014-02-15 13:00:00,795.9649
2014-02-15 14:00:00,365.9042
2014-02-15 15:00:00,302.8211
2014-02-15 16:00:00,238.5315
2014-02-15 17:00:00,394.9926
2014-02-15 18:00:00,1243.241
2014-02-15 19:00:00,1339.7017
2014-02-15 20:00:00,228.5595
2014-02-15 21:00:00,49.8083
2014-02-15 22:00:00,569.9034
2014-02-15 23:00:00,66.3718
2014-02-16 00:00:00,48.5392
2014-02-16 01:00:00,250.8374
2014-02-16 02:00:00,47.8677
2014-02-16 03:00:00,83.6835
2014-02-16 04:00:00,228.721
2014-02-16 05:00:00,48.9172
2014-02-16 06:00:00,101.0456
2014-02-16 07:00:00,362.3984
2014-02-16 08:00:00,143.3763
2014-02-16 09:00:00,296.5253
2014-02-16 10:00:00,226.225
2014-02-16 11:00:00,169.8925
2014-02-16 12:00:00,348.7434
2014-02-16 13:00:00,855.7175
2014-02-16 14:00:00,669.2535
2014-02-16 15:00:00,900.1234
2014-02-16 16:00:00,454.4141
2014-02-16 17:00:00,396.5686
2014-02-16 18:00:00,873.8308
2014-02-16 19:00:00,672.0142
2014-02-16 20:00:00,1053.8695
2014-02-16 21:00:00,773.2028
2014-02-16 22:00:00,359.593
2014-02-16 23:00:00,112.5155
2014-02-17 00:00:00,236.9284
2014-02-17 01:00:00,70.7497
2014-02-17 02:00:00,47.8175
2014-02-17 03:00:00,169.5531
2014-02-17 04:00:00,158.0023
2014-02-17 05:00:00,48.8869
2014-02-17 06:00:00,200.4711
2014-02-17 07:00:00,175.8615
2014-02-17 08:00:00,48.6958
2014-02-17 09:00:00,48.7928
2014-02-17 10:00:00,256.6555
2014-02-17 11:00:00,48.8055
2014-02-17 12:00:00,48.6173
2014-02-17 13:00:00,218.753
2014-02-17 14:00:00,102.4267
2014-02-17 15:00:00,48.8215
2014-02-17 16:00:00,123.8735
2014-02-17 17:00:00,783.8516
2014-02-17 18:00:00,1200.9258
2014-02-17 19:00:00,2226.3732
2014-02-17 20:00:00,699.8832
2014-02-17 21:00:00,552.7078
2014-02-17 22:00:00,772.763
2014-02-17 23:00:00,160.0624
2014-02-18 00:00:00,49.3805
2014-02-18 01:00:00,115.1641
2014-02-18 02:00:00,202.4103
2014-02-18 03:00:00,50.4201
2014-02-18 04:00:00,50.3368
2014-02-18 05:00:00,304.2088
2014-02-18 06:00:00,73.179
2014-02-18 07:00:00,50.2586
2014-02-18 08:00:00,252.5079
2014-02-18 09:00:00,67.6344
2014-02-18 10:00:00,50.2769
2014-02-18 11:00:00,237.838
2014-02-18 12:00:00,72.6831
2014-02-18 13:00:00,50.0954
2014-02-18 14:00:00,179.7796
2014-02-18 15:00:00,147.5305
2014-02-18 16:00:00,50.1369
2014-02-18 17:00:00,96.2861
2014-02-18 18:00:00,220.2468
2014-02-18 19:00:00,454.7697
2014-02-18 20:00:00,734.8245
2014-02-18 21:00:00,501.401
2014-02-18 22:00:00,109.0562
2014-02-18 23:00:00,170.5499
2014-02-19 00:00:00,157.2932
2014-02-19 01:00:00,49.2723
2014-02-19 02:00:00,128.7688
2014-02-19 03:00:00,200.2431
2014-02-19 04:00:00,50.156
2014-02-19 05:00:00,70.6219
2014-02-19 06:00:00,324.0432
2014-02-19 07:00:00,50.0428
2014-02-19 08:00:00,50.0732
2014-02-19 09:00:00,236.3802
2014-02-19 10:00:00,82.5292
2014-02-19 11:00:00,50.221
2014-02-19 12:00:00,181.069
2014-02-19 13:00:00,153.077
2014-02-19 14:00:00,50.2435
2014-02-19 15:00:00,98.7507
2014-02-19 16:00:00,253.2587
2014-02-19 17:00:00,1053.275
2014-02-19 18:00:00,2115.884
2014-02-19 19:00:00,426.1717
2014-02-19 20:00:00,322.3071
2014-02-19 21:00:00,647.6748
2014-02-19 22:00:00,125.9067
2014-02-19 23:00:00,121.0136
2014-02-20 00:00:00,179.7672
2014-02-20 01:00:00,40.615
2014-02-20 02:00:00,107.6234
2014-02-20 03:00:00,195.1106
2014-02-20 04:00:00,41.4391
2014-02-20 05:00:00,97.4696
2014-02-20 06:00:00,427.5317
2014-02-20 07:00:00,52.932
2014-02-20 08:00:00,40.9429
2014-02-20 09:00:00,198.2638
2014-02-20 10:00:00,96.3621
2014-02-20 11:00:00,40.931
2014-02-20 12:00:00,165.0238
2014-02-20 13:00:00,139.2113
2014-02-20 14:00:00,40.6713
2014-02-20 15:00:00,105.7824
2014-02-20 16:00:00,203.4478
2014-02-20 17:00:00,467.5741
2014-02-20 18:00:00,762.1456
2014-02-20 19:00:00,928.6096
2014-02-20 20:00:00,465.8442
2014-02-20 21:00:00,306.3522
2014-02-20 22:00:00,449.2786
2014-02-20 23:00:00,37.5409
2014-02-21 00:00:00,37.6192
2014-02-21 01:00:00,208.3214
2014-02-21 02:00:00,93.5766
2014-02-21 03:00:00,38.8841
2014-02-21 04:00:00,140.5622
2014-02-21 05:00:00,212.331
2014-02-21 06:00:00,464.5621
2014-02-21 07:00:00,491.4471
2014-02-21 08:00:00,418.8867
2014-02-21 09:00:00,247.3647
2014-02-21 10:00:00,87.123
2014-02-21 11:00:00,250.4112
2014-02-21 12:00:00,73.7394
2014-02-21 13:00:00,184.4547
2014-02-21 14:00:00,194.72
2014-02-21 15:00:00,69.9964
2014-02-21 16:00:00,186.2892
2014-02-21 17:00:00,2325.9093
2014-02-21 18:00:00,1409.4982
2014-02-21 19:00:00,1098.6939
2014-02-21 20:00:00,653.1671
2014-02-21 21:00:00,638.9652
2014-02-21 22:00:00,542.4247
2014-02-21 23:00:00,226.5554
2014-02-22 00:00:00,47.9331
2014-02-22 01:00:00,60.4803
2014-02-22 02:00:00,247.8111
2014-02-22 03:00:00,49.3858
2014-02-22 04:00:00,49.039
2014-02-22 05:00:00,261.2886
2014-02-22 06:00:00,50.6094
2014-02-22 07:00:00,127.9496
2014-02-22 08:00:00,310.9564
2014-02-22 09:00:00,123.8263
2014-02-22 10:00:00,164.1214
2014-02-22 11:00:00,334.4966
2014-02-22 12:00:00,867.1669
2014-02-22 13:00:00,550.899
2014-02-22 14:00:00,260.5759
2014-02-22 15:00:00,187.6189
2014-02-22 16:00:00,442.7317
2014-02-22 17:00:00,621.6953
2014-02-22 18:00:00,527.9867
2014-02-22 19:00:00,256.9446
2014-02-22 20:00:00,66.5644
2014-02-22 21:00:00,66.619
2014-02-22 22:00:00,335.5437
2014-02-22 23:00:00,125.7108
2014-02-23 00:00:00,53.575
2014-02-23 01:00:00,226.6836
2014-02-23 02:00:00,40.9927
2014-02-23 03:00:00,74.3426
2014-02-23 04:00:00,214.6112
2014-02-23 05:00:00,41.8349
2014-02-23 06:00:00,90.3833
2014-02-23 07:00:00,211.2568
2014-02-23 08:00:00,124.4424
2014-02-23 09:00:00,182.1888
2014-02-23 10:00:00,853.7012
2014-02-23 11:00:00,647.7193
2014-02-23 12:00:00,652.0083
2014-02-23 13:00:00,232.614
2014-02-23 14:00:00,90.0496
2014-02-23 15:00:00,171.3694
2014-02-23 16:00:00,254.9059
2014-02-23 17:00:00,1065.6643
2014-02-23 18:00:00,1217.4164
2014-02-23 19:00:00,1956.8059
2014-02-23 20:00:00,237.3205
2014-02-23 21:00:00,357.891
2014-02-23 22:00:00,270.5757
2014-02-23 23:00:00,42.73
2014-02-24 00:00:00,122.3768
2014-02-24 01:00:00,237.7252
2014-02-24 02:00:00,43.9946
2014-02-24 03:00:00,43.3747
2014-02-24 04:00:00,267.708
2014-02-24 05:00:00,105.3796
2014-02-24 06:00:00,127.9519
2014-02-24 07:00:00,275.7792
2014-02-24 08:00:00,43.436
2014-02-24 09:00:00,43.109
2014-02-24 10:00:00,250.7228
2014-02-24 11:00:00,115.7749
2014-02-24 12:00:00,43.9326
2014-02-24 13:00:00,273.3433
2014-02-24 14:00:00,43.4138
2014-02-24 15:00:00,43.1572
2014-02-24 16:00:00,270.9688
2014-02-24 17:00:00,486.0959
2014-02-24 18:00:00,610.968
2014-02-24 19:00:00,873.227
2014-02-24 20:00:00,576.035
2014-02-24 21:00:00,567.0912
2014-02-24 22:00:00,380.6583
2014-02-24 23:00:00,54.3554
2014-02-25 00:00:00,208.0205
2014-02-25 01:00:00,93.4205
2014-02-25 02:00:00,49.01
2014-02-25 03:00:00,237.8705
2014-02-25 04:00:00,49.4741
2014-02-25 05:00:00,101.8927
2014-02-25 06:00:00,448.3967
2014-02-25 07:00:00,41.2948
2014-02-25 08:00:00,41.4501
2014-02-25 09:00:00,225.8018
2014-02-25 10:00:00,41.4162
2014-02-25 11:00:00,137.8249
2014-02-25 12:00:00,155.458
2014-02-25 13:00:00,41.1949
2014-02-25 14:00:00,216.8942
2014-02-25 15:00:00,94.0727
2014-02-25 16:00:00,113.4206
2014-02-25 17:00:00,360.9396
2014-02-25 18:00:00,391.42
2014-02-25 19:00:00,532.8577
2014-02-25 20:00:00,739.7926
2014-02-25 21:00:00,635.9657
2014-02-25 22:00:00,987.1225
2014-02-25 23:00:00,46.3458
2014-02-26 00:00:00,65.5229
2014-02-26 01:00:00,212.5956
2014-02-26 02:00:00,41.1122
2014-02-26 03:00:00,160.1079
2014-02-26 04:00:00,141.3803
2014-02-26 05:00:00,46.863
2014-02-26 06:00:00,328.722
2014-02-26 07:00:00,159.1898
2014-02-26 08:00:00,41.556
2014-02-26 09:00:00,194.8781
2014-02-26 10:00:00,112.0409
2014-02-26 11:00:00,41.9914
2014-02-26 12:00:00,219.8884
2014-02-26 13:00:00,87.9324
2014-02-26 14:00:00,41.0298
2014-02-26 15:00:00,242.3688
2014-02-26 16:00:00,56.0911
2014-02-26 17:00:00,41.1844
2014-02-26 18:00:00,460.7338
2014-02-26 19:00:00,701.6191
2014-02-26 20:00:00,500.4364
2014-02-26 21:00:00,559.4719
2014-02-26 22:00:00,206.9189
2014-02-26 23:00:00,48.7983
2014-02-27 00:00:00,257.539
2014-02-27 01:00:00,48.2444
2014-02-27 02:00:00,61.2697
2014-02-27 03:00:00,248.2077
2014-02-27 04:00:00,50.9364
2014-02-27 05:00:00,141.4296
2014-02-27 06:00:00,361.1134
2014-02-27 07:00:00,48.5904
2014-02-27 08:00:00,48.7768
2014-02-27 09:00:00,253.4044
2014-02-27 10:00:00,48.765
2014-02-27 11:00:00,83.8202
2014-02-27 12:00:00,232.4202
2014-02-27 13:00:00,48.5627
2014-02-27 14:00:00,123.5712
2014-02-27 15:00:00,208.3769
2014-02-27 16:00:00,49.1348
2014-02-27 17:00:00,318.7331
2014-02-27 18:00:00,454.2952
2014-02-27 19:00:00,542.3073
2014-02-27 20:00:00,726.9306
2014-02-27 21:00:00,462.2407
2014-02-27 22:00:00,113.1291
2014-02-27 23:00:00,224.3873
2014-02-28 00:00:00,94.8348
2014-02-28 01:00:00,39.9326
2014-02-28 02:00:00,226.4823
2014-02-28 03:00:00,88.8502
2014-02-28 04:00:00,41.0378
2014-02-28 05:00:00,234.4956
2014-02-28 06:00:00,244.9665
2014-02-28 07:00:00,40.5197
2014-02-28 08:00:00,256.9003
2014-02-28 09:00:00,43.5402
2014-02-28 10:00:00,40.4768
2014-02-28 11:00:00,255.2952
2014-02-28 12:00:00,48.429
2014-02-28 13:00:00,40.5569
2014-02-28 14:00:00,248.8774
2014-02-28 15:00:00,59.2792
2014-02-28 16:00:00,91.9076
2014-02-28 17:00:00,458.959
2014-02-28 18:00:00,279.8568
2014-02-28 19:00:00,189.407
2014-02-28 20:00:00,241.9107
2014-02-28 21:00:00,303.5891
2014-02-28 22:00:00,417.794
2014-02-28 23:00:00,241.3187
2014-03-01 00:00:00,59.6311
2014-03-01 01:00:00,39.848
2014-03-01 02:00:00,241.5923
2014-03-01 03:00:00,61.6004
2014-03-01 04:00:00,41.2177
2014-03-01 05:00:00,243.4586
2014-03-01 06:00:00,65.7555
2014-03-01 07:00:00,66.8916
2014-03-01 08:00:00,946.5753
2014-03-01 09:00:00,125.1165
2014-03-01 10:00:00,40.7046
2014-03-01 11:00:00,242.8795
2014-03-01 12:00:00,56.9915
2014-03-01 13:00:00,40.6811
2014-03-01 14:00:00,238.8675
2014-03-01 15:00:00,59.4867
2014-03-01 16:00:00,327.9364
2014-03-01 17:00:00,670.657
2014-03-01 18:00:00,369.4468
2014-03-01 19:00:00,457.1347
2014-03-01 20:00:00,424.0354
2014-03-01 21:00:00,166.9322
2014-03-01 22:00:00,561.452
2014-03-01 23:00:00,265.1936
2014-03-02 00:00:00,48.3047
2014-03-02 01:00:00,113.8587
2014-03-02 02:00:00,203.748
2014-03-02 03:00:00,45.8571
2014-03-02 04:00:00,119.382
2014-03-02 05:00:00,203.4396
2014-03-02 06:00:00,49.4144
2014-03-02 07:00:00,116.7095
2014-03-02 08:00:00,1132.7447
2014-03-02 09:00:00,623.0133
2014-03-02 10:00:00,259.7383
2014-03-02 11:00:00,288.3387
2014-03-02 12:00:00,351.697
2014-03-02 13:00:00,624.4275
2014-03-02 14:00:00,111.6547
2014-03-02 15:00:00,98.8837
2014-03-02 16:00:00,298.0178
2014-03-02 17:00:00,134.4766
2014-03-02 18:00:00,2007.5355
2014-03-02 19:00:00,2496.8503
2014-03-02 20:00:00,640.1602
2014-03-02 21:00:00,574.1116
2014-03-02 22:00:00,108.3473
2014-03-02 23:00:00,55.9701
2014-03-03 00:00:00,276.673
2014-03-03 01:00:00,40.5509
2014-03-03 02:00:00,40.4393
2014-03-03 03:00:00,278.4822
2014-03-03 04:00:00,48.8271
2014-03-03 05:00:00,44.833
2014-03-03 06:00:00,359.7861
2014-03-03 07:00:00,167.4835
2014-03-03 08:00:00,40.857
2014-03-03 09:00:00,104.7016
2014-03-03 10:00:00,224.4991
2014-03-03 11:00:00,40.7016
2014-03-03 12:00:00,40.6751
2014-03-03 13:00:00,269.3876
2014-03-03 14:00:00,40.5091
2014-03-03 15:00:00,40.7179
2014-03-03 16:00:00,211.9124
2014-03-03 17:00:00,229.0213
2014-03-03 18:00:00,236.2523
2014-03-03 19:00:00,405.1794
2014-03-03 20:00:00,647.4805
2014-03-03 21:00:00,539.8739
2014-03-03 22:00:00,277.38
2014-03-03 23:00:00,236.0332
2014-03-04 00:00:00,39.9749
2014-03-04 01:00:00,64.274
2014-03-04 02:00:00,235.5368
2014-03-04 03:00:00,41.2404
2014-03-04 04:00:00,40.9008
2014-03-04 05:00:00,262.1451
2014-03-04 06:00:00,196.4601
2014-03-04 07:00:00,62.939
2014-03-04 08:00:00,240.3763
2014-03-04 09:00:00,40.7705
2014-03-04 10:00:00,40.7603
2014-03-04 11:00:00,253.9452
2014-03-04 12:00:00,40.6822
2014-03-04 13:00:00,40.5891
2014-03-04 14:00:00,247.0302
2014-03-04 15:00:00,91.7458
2014-03-04 16:00:00,42.3507
2014-03-04 17:00:00,334.9084
2014-03-04 18:00:00,1723.6825
2014-03-04 19:00:00,3020.9313
2014-03-04 20:00:00,732.2782
2014-03-04 21:00:00,528.6633
2014-03-04 22:00:00,494.5464
2014-03-04 23:00:00,168.0665
2014-03-05 00:00:00,40.1901
2014-03-05 01:00:00,138.9996
2014-03-05 02:00:00,173.4213
2014-03-05 03:00:00,40.9188
2014-03-05 04:00:00,99.581
2014-03-05 05:00:00,211.826
2014-03-05 06:00:00,118.8274
2014-03-05 07:00:00,152.0392
2014-03-05 08:00:00,164.012
2014-03-05 09:00:00,40.4818
2014-03-05 10:00:00,128.3791
2014-03-05 11:00:00,217.1817
2014-03-05 12:00:00,40.5404
2014-03-05 13:00:00,138.6392
2014-03-05 14:00:00,181.4974
2014-03-05 15:00:00,40.7034
2014-03-05 16:00:00,102.0581
2014-03-05 17:00:00,316.6515
2014-03-05 18:00:00,241.6406
2014-03-05 19:00:00,638.6414
2014-03-05 20:00:00,626.0992
2014-03-05 21:00:00,655.3938
2014-03-05 22:00:00,533.2011
2014-03-05 23:00:00,42.6325
2014-03-06 00:00:00,68.8212
2014-03-06 01:00:00,218.1123
2014-03-06 02:00:00,41.57
2014-03-06 03:00:00,128.4381
2014-03-06 04:00:00,180.3578
2014-03-06 05:00:00,42.6352
2014-03-06 06:00:00,249.2416
2014-03-06 07:00:00,115.283
2014-03-06 08:00:00,40.71
2014-03-06 09:00:00,212.5882
2014-03-06 10:00:00,87.6749
2014-03-06 11:00:00,40.5099
2014-03-06 12:00:00,227.0027
2014-03-06 13:00:00,80.818
2014-03-06 14:00:00,40.4101
2014-03-06 15:00:00,251.52
2014-03-06 16:00:00,57.3383
2014-03-06 17:00:00,268.0835
2014-03-06 18:00:00,323.1621
2014-03-06 19:00:00,360.8115
2014-03-06 20:00:00,673.1094
2014-03-06 21:00:00,358.6318
2014-03-06 22:00:00,452.4826
2014-03-06 23:00:00,159.1028
2014-03-07 00:00:00,47.178
2014-03-07 01:00:00,223.1639
2014-03-07 02:00:00,84.4221
2014-03-07 03:00:00,48.7572
2014-03-07 04:00:00,254.6928
2014-03-07 05:00:00,90.4084
2014-03-07 06:00:00,168.7564
2014-03-07 07:00:00,221.2829
2014-03-07 08:00:00,48.0415
2014-03-07 09:00:00,146.0282
2014-03-07 10:00:00,158.4995
2014-03-07 11:00:00,48.0582
2014-03-07 12:00:00,222.5787
2014-03-07 13:00:00,69.3997
2014-03-07 14:00:00,74.4801
2014-03-07 15:00:00,212.1457
2014-03-07 16:00:00,49.8734
2014-03-07 17:00:00,414.194
2014-03-07 18:00:00,223.2535
2014-03-07 19:00:00,557.9391
2014-03-07 20:00:00,871.8345
2014-03-07 21:00:00,160.3893
2014-03-07 22:00:00,369.2531
2014-03-07 23:00:00,48.472
2014-03-08 00:00:00,133.0419
2014-03-08 01:00:00,166.2149
2014-03-08 02:00:00,47.7706
2014-03-08 03:00:00,234.3308
2014-03-08 04:00:00,48.7846
2014-03-08 05:00:00,139.344
2014-03-08 06:00:00,193.4143
2014-03-08 07:00:00,152.5165
2014-03-08 08:00:00,267.1795
2014-03-08 09:00:00,78.988
2014-03-08 10:00:00,157.8712
2014-03-08 11:00:00,221.3063
2014-03-08 12:00:00,80.5668
2014-03-08 13:00:00,244.546
2014-03-08 14:00:00,121.0371
2014-03-08 15:00:00,48.3645
2014-03-08 16:00:00,262.5852
2014-03-08 17:00:00,111.3873
2014-03-08 18:00:00,746.2119
2014-03-08 19:00:00,765.3587
2014-03-08 20:00:00,587.0427
2014-03-08 21:00:00,497.4759
2014-03-08 22:00:00,325.5492
2014-03-08 23:00:00,39.7204
2014-03-09 00:00:00,161.7661
2014-03-09 01:00:00,138.2199
2014-03-09 02:00:00,39.7147
2014-03-09 03:00:00,244.6575
2014-03-09 04:00:00,41.1943
2014-03-09 05:00:00,103.3832
2014-03-09 06:00:00,233.404
2014-03-09 07:00:00,407.7506
2014-03-09 08:00:00,578.0462
2014-03-09 09:00:00,120.5404
2014-03-09 10:00:00,40.5897
2014-03-09 11:00:00,451.4837
2014-03-09 12:00:00,317.2224
2014-03-09 13:00:00,430.9843
2014-03-09 14:00:00,205.9941
2014-03-09 15:00:00,198.0872
2014-03-09 16:00:00,133.1348
2014-03-09 17:00:00,328.128
2014-03-09 18:00:00,1913.1968
2014-03-09 19:00:00,2600.0572
2014-03-09 20:00:00,1118.6788
2014-03-09 21:00:00,655.9566
2014-03-09 22:00:00,226.8749
2014-03-09 23:00:00,128.7555
2014-03-10 00:00:00,178.6059
2014-03-10 01:00:00,42.6008
2014-03-10 02:00:00,248.4066
2014-03-10 03:00:00,44.0582
2014-03-10 04:00:00,176.298
2014-03-10 05:00:00,161.5769
2014-03-10 06:00:00,129.9774
2014-03-10 07:00:00,224.5228
2014-03-10 08:00:00,41.5628
2014-03-10 09:00:00,188.0944
2014-03-10 10:00:00,120.3979
2014-03-10 11:00:00,41.5817
2014-03-10 12:00:00,250.1192
2014-03-10 13:00:00,41.7737
2014-03-10 14:00:00,112.1717
2014-03-10 15:00:00,198.7255
2014-03-10 16:00:00,41.6908
2014-03-10 17:00:00,352.7155
2014-03-10 18:00:00,583.6755
2014-03-10 19:00:00,502.6297
2014-03-10 20:00:00,791.2845
2014-03-10 21:00:00,477.3756
2014-03-10 22:00:00,547.2866
2014-03-10 23:00:00,40.8738
2014-03-11 00:00:00,191.747
2014-03-11 01:00:00,80.423
2014-03-11 02:00:00,88.5025
2014-03-11 03:00:00,198.2676
2014-03-11 04:00:00,41.7552
2014-03-11 05:00:00,220.184
2014-03-11 06:00:00,135.4528
2014-03-11 07:00:00,140.5743
2014-03-11 08:00:00,154.4884
2014-03-11 09:00:00,41.6853
2014-03-11 10:00:00,236.3384
2014-03-11 11:00:00,41.8958
2014-03-11 12:00:00,109.7653
2014-03-11 13:00:00,191.2292
2014-03-11 14:00:00,41.7795
2014-03-11 15:00:00,217.8137
2014-03-11 16:00:00,84.6001
2014-03-11 17:00:00,327.3734
2014-03-11 18:00:00,2021.4141
2014-03-11 19:00:00,737.2098
2014-03-11 20:00:00,428.6719
2014-03-11 21:00:00,392.089
2014-03-11 22:00:00,594.5429
2014-03-11 23:00:00,137.989
2014-03-12 00:00:00,41.5383
2014-03-12 01:00:00,248.338
2014-03-12 02:00:00,41.0739
2014-03-12 03:00:00,110.5314
2014-03-12 04:00:00,204.7735
2014-03-12 05:00:00,43.2669
2014-03-12 06:00:00,263.9194
2014-03-12 07:00:00,123.2588
2014-03-12 08:00:00,43.571
2014-03-12 09:00:00,255.4668
2014-03-12 10:00:00,46.4408
2014-03-12 11:00:00,52.4097
2014-03-12 12:00:00,251.8717
2014-03-12 13:00:00,41.6029
2014-03-12 14:00:00,148.4677
2014-03-12 15:00:00,187.6733
2014-03-12 16:00:00,41.6488
2014-03-12 17:00:00,263.7071
2014-03-12 18:00:00,284.9321
2014-03-12 19:00:00,383.7173
2014-03-12 20:00:00,623.7765
2014-03-12 21:00:00,471.4943
2014-03-12 22:00:00,502.4618
2014-03-12 23:00:00,196.2394
2014-03-13 00:00:00,49.2322
2014-03-13 01:00:00,261.8882
2014-03-13 02:00:00,52.3504
2014-03-13 03:00:00,116.9123
2014-03-13 04:00:00,223.2608
2014-03-13 05:00:00,50.1327
2014-03-13 06:00:00,248.9571
2014-03-13 07:00:00,148.1238
2014-03-13 08:00:00,49.9984
2014-03-13 09:00:00,252.4449
2014-03-13 10:00:00,63.3984
2014-03-13 11:00:00,63.0356
2014-03-13 12:00:00,259.6372
2014-03-13 13:00:00,49.1806
2014-03-13 14:00:00,153.1808
2014-03-13 15:00:00,195.4087
2014-03-13 16:00:00,49.1644
2014-03-13 17:00:00,298.518
2014-03-13 18:00:00,387.5074
2014-03-13 19:00:00,2217.9397
2014-03-13 20:00:00,1075.1498
2014-03-13 21:00:00,494.6073
2014-03-13 22:00:00,553.9455
2014-03-13 23:00:00,130.045
2014-03-14 00:00:00,40.9797
2014-03-14 01:00:00,233.8164
2014-03-14 02:00:00,40.6998
2014-03-14 03:00:00,199.5547
2014-03-14 04:00:00,92.3511
2014-03-14 05:00:00,81.2387
2014-03-14 06:00:00,300.8501
2014-03-14 07:00:00,41.6259
2014-03-14 08:00:00,184.1927
2014-03-14 09:00:00,102.7321
2014-03-14 10:00:00,52.0774
2014-03-14 11:00:00,227.5938
2014-03-14 12:00:00,41.5019
2014-03-14 13:00:00,209.7008
2014-03-14 14:00:00,85.2887
2014-03-14 15:00:00,89.3501
2014-03-14 16:00:00,204.5095
2014-03-14 17:00:00,176.506
2014-03-14 18:00:00,461.6619
2014-03-14 19:00:00,259.1578
2014-03-14 20:00:00,669.7288
2014-03-14 21:00:00,559.9245
2014-03-14 22:00:00,652.319
2014-03-14 23:00:00,117.172
2014-03-15 00:00:00,76.8113
2014-03-15 01:00:00,212.4775
2014-03-15 02:00:00,41.0592
2014-03-15 03:00:00,222.2568
2014-03-15 04:00:00,77.1363
2014-03-15 05:00:00,83.9824
2014-03-15 06:00:00,218.2513
2014-03-15 07:00:00,85.911
2014-03-15 08:00:00,318.6101
2014-03-15 09:00:00,397.6545
2014-03-15 10:00:00,425.9756
2014-03-15 11:00:00,278.7817
2014-03-15 12:00:00,117.4208
2014-03-15 13:00:00,732.9546
2014-03-15 14:00:00,108.3912
2014-03-15 15:00:00,137.3463
2014-03-15 16:00:00,270.4691
2014-03-15 17:00:00,166.1206
2014-03-15 18:00:00,470.2176
2014-03-15 19:00:00,748.2173
2014-03-15 20:00:00,330.5021
2014-03-15 21:00:00,220.9346
2014-03-15 22:00:00,87.207
2014-03-15 23:00:00,288.1275
2014-03-16 00:00:00,146.6545
2014-03-16 01:00:00,41.0489
2014-03-16 02:00:00,226.7681
2014-03-16 03:00:00,83.0756
2014-03-16 04:00:00,42.0038
2014-03-16 05:00:00,254.907
2014-03-16 06:00:00,43.0846
2014-03-16 07:00:00,72.7828
2014-03-16 08:00:00,558.6818
2014-03-16 09:00:00,642.0887
2014-03-16 10:00:00,510.1915
2014-03-16 11:00:00,227.4271
2014-03-16 12:00:00,327.9154
2014-03-16 13:00:00,768.5879
2014-03-16 14:00:00,463.89
2014-03-16 15:00:00,166.6729
2014-03-16 16:00:00,396.109
2014-03-16 17:00:00,130.7158
2014-03-16 18:00:00,270.3407
2014-03-16 19:00:00,645.5905
2014-03-16 20:00:00,638.0057
2014-03-16 21:00:00,301.8316
2014-03-16 22:00:00,490.5975
2014-03-16 23:00:00,79.641
2014-03-17 00:00:00,63.4419
2014-03-17 01:00:00,238.6649
2014-03-17 02:00:00,43.4137
2014-03-17 03:00:00,155.2054
2014-03-17 04:00:00,174.9391
2014-03-17 05:00:00,45.2996
2014-03-17 06:00:00,258.8078
2014-03-17 07:00:00,131.0302
2014-03-17 08:00:00,40.5127
2014-03-17 09:00:00,217.6664
2014-03-17 10:00:00,98.2864
2014-03-17 11:00:00,40.4983
2014-03-17 12:00:00,239.2124
2014-03-17 13:00:00,84.5403
2014-03-17 14:00:00,40.6812
2014-03-17 15:00:00,256.5316
2014-03-17 16:00:00,58.5191
2014-03-17 17:00:00,1828.1073
2014-03-17 18:00:00,378.0973
2014-03-17 19:00:00,230.7234
2014-03-17 20:00:00,570.6242
2014-03-17 21:00:00,776.4749
2014-03-17 22:00:00,293.4532
2014-03-17 23:00:00,165.8316
2014-03-18 00:00:00,174.0899
2014-03-18 01:00:00,39.6801
2014-03-18 02:00:00,191.3712
2014-03-18 03:00:00,152.2371
2014-03-18 04:00:00,40.5898
2014-03-18 05:00:00,208.8681
2014-03-18 06:00:00,206.3898
2014-03-18 07:00:00,40.5701
2014-03-18 08:00:00,260.8349
2014-03-18 09:00:00,40.5924
2014-03-18 10:00:00,57.5579
2014-03-18 11:00:00,250.2963
2014-03-18 12:00:00,40.5549
2014-03-18 13:00:00,118.3472
2014-03-18 14:00:00,213.1198
2014-03-18 15:00:00,40.4735
2014-03-18 16:00:00,154.3524
2014-03-18 17:00:00,357.164
2014-03-18 18:00:00,414.5103
2014-03-18 19:00:00,617.0145
2014-03-18 20:00:00,575.1283
2014-03-18 21:00:00,551.6877
2014-03-18 22:00:00,324.2225
2014-03-18 23:00:00,44.3659
2014-03-19 00:00:00,195.1821
2014-03-19 01:00:00,156.6211
2014-03-19 02:00:00,70.9247
2014-03-19 03:00:00,287.2051
2014-03-19 04:00:00,76.8671
2014-03-19 05:00:00,91.421
2014-03-19 06:00:00,370.0874
2014-03-19 07:00:00,42.6453
2014-03-19 08:00:00,40.6822
2014-03-19 09:00:00,250.1497
2014-03-19 10:00:00,40.5048
2014-03-19 11:00:00,125.0703
2014-03-19 12:00:00,194.5805
2014-03-19 13:00:00,40.5632
2014-03-19 14:00:00,198.5173
2014-03-19 15:00:00,123.0136
2014-03-19 16:00:00,40.5881
2014-03-19 17:00:00,1663.8667
2014-03-19 18:00:00,871.6389
2014-03-19 19:00:00,332.6886
2014-03-19 20:00:00,713.4746
2014-03-19 21:00:00,608.1564
2014-03-19 22:00:00,213.818
2014-03-19 23:00:00,258.1862
2014-03-20 00:00:00,48.2851
2014-03-20 01:00:00,126.2332
2014-03-20 02:00:00,212.0447
2014-03-20 03:00:00,49.4446
2014-03-20 04:00:00,204.3475
2014-03-20 05:00:00,137.7135
2014-03-20 06:00:00,117.4773
2014-03-20 07:00:00,271.2613
2014-03-20 08:00:00,48.9397
2014-03-20 09:00:00,117.7073
2014-03-20 10:00:00,290.6463
2014-03-20 11:00:00,125.0703
2014-03-20 12:00:00,194.5805
2014-03-20 13:00:00,40.5632
2014-03-20 14:00:00,198.5173
2014-03-20 15:00:00,123.0136
2014-03-20 16:00:00,40.5881
2014-03-20 17:00:00,1663.8667
2014-03-20 18:00:00,871.6389
2014-03-20 19:00:00,332.6886
2014-03-20 20:00:00,713.4746
2014-03-20 21:00:00,608.1564
2014-03-20 22:00:00,213.818
2014-03-20 23:00:00,258.1862
2014-03-21 00:00:00,48.2851
2014-03-21 01:00:00,126.2332
2014-03-21 02:00:00,212.0447
2014-03-21 03:00:00,49.4446
2014-03-21 04:00:00,204.3475
2014-03-21 05:00:00,137.7135
2014-03-21 06:00:00,117.4773
2014-03-21 07:00:00,271.2613
2014-03-21 08:00:00,48.9397
2014-03-21 09:00:00,117.7073
2014-03-21 10:00:00,290.6463
2014-03-21 11:00:00,125.0703
2014-03-21 12:00:00,194.5805
2014-03-21 13:00:00,40.5632
2014-03-21 14:00:00,198.5173
2014-03-21 15:00:00,123.0136
2014-03-21 16:00:00,40.5881
2014-03-21 17:00:00,174.2909
2014-03-21 18:00:00,276.2399
2014-03-21 19:00:00,160.2469
2014-03-21 20:00:00,298.5759
2014-03-21 21:00:00,265.7163
2014-03-21 22:00:00,357.2225
2014-03-21 23:00:00,230.0588
2014-03-22 00:00:00,42.3343
2014-03-22 01:00:00,216.4876
2014-03-22 02:00:00,76.5193
2014-03-22 03:00:00,111.1458
2014-03-22 04:00:00,190.612
2014-03-22 05:00:00,41.968
2014-03-22 06:00:00,242.1908
2014-03-22 07:00:00,72.2357
2014-03-22 08:00:00,733.6034
2014-03-22 09:00:00,916.452
2014-03-22 10:00:00,41.8813
2014-03-22 11:00:00,230.0309
2014-03-22 12:00:00,584.6791
2014-03-22 13:00:00,536.6164
2014-03-22 14:00:00,117.1176
2014-03-22 15:00:00,341.06
2014-03-22 16:00:00,240.4968
2014-03-22 17:00:00,404.983
2014-03-22 18:00:00,810.2474
2014-03-22 19:00:00,622.6351
2014-03-22 20:00:00,316.9518
2014-03-22 21:00:00,71.6821
2014-03-22 22:00:00,271.9462
2014-03-22 23:00:00,48.6108
2014-03-23 00:00:00,264.6288
2014-03-23 01:00:00,48.3528
2014-03-23 02:00:00,147.7219
2014-03-23 03:00:00,168.9634
2014-03-23 04:00:00,49.4726
2014-03-23 05:00:00,249.9038
2014-03-23 06:00:00,49.3205
2014-03-23 07:00:00,89.6772
2014-03-23 08:00:00,108.9222
2014-03-23 09:00:00,485.726
2014-03-23 10:00:00,758.9766
2014-03-23 11:00:00,208.0625
2014-03-23 12:00:00,411.7017
2014-03-23 13:00:00,253.3297
2014-03-23 14:00:00,125.421
2014-03-23 15:00:00,885.5926
2014-03-23 16:00:00,757.8493
2014-03-23 17:00:00,442.6435
2014-03-23 18:00:00,3352.0907
2014-03-23 19:00:00,2146.5729
2014-03-23 20:00:00,745.6244
2014-03-23 21:00:00,577.5181
2014-03-23 22:00:00,96.8753
2014-03-23 23:00:00,42.9524
2014-03-24 00:00:00,216.69
2014-03-24 01:00:00,279.1545
2014-03-24 02:00:00,84.2227
2014-03-24 03:00:00,42.2648
2014-03-24 04:00:00,70.8656
2014-03-24 05:00:00,294.4305
2014-03-24 06:00:00,336.4953
2014-03-24 07:00:00,89.6772
2014-03-24 08:00:00,108.9222
2014-03-24 09:00:00,485.726
2014-03-24 10:00:00,758.9766
2014-03-24 11:00:00,208.0625
2014-03-24 12:00:00,411.7017
2014-03-24 13:00:00,253.3297
2014-03-24 14:00:00,125.421
2014-03-24 15:00:00,885.5926
2014-03-24 16:00:00,757.8493
2014-03-24 17:00:00,442.6435
2014-03-24 18:00:00,3352.0907
2014-03-24 19:00:00,457.9855
2014-03-24 20:00:00,792.4028
2014-03-24 21:00:00,359.0404
2014-03-24 22:00:00,413.8748
2014-03-24 23:00:00,259.581
2014-03-25 00:00:00,41.3231
2014-03-25 01:00:00,41.2043
2014-03-25 02:00:00,248.149
2014-03-25 03:00:00,87.3191
2014-03-25 04:00:00,42.2412
2014-03-25 05:00:00,94.8245
2014-03-25 06:00:00,367.8548
2014-03-25 07:00:00,62.9341
2014-03-25 08:00:00,41.2754
2014-03-25 09:00:00,110.6637
2014-03-25 10:00:00,231.6228
2014-03-25 11:00:00,41.5718
2014-03-25 12:00:00,41.5774
2014-03-25 13:00:00,199.561
2014-03-25 14:00:00,155.6811
2014-03-25 15:00:00,41.595
2014-03-25 16:00:00,41.475
2014-03-25 17:00:00,378.2299
2014-03-25 18:00:00,704.98
2014-03-25 19:00:00,466.3243
2014-03-25 20:00:00,532.9156
2014-03-25 21:00:00,894.7014
2014-03-25 22:00:00,186.6236
2014-03-25 23:00:00,88.1563
2014-03-26 00:00:00,298.9325
2014-03-26 01:00:00,99.5107
2014-03-26 02:00:00,88.0681
2014-03-26 03:00:00,235.9099
2014-03-26 04:00:00,190.3364
2014-03-26 05:00:00,91.9694
2014-03-26 06:00:00,250.8476
2014-03-26 07:00:00,204.8906
2014-03-26 08:00:00,41.7777
2014-03-26 09:00:00,41.522
2014-03-26 10:00:00,261.548
2014-03-26 11:00:00,50.5221
2014-03-26 12:00:00,41.4529
2014-03-26 13:00:00,160.5872
2014-03-26 14:00:00,187.1378
2014-03-26 15:00:00,41.6519
2014-03-26 16:00:00,44.0351
2014-03-26 17:00:00,270.8469
2014-03-26 18:00:00,327.3036
2014-03-26 19:00:00,271.938
2014-03-26 20:00:00,390.4403
2014-03-26 21:00:00,553.3381
2014-03-26 22:00:00,165.415
2014-03-26 23:00:00,212.3146
2014-03-27 00:00:00,115.9048
2014-03-27 01:00:00,48.6653
2014-03-27 02:00:00,190.0176
2014-03-27 03:00:00,151.273
2014-03-27 04:00:00,49.5205
2014-03-27 05:00:00,100.6176
2014-03-27 06:00:00,332.075
2014-03-27 07:00:00,51.4801
2014-03-27 08:00:00,130.4588
2014-03-27 09:00:00,201.8087
2014-03-27 10:00:00,49.3094
2014-03-27 11:00:00,49.3758
2014-03-27 12:00:00,267.8618
2014-03-27 13:00:00,49.078
2014-03-27 14:00:00,48.8218
2014-03-27 15:00:00,241.1107
2014-03-27 16:00:00,94.7035
2014-03-27 17:00:00,140.2286
2014-03-27 18:00:00,442.3466
2014-03-27 19:00:00,1027.3552
2014-03-27 20:00:00,235.3006
2014-03-27 21:00:00,374.9265
2014-03-27 22:00:00,257.9828
2014-03-27 23:00:00,56.2501
2014-03-28 00:00:00,187.6782
2014-03-28 01:00:00,159.5055
2014-03-28 02:00:00,49.829
2014-03-28 03:00:00,113.6473
2014-03-28 04:00:00,228.9776
2014-03-28 05:00:00,49.3643
2014-03-28 06:00:00,202.2075
2014-03-28 07:00:00,317.495
2014-03-28 08:00:00,305.9283
2014-03-28 09:00:00,301.8829
2014-03-28 10:00:00,299.412
2014-03-28 11:00:00,297.2507
2014-03-28 12:00:00,295.5596
2014-03-28 13:00:00,295.8861
2014-03-28 14:00:00,295.9251
2014-03-28 15:00:00,294.2954
2014-03-28 16:00:00,293.4669
2014-03-28 17:00:00,317.9422
2014-03-28 18:00:00,435.1596
2014-03-28 19:00:00,396.1483
2014-03-28 20:00:00,821.2711
2014-03-28 21:00:00,558.835
2014-03-28 22:00:00,504.2007
2014-03-28 23:00:00,41.4413
2014-03-29 00:00:00,200.5656
2014-03-29 01:00:00,41.0656
2014-03-29 02:00:00,207.5618
2014-03-29 03:00:00,42.1394
2014-03-29 04:00:00,148.6357
2014-03-29 05:00:00,126.4397
2014-03-29 06:00:00,95.2133
2014-03-29 07:00:00,223.6198
2014-03-29 08:00:00,41.5363
2014-03-29 09:00:00,142.6677
2014-03-29 10:00:00,147.6405
2014-03-29 11:00:00,41.8768
2014-03-29 12:00:00,207.9555
2014-03-29 13:00:00,91.5335
2014-03-29 14:00:00,41.6967
2014-03-29 15:00:00,246.4042
2014-03-29 16:00:00,48.381
2014-03-29 17:00:00,72.4517
2014-03-29 18:00:00,282.3483
2014-03-29 19:00:00,73.1792
2014-03-29 20:00:00,73.828
2014-03-29 21:00:00,284.3612
2014-03-29 22:00:00,85.7927
2014-03-29 23:00:00,41.8313
2014-03-30 00:00:00,238.3518
2014-03-30 01:00:00,41.9263
2014-03-30 02:00:00,42.1345
2014-03-30 03:00:00,242.4322
2014-03-30 04:00:00,41.8788
2014-03-30 05:00:00,59.6452
2014-03-30 06:00:00,241.4974
2014-03-30 07:00:00,41.6878
2014-03-30 08:00:00,57.3267
2014-03-30 09:00:00,245.2131
2014-03-30 10:00:00,41.6614
2014-03-30 11:00:00,53.2168
2014-03-30 12:00:00,257.0314
2014-03-30 13:00:00,41.6759
2014-03-30 14:00:00,52.8741
2014-03-30 15:00:00,260.9962
2014-03-30 16:00:00,41.7203
2014-03-30 17:00:00,111.2483
2014-03-30 18:00:00,530.8753
2014-03-30 19:00:00,383.673
2014-03-30 20:00:00,409.0699
2014-03-30 21:00:00,843.8527
2014-03-30 22:00:00,90.2472
2014-03-30 23:00:00,57.6859
2014-03-31 00:00:00,252.6749
2014-03-31 01:00:00,47.58
2014-03-31 02:00:00,134.856
2014-03-31 03:00:00,207.2551
2014-03-31 04:00:00,52.8398
2014-03-31 05:00:00,255.0733
2014-03-31 06:00:00,176.5008
2014-03-31 07:00:00,138.8243
2014-03-31 08:00:00,290.9899
2014-03-31 09:00:00,483.0331
2014-03-31 10:00:00,2067.7698
2014-03-31 11:00:00,1111.8156
2014-03-31 12:00:00,1839.0357
2014-03-31 13:00:00,1254.89
2014-03-31 14:00:00,191.0012
2014-03-31 15:00:00,206.7647
2014-03-31 16:00:00,570.414
2014-03-31 17:00:00,775.8619
2014-03-31 18:00:00,710.1261
2014-03-31 19:00:00,556.7793
2014-03-31 20:00:00,704.4575
2014-03-31 21:00:00,291.2063
2014-03-31 22:00:00,213.1551
2014-03-31 23:00:00,120.6034
2014-04-01 00:00:00,40.9095
2014-04-01 01:00:00,254.6478
2014-04-01 02:00:00,65.1775
2014-04-01 03:00:00,42.3932
2014-04-01 04:00:00,276.0799
2014-04-01 05:00:00,103.2683
2014-04-01 06:00:00,56.7938
2014-04-01 07:00:00,373.2807
2014-04-01 08:00:00,129.7587
2014-04-01 09:00:00,93.5713
2014-04-01 10:00:00,331.7694
2014-04-01 11:00:00,151.9575
2014-04-01 12:00:00,156.323
2014-04-01 13:00:00,310.5192
2014-04-01 14:00:00,92.0366
2014-04-01 15:00:00,177.3205
2014-04-01 16:00:00,567.3438
2014-04-01 17:00:00,310.4699
2014-04-01 18:00:00,651.7505
2014-04-01 19:00:00,538.1111
2014-04-01 20:00:00,437.6656
2014-04-01 21:00:00,514.3503
2014-04-01 22:00:00,153.3217
2014-04-01 23:00:00,48.5022
2014-04-02 00:00:00,254.3434
2014-04-02 01:00:00,100.8892
2014-04-02 02:00:00,102.4722
2014-04-02 03:00:00,278.3261
2014-04-02 04:00:00,49.2917
2014-04-02 05:00:00,155.6199
2014-04-02 06:00:00,248.3942
2014-04-02 07:00:00,80.8443
2014-04-02 08:00:00,125.2411
2014-04-02 09:00:00,245.8949
2014-04-02 10:00:00,66.9519
2014-04-02 11:00:00,158.6001
2014-04-02 12:00:00,305.2091
2014-04-02 13:00:00,54.243
2014-04-02 14:00:00,124.8514
2014-04-02 15:00:00,331.192
2014-04-02 16:00:00,284.6988
2014-04-02 17:00:00,406.9944
2014-04-02 18:00:00,3010.7769
2014-04-02 19:00:00,590.8898
2014-04-02 20:00:00,527.8445
2014-04-02 21:00:00,281.6756
2014-04-02 22:00:00,153.5602
2014-04-02 23:00:00,237.6865
2014-04-03 00:00:00,40.9192
2014-04-03 01:00:00,93.9309
2014-04-03 02:00:00,285.5918
2014-04-03 03:00:00,47.4475
2014-04-03 04:00:00,41.7575
2014-04-03 05:00:00,365.0425
2014-04-03 06:00:00,122.6898
2014-04-03 07:00:00,58.8639
2014-04-03 08:00:00,291.0771
2014-04-03 09:00:00,218.6521
2014-04-03 10:00:00,119.2043
2014-04-03 11:00:00,272.6952
2014-04-03 12:00:00,371.0851
2014-04-03 13:00:00,230.6123
2014-04-03 14:00:00,102.4433
2014-04-03 15:00:00,263.8037
2014-04-03 16:00:00,289.3284
2014-04-03 17:00:00,127.3199
2014-04-03 18:00:00,515.5382
2014-04-03 19:00:00,449.2269
2014-04-03 20:00:00,545.6494
2014-04-03 21:00:00,484.3578
2014-04-03 22:00:00,135.4717
2014-04-03 23:00:00,41.1573
2014-04-04 00:00:00,230.636
2014-04-04 01:00:00,89.6803
2014-04-04 02:00:00,41.8034
2014-04-04 03:00:00,257.3913
2014-04-04 04:00:00,56.1811
2014-04-04 05:00:00,109.9397
2014-04-04 06:00:00,261.9236
2014-04-04 07:00:00,70.3695
2014-04-04 08:00:00,134.4806
2014-04-04 09:00:00,212.708
2014-04-04 10:00:00,41.4983
2014-04-04 11:00:00,144.7928
2014-04-04 12:00:00,192.7699
2014-04-04 13:00:00,41.6542
2014-04-04 14:00:00,160.5843
2014-04-04 15:00:00,204.3993
2014-04-04 16:00:00,157.5176
2014-04-04 17:00:00,308.0441
2014-04-04 18:00:00,391.4085
2014-04-04 19:00:00,554.4433
2014-04-04 20:00:00,602.0118
2014-04-04 21:00:00,221.456
2014-04-04 22:00:00,42.5222
2014-04-04 23:00:00,204.8029
2014-04-05 00:00:00,136.7052
2014-04-05 01:00:00,41.502
2014-04-05 02:00:00,211.1647
2014-04-05 03:00:00,130.0993
2014-04-05 04:00:00,42.1178
2014-04-05 05:00:00,219.9846
2014-04-05 06:00:00,132.6498
2014-04-05 07:00:00,133.1172
2014-04-05 08:00:00,281.8838
2014-04-05 09:00:00,127.5674
2014-04-05 10:00:00,151.9003
2014-04-05 11:00:00,563.2321
2014-04-05 12:00:00,276.0414
2014-04-05 13:00:00,124.8413
2014-04-05 14:00:00,221.0218
2014-04-05 15:00:00,524.8065
2014-04-05 16:00:00,250.3753
2014-04-05 17:00:00,734.8064
2014-04-05 18:00:00,449.9612
2014-04-05 19:00:00,39.5542
2014-04-05 20:00:00,205.5125
2014-04-05 21:00:00,313.4022
2014-04-05 22:00:00,117.4597
2014-04-05 23:00:00,219.7743
2014-04-06 00:00:00,116.0792
2014-04-06 01:00:00,40.198
2014-04-06 02:00:00,215.0926
2014-04-06 03:00:00,126.0849
2014-04-06 04:00:00,41.1673
2014-04-06 05:00:00,198.9015
2014-04-06 06:00:00,145.5128
2014-04-06 07:00:00,49.931
2014-04-06 08:00:00,310.2357
2014-04-06 09:00:00,536.0009
2014-04-06 10:00:00,247.6073
2014-04-06 11:00:00,406.9819
2014-04-06 12:00:00,474.3806
2014-04-06 13:00:00,73.7434
2014-04-06 14:00:00,418.0042
2014-04-06 15:00:00,559.1849
2014-04-06 16:00:00,535.009
2014-04-06 17:00:00,751.8239
2014-04-06 18:00:00,660.5479
2014-04-06 19:00:00,606.4252
2014-04-06 20:00:00,489.772
2014-04-06 21:00:00,131.7798
2014-04-06 22:00:00,247.6513
2014-04-06 23:00:00,41.6301
2014-04-07 00:00:00,62.2132
2014-04-07 01:00:00,239.9578
2014-04-07 02:00:00,42.4521
2014-04-07 03:00:00,111.8515
2014-04-07 04:00:00,205.186
2014-04-07 05:00:00,107.9784
2014-04-07 06:00:00,212.0142
2014-04-07 07:00:00,109.4678
2014-04-07 08:00:00,41.3587
2014-04-07 09:00:00,233.4468
2014-04-07 10:00:00,140.8272
2014-04-07 11:00:00,373.6116
2014-04-07 12:00:00,156.4318
2014-04-07 13:00:00,133.8284
2014-04-07 14:00:00,374.7153
2014-04-07 15:00:00,112.6471
2014-04-07 16:00:00,271.49
2014-04-07 17:00:00,202.6135
2014-04-07 18:00:00,2802.666
2014-04-07 19:00:00,685.633
2014-04-07 20:00:00,263.0654
2014-04-07 21:00:00,617.7185
2014-04-07 22:00:00,147.6443
2014-04-07 23:00:00,37.5682
2014-04-08 00:00:00,260.4326
2014-04-08 01:00:00,37.6643
2014-04-08 02:00:00,158.5102
2014-04-08 03:00:00,174.51
2014-04-08 04:00:00,40.7108
2014-04-08 05:00:00,290.879
2014-04-08 06:00:00,93.6812
2014-04-08 07:00:00,210.3356
2014-04-08 08:00:00,162.0215
2014-04-08 09:00:00,38.4366
2014-04-08 10:00:00,251.0741
2014-04-08 11:00:00,62.3219
2014-04-08 12:00:00,98.3129
2014-04-08 13:00:00,232.0887
2014-04-08 14:00:00,38.4412
2014-04-08 15:00:00,205.8497
2014-04-08 16:00:00,127.2923
2014-04-08 17:00:00,54.6305
2014-04-08 18:00:00,250.5855
2014-04-08 19:00:00,396.3065
2014-04-08 20:00:00,655.5976
2014-04-08 21:00:00,225.5603
2014-04-08 22:00:00,39.2881
2014-04-08 23:00:00,234.0609
2014-04-09 00:00:00,88.4706
2014-04-09 01:00:00,37.7291
2014-04-09 02:00:00,267.9133
2014-04-09 03:00:00,38.7939
2014-04-09 04:00:00,137.0717
2014-04-09 05:00:00,368.641
2014-04-09 06:00:00,38.2771
2014-04-09 07:00:00,243.7389
2014-04-09 08:00:00,65.2363
2014-04-09 09:00:00,97.2796
2014-04-09 10:00:00,215.8786
2014-04-09 11:00:00,38.1993
2014-04-09 12:00:00,197.2833
2014-04-09 13:00:00,127.8346
2014-04-09 14:00:00,38.3903
2014-04-09 15:00:00,268.4115
2014-04-09 16:00:00,393.5485
2014-04-09 17:00:00,604.7555
2014-04-09 18:00:00,779.8057
2014-04-09 19:00:00,544.4281
2014-04-09 20:00:00,651.3097
2014-04-09 21:00:00,484.3678
2014-04-09 22:00:00,37.7395
2014-04-09 23:00:00,254.9364
2014-04-10 00:00:00,45.3344
2014-04-10 01:00:00,95.1975
2014-04-10 02:00:00,216.6567
2014-04-10 03:00:00,38.7223
2014-04-10 04:00:00,197.3717
2014-04-10 05:00:00,167.3156
2014-04-10 06:00:00,52.815
2014-04-10 07:00:00,247.6025
2014-04-10 08:00:00,38.4744
2014-04-10 09:00:00,166.1814
2014-04-10 10:00:00,157.9277
2014-04-10 11:00:00,38.434
2014-04-10 12:00:00,244.6064
2014-04-10 13:00:00,63.0629
2014-04-10 14:00:00,79.4609
2014-04-10 15:00:00,235.0379
2014-04-10 16:00:00,61.7223
2014-04-10 17:00:00,1344.0137
2014-04-10 18:00:00,1852.0251
2014-04-10 19:00:00,215.6762
2014-04-10 20:00:00,234.5375
2014-04-10 21:00:00,269.6304
2014-04-10 22:00:00,37.905
2014-04-10 23:00:00,190.0584
2014-04-11 00:00:00,163.8458
2014-04-11 01:00:00,38.0148
2014-04-11 02:00:00,227.3423
2014-04-11 03:00:00,115.2174
2014-04-11 04:00:00,39.073
2014-04-11 05:00:00,346.8341
2014-04-11 06:00:00,84.4251
2014-04-11 07:00:00,38.7835
2014-04-11 08:00:00,262.0161
2014-04-11 09:00:00,38.6816
2014-04-11 10:00:00,129.5627
2014-04-11 11:00:00,196.1932
2014-04-11 12:00:00,38.8164
2014-04-11 13:00:00,200.1119
2014-04-11 14:00:00,133.4746
2014-04-11 15:00:00,65.1261
2014-04-11 16:00:00,755.4884
2014-04-11 17:00:00,322.1402
2014-04-11 18:00:00,348.8492
2014-04-11 19:00:00,394.2311
2014-04-11 20:00:00,130.7591
2014-04-11 21:00:00,566.7097
2014-04-11 22:00:00,80.3697
2014-04-11 23:00:00,45.5719
2014-04-12 00:00:00,274.4311
2014-04-12 01:00:00,45.5041
2014-04-12 02:00:00,121.5335
2014-04-12 03:00:00,223.2637
2014-04-12 04:00:00,46.3674
2014-04-12 05:00:00,175.5954
2014-04-12 06:00:00,246.0648
2014-04-12 07:00:00,158.5459
2014-04-12 08:00:00,764.1896
2014-04-12 09:00:00,415.1636
2014-04-12 10:00:00,115.8725
2014-04-12 11:00:00,334.228
2014-04-12 12:00:00,61.862
2014-04-12 13:00:00,174.8831
2014-04-12 14:00:00,253.6318
2014-04-12 15:00:00,47.8836
2014-04-12 16:00:00,180.7984
2014-04-12 17:00:00,162.9753
2014-04-12 18:00:00,45.9039
2014-04-12 19:00:00,221.7001
2014-04-12 20:00:00,123.636
2014-04-12 21:00:00,559.3856
2014-04-12 22:00:00,270.3109
2014-04-12 23:00:00,78.8842
2014-04-13 00:00:00,38.4254
2014-04-13 01:00:00,268.4846
2014-04-13 02:00:00,39.4784
2014-04-13 03:00:00,47.6066
2014-04-13 04:00:00,264.9735
2014-04-13 05:00:00,59.2604
2014-04-13 06:00:00,572.4532
2014-04-13 07:00:00,374.1612
2014-04-13 08:00:00,37.5339
2014-04-13 09:00:00,185.8919
2014-04-13 10:00:00,156.2191
2014-04-13 11:00:00,37.7656
2014-04-13 12:00:00,208.0755
2014-04-13 13:00:00,120.7309
2014-04-13 14:00:00,37.6479
2014-04-13 15:00:00,255.0357
2014-04-13 16:00:00,65.5784
2014-04-13 17:00:00,285.6635
2014-04-13 18:00:00,416.9781
2014-04-13 19:00:00,146.4534
2014-04-13 20:00:00,314.8038
2014-04-13 21:00:00,141.3935
2014-04-13 22:00:00,64.9019
2014-04-13 23:00:00,222.8252
2014-04-14 00:00:00,40.1142
2014-04-14 01:00:00,205.1125
2014-04-14 02:00:00,88.7107
2014-04-14 03:00:00,67.6739
2014-04-14 04:00:00,226.1424
2014-04-14 05:00:00,118.3438
2014-04-14 06:00:00,225.3476
2014-04-14 07:00:00,58.7566
2014-04-14 08:00:00,103.3082
2014-04-14 09:00:00,189.7412
2014-04-14 10:00:00,38.9517
2014-04-14 11:00:00,348.2449
2014-04-14 12:00:00,107.5286
2014-04-14 13:00:00,347.8984
2014-04-14 14:00:00,78.0658
2014-04-14 15:00:00,202.261
2014-04-14 16:00:00,511.921
2014-04-14 17:00:00,671.032
2014-04-14 18:00:00,818.6566
2014-04-14 19:00:00,244.4533
2014-04-14 20:00:00,168.6083
2014-04-14 21:00:00,195.3775
2014-04-14 22:00:00,38.7648
2014-04-14 23:00:00,253.5485
2014-04-15 00:00:00,38.699
2014-04-15 01:00:00,108.5628
2014-04-15 02:00:00,199.8452
2014-04-15 03:00:00,39.7369
2014-04-15 04:00:00,189.6995
2014-04-15 05:00:00,199.4698
2014-04-15 06:00:00,39.0436
2014-04-15 07:00:00,254.5375
2014-04-15 08:00:00,67.4369
2014-04-15 09:00:00,38.9273
2014-04-15 10:00:00,343.6071
2014-04-15 11:00:00,61.1957
2014-04-15 12:00:00,40.4096
2014-04-15 13:00:00,267.4515
2014-04-15 14:00:00,40.5609
2014-04-15 15:00:00,47.3245
2014-04-15 16:00:00,276.0512
2014-04-15 17:00:00,862.1471
2014-04-15 18:00:00,2861.6054
2014-04-15 19:00:00,1528.6968
2014-04-15 20:00:00,476.4621
2014-04-15 21:00:00,502.0027
2014-04-15 22:00:00,117.9179
2014-04-15 23:00:00,38.559
2014-04-16 00:00:00,251.5886
2014-04-16 01:00:00,60.4556
2014-04-16 02:00:00,39.5367
2014-04-16 03:00:00,266.5238
2014-04-16 04:00:00,39.0568
2014-04-16 05:00:00,193.5673
2014-04-16 06:00:00,253.8447
2014-04-16 07:00:00,38.6436
2014-04-16 08:00:00,126.5565
2014-04-16 09:00:00,162.1168
2014-04-16 10:00:00,38.7623
2014-04-16 11:00:00,211.6456
2014-04-16 12:00:00,60.2222
2014-04-16 13:00:00,73.5266
2014-04-16 14:00:00,210.274
2014-04-16 15:00:00,38.8555
2014-04-16 16:00:00,207.5757
2014-04-16 17:00:00,403.3598
2014-04-16 18:00:00,279.3314
2014-04-16 19:00:00,664.4572
2014-04-16 20:00:00,533.5158
2014-04-16 21:00:00,479.223
2014-04-16 22:00:00,40.2795
2014-04-16 23:00:00,148.6824
2014-04-17 00:00:00,140.1232
2014-04-17 01:00:00,37.147
2014-04-17 02:00:00,234.223
2014-04-17 03:00:00,38.4202
2014-04-17 04:00:00,153.4251
2014-04-17 05:00:00,181.126
2014-04-17 06:00:00,53.8173
2014-04-17 07:00:00,233.5591
2014-04-17 08:00:00,37.4074
2014-04-17 09:00:00,158.165
2014-04-17 10:00:00,141.1432
2014-04-17 11:00:00,37.455
2014-04-17 12:00:00,294.7631
2014-04-17 13:00:00,37.4356
2014-04-17 14:00:00,119.8632
2014-04-17 15:00:00,177.5253
2014-04-17 16:00:00,37.2454
2014-04-17 17:00:00,213.3624
2014-04-17 18:00:00,59.8208
2014-04-17 19:00:00,61.4257
2014-04-17 20:00:00,206.8832
2014-04-17 21:00:00,74.9814
2014-04-17 22:00:00,195.349
2014-04-17 23:00:00,82.4222
2014-04-18 00:00:00,37.8062
2014-04-18 01:00:00,229.2373
2014-04-18 02:00:00,38.414
2014-04-18 03:00:00,178.5439
2014-04-18 04:00:00,112.4541
2014-04-18 05:00:00,39.0835
2014-04-18 06:00:00,231.4282
2014-04-18 07:00:00,39.6353
2014-04-18 08:00:00,142.654
2014-04-18 09:00:00,146.1058
2014-04-18 10:00:00,36.4655
2014-04-18 11:00:00,230.1738
2014-04-18 12:00:00,36.4471
2014-04-18 13:00:00,89.53
2014-04-18 14:00:00,195.8576
2014-04-18 15:00:00,36.4195
2014-04-18 16:00:00,193.0834
2014-04-18 17:00:00,92.0612
2014-04-18 18:00:00,36.1052
2014-04-18 19:00:00,231.4187
2014-04-18 20:00:00,36.4714
2014-04-18 21:00:00,426.1643
2014-04-18 22:00:00,157.332
2014-04-18 23:00:00,36.8041
2014-04-19 00:00:00,222.9043
2014-04-19 01:00:00,58.4077
2014-04-19 02:00:00,40.9786
2014-04-19 03:00:00,232.5528
2014-04-19 04:00:00,37.5949
2014-04-19 05:00:00,148.5027
2014-04-19 06:00:00,152.5595
2014-04-19 07:00:00,37.5022
2014-04-19 08:00:00,218.8547
2014-04-19 09:00:00,66.3988
2014-04-19 10:00:00,37.5781
2014-04-19 11:00:00,243.0351
2014-04-19 12:00:00,37.4771
2014-04-19 13:00:00,109.5085
2014-04-19 14:00:00,194.5222
2014-04-19 15:00:00,37.6751
2014-04-19 16:00:00,172.7848
2014-04-19 17:00:00,134.9121
2014-04-19 18:00:00,37.3567
2014-04-19 19:00:00,215.9033
2014-04-19 20:00:00,83.3549
2014-04-19 21:00:00,75.279
2014-04-19 22:00:00,246.0935
2014-04-19 23:00:00,37.7396
2014-04-20 00:00:00,40.581
2014-04-20 01:00:00,247.9954
2014-04-20 02:00:00,38.3559
2014-04-20 03:00:00,89.0969
2014-04-20 04:00:00,223.0494
2014-04-20 05:00:00,39.3599
2014-04-20 06:00:00,111.918
2014-04-20 07:00:00,206.8019
2014-04-20 08:00:00,37.9707
2014-04-20 09:00:00,120.0868
2014-04-20 10:00:00,199.2383
2014-04-20 11:00:00,36.5727
2014-04-20 12:00:00,107.4607
2014-04-20 13:00:00,204.4023
2014-04-20 14:00:00,36.5461
2014-04-20 15:00:00,94.8627
2014-04-20 16:00:00,214.2738
2014-04-20 17:00:00,36.2882
2014-04-20 18:00:00,70.8485
2014-04-20 19:00:00,230.4388
2014-04-20 20:00:00,36.4227
2014-04-20 21:00:00,73.0515
2014-04-20 22:00:00,251.475
2014-04-20 23:00:00,36.7826
2014-04-21 00:00:00,36.6079
2014-04-21 01:00:00,252.7426
2014-04-21 02:00:00,37.8499
2014-04-21 03:00:00,37.5498
2014-04-21 04:00:00,251.795
2014-04-21 05:00:00,37.7169
2014-04-21 06:00:00,37.6775
2014-04-21 07:00:00,236.3571
2014-04-21 08:00:00,61.6444
2014-04-21 09:00:00,37.5056
2014-04-21 10:00:00,214.65
2014-04-21 11:00:00,96.5143
2014-04-21 12:00:00,37.5533
2014-04-21 13:00:00,185.0247
2014-04-21 14:00:00,137.72
2014-04-21 15:00:00,37.59
2014-04-21 16:00:00,136.4287
2014-04-21 17:00:00,182.1574
2014-04-21 18:00:00,37.4576
2014-04-21 19:00:00,75.8734
2014-04-21 20:00:00,231.3166
2014-04-21 21:00:00,75.1911
2014-04-21 22:00:00,37.803
2014-04-21 23:00:00,253.6573
2014-04-22 00:00:00,37.923
2014-04-22 01:00:00,37.9067
2014-04-22 02:00:00,232.5128
2014-04-22 03:00:00,79.5514
2014-04-22 04:00:00,38.8425
2014-04-22 05:00:00,180.0322
2014-04-22 06:00:00,140.8136
2014-04-22 07:00:00,39.4483
2014-04-22 08:00:00,121.896
2014-04-22 09:00:00,191.9613
2014-04-22 10:00:00,36.4346
2014-04-22 11:00:00,48.8427
2014-04-22 12:00:00,772.533
2014-04-22 13:00:00,376.9962
2014-04-22 14:00:00,105.7775
2014-04-22 15:00:00,338.041
2014-04-22 16:00:00,125.3114
2014-04-22 17:00:00,635.2272
2014-04-22 18:00:00,666.4712
2014-04-22 19:00:00,509.27
2014-04-22 20:00:00,523.3502
2014-04-22 21:00:00,186.6616
2014-04-22 22:00:00,36.4299
2014-04-22 23:00:00,190.1806
2014-04-23 00:00:00,111.4075
2014-04-23 01:00:00,36.7193
2014-04-23 02:00:00,218.8071
2014-04-23 03:00:00,78.66
2014-04-23 04:00:00,39.0074
2014-04-23 05:00:00,349.2144
2014-04-23 06:00:00,49.3231
2014-04-23 07:00:00,37.3059
2014-04-23 08:00:00,246.0681
2014-04-23 09:00:00,37.4771
2014-04-23 10:00:00,39.3151
2014-04-23 11:00:00,248.4452
2014-04-23 12:00:00,37.4314
2014-04-23 13:00:00,95.501
2014-04-23 14:00:00,211.6084
2014-04-23 15:00:00,38.6869
2014-04-23 16:00:00,211.6167
2014-04-23 17:00:00,95.512
2014-04-23 18:00:00,101.5208
2014-04-23 19:00:00,308.2214
2014-04-23 20:00:00,106.6599
2014-04-23 21:00:00,445.7624
2014-04-23 22:00:00,198.6007
2014-04-23 23:00:00,39.5363
2014-04-24 00:00:00,167.0278
2014-04-24 01:00:00,150.3962
2014-04-24 02:00:00,38.0103
2014-04-24 03:00:00,201.5209
2014-04-24 04:00:00,110.2574
2014-04-24 05:00:00,54.7782
2014-04-24 06:00:00,245.4052
2014-04-24 07:00:00,37.4003
2014-04-24 08:00:00,84.4096
2014-04-24 09:00:00,220.2208
2014-04-24 10:00:00,37.3438
2014-04-24 11:00:00,140.472
2014-04-24 12:00:00,174.9558
2014-04-24 13:00:00,37.0147
2014-04-24 14:00:00,187.2262
2014-04-24 15:00:00,128.0174
2014-04-24 16:00:00,52.6733
2014-04-24 17:00:00,289.104
2014-04-24 18:00:00,2150.6296
2014-04-24 19:00:00,366.7241
2014-04-24 20:00:00,168.6007
2014-04-24 21:00:00,556.988
2014-04-24 22:00:00,364.4618
2014-04-24 23:00:00,304.2774
2014-04-25 00:00:00,37.8697
2014-04-25 01:00:00,79.7457
2014-04-25 02:00:00,287.5841
2014-04-25 03:00:00,106.2883
2014-04-25 04:00:00,39.5815
2014-04-25 05:00:00,144.3947
2014-04-25 06:00:00,335.8375
2014-04-25 07:00:00,164.8391
2014-04-25 08:00:00,53.1565
2014-04-25 09:00:00,216.17
2014-04-25 10:00:00,188.4506
2014-04-25 11:00:00,48.6821
2014-04-25 12:00:00,226.5665
2014-04-25 13:00:00,250.4219
2014-04-25 14:00:00,134.4261
2014-04-25 15:00:00,194.6321
2014-04-25 16:00:00,241.1129
2014-04-25 17:00:00,121.5548
2014-04-25 18:00:00,1669.7251
2014-04-25 19:00:00,569.3695
2014-04-25 20:00:00,139.0335
2014-04-25 21:00:00,574.0701
2014-04-25 22:00:00,263.6575
2014-04-25 23:00:00,40.1716
2014-04-26 00:00:00,167.8868
2014-04-26 01:00:00,179.9188
2014-04-26 02:00:00,41.4487
2014-04-26 03:00:00,192.745
2014-04-26 04:00:00,152.7292
2014-04-26 05:00:00,40.9676
2014-04-26 06:00:00,257.8103
2014-04-26 07:00:00,333.782
2014-04-26 08:00:00,130.0485
2014-04-26 09:00:00,116.2473
2014-04-26 10:00:00,321.2528
2014-04-26 11:00:00,190.4973
2014-04-26 12:00:00,469.7733
2014-04-26 13:00:00,272.251
2014-04-26 14:00:00,143.094
2014-04-26 15:00:00,383.7156
2014-04-26 16:00:00,146.7905
2014-04-26 17:00:00,357.8744
2014-04-26 18:00:00,535.3606
2014-04-26 19:00:00,259.3023
2014-04-26 20:00:00,88.2562
2014-04-26 21:00:00,644.5164
2014-04-26 22:00:00,88.6763
2014-04-26 23:00:00,140.4261
2014-04-27 00:00:00,238.6025
2014-04-27 01:00:00,41.9795
2014-04-27 02:00:00,163.9448
2014-04-27 03:00:00,198.9087
2014-04-27 04:00:00,41.7899
2014-04-27 05:00:00,199.1224
2014-04-27 06:00:00,188.1238
2014-04-27 07:00:00,104.8477
2014-04-27 08:00:00,367.8121
2014-04-27 09:00:00,502.081
2014-04-27 10:00:00,285.1387
2014-04-27 11:00:00,570.8752
2014-04-27 12:00:00,549.9634
2014-04-27 13:00:00,719.2302
2014-04-27 14:00:00,473.5337
2014-04-27 15:00:00,109.6363
2014-04-27 16:00:00,308.5027
2014-04-27 17:00:00,299.1372
2014-04-27 18:00:00,734.8291
2014-04-27 19:00:00,166.0537
2014-04-27 20:00:00,455.0363
2014-04-27 21:00:00,499.9111
2014-04-27 22:00:00,36.9861
2014-04-27 23:00:00,94.8402
2014-04-28 00:00:00,244.4575
2014-04-28 01:00:00,37.0908
2014-04-28 02:00:00,142.2551
2014-04-28 03:00:00,210.7152
2014-04-28 04:00:00,37.8108
2014-04-28 05:00:00,220.0892
2014-04-28 06:00:00,159.065
2014-04-28 07:00:00,37.8239
2014-04-28 08:00:00,221.3864
2014-04-28 09:00:00,127.4951
2014-04-28 10:00:00,37.8361
2014-04-28 11:00:00,303.717
2014-04-28 12:00:00,130.3906
2014-04-28 13:00:00,39.0847
2014-04-28 14:00:00,244.3072
2014-04-28 15:00:00,110.9958
2014-04-28 16:00:00,117.2403
2014-04-28 17:00:00,303.8545
2014-04-28 18:00:00,231.9335
2014-04-28 19:00:00,369.1316
2014-04-28 20:00:00,292.8076
2014-04-28 21:00:00,75.9729
2014-04-28 22:00:00,129.45
2014-04-28 23:00:00,221.551
2014-04-29 00:00:00,38.1603
2014-04-29 01:00:00,132.835
2014-04-29 02:00:00,219.3858
2014-04-29 03:00:00,38.0688
2014-04-29 04:00:00,126.9201
2014-04-29 05:00:00,301.6339
2014-04-29 06:00:00,291.1096
2014-04-29 07:00:00,261.7231
2014-04-29 08:00:00,256.4538
2014-04-29 09:00:00,253.471
2014-04-29 10:00:00,250.8261
2014-04-29 11:00:00,249.7742
2014-04-29 12:00:00,247.9149
2014-04-29 13:00:00,246.6677
2014-04-29 14:00:00,250.5344
2014-04-29 15:00:00,270.7377
2014-04-29 16:00:00,199.6425
2014-04-29 17:00:00,518.6252
2014-04-29 18:00:00,799.7415
2014-04-29 19:00:00,331.1226
2014-04-29 20:00:00,125.7941
2014-04-29 21:00:00,385.534
2014-04-29 22:00:00,44.6893
2014-04-29 23:00:00,130.2999
2014-04-30 00:00:00,213.967
2014-04-30 01:00:00,44.6413
2014-04-30 02:00:00,164.3454
2014-04-30 03:00:00,199.9115
2014-04-30 04:00:00,45.4731
2014-04-30 05:00:00,180.7654
2014-04-30 06:00:00,192.8463
2014-04-30 07:00:00,44.9704
2014-04-30 08:00:00,177.1339
2014-04-30 09:00:00,168.3308
2014-04-30 10:00:00,45.0418
2014-04-30 11:00:00,211.4329
2014-04-30 12:00:00,128.9905
2014-04-30 13:00:00,45.063
2014-04-30 14:00:00,247.0271
2014-04-30 15:00:00,85.0358
2014-04-30 16:00:00,453.5013
2014-04-30 17:00:00,725.6074
2014-04-30 18:00:00,545.3397
2014-04-30 19:00:00,244.5076
2014-04-30 20:00:00,204.5333
2014-04-30 21:00:00,88.7138
2014-04-30 22:00:00,183.9221
2014-04-30 23:00:00,171.1367
2014-05-01 00:00:00,46.4665
2014-05-01 01:00:00,219.2897
2014-05-01 02:00:00,126.5957
2014-05-01 03:00:00,45.8764
2014-05-01 04:00:00,248.1467
2014-05-01 05:00:00,84.7086
2014-05-01 06:00:00,45.7232
2014-05-01 07:00:00,295.6664
2014-05-01 08:00:00,491.9037
2014-05-01 09:00:00,427.1449
2014-05-01 10:00:00,337.9178
2014-05-01 11:00:00,425.2748
2014-05-01 12:00:00,691.1711
2014-05-01 13:00:00,377.4215
2014-05-01 14:00:00,82.35
2014-05-01 15:00:00,44.4482
2014-05-01 16:00:00,162.4785
2014-05-01 17:00:00,422.3311
2014-05-01 18:00:00,363.741
2014-05-01 19:00:00,703.7062
2014-05-01 20:00:00,709.4168
2014-05-01 21:00:00,110.0997
2014-05-01 22:00:00,52.252
2014-05-01 23:00:00,266.3365
2014-05-02 00:00:00,147.3803
2014-05-02 01:00:00,52.4124
2014-05-02 02:00:00,94.3195
2014-05-02 03:00:00,297.7205
2014-05-02 04:00:00,61.4454
2014-05-02 05:00:00,337.1849
2014-05-02 06:00:00,139.7428
2014-05-02 07:00:00,52.6228
2014-05-02 08:00:00,110.9679
2014-05-02 09:00:00,294.9344
2014-05-02 10:00:00,216.1142
2014-05-02 11:00:00,54.5485
2014-05-02 12:00:00,229.3963
2014-05-02 13:00:00,177.2985
2014-05-02 14:00:00,53.3942
2014-05-02 15:00:00,128.9108
2014-05-02 16:00:00,607.7269
2014-05-02 17:00:00,893.0967
2014-05-02 18:00:00,714.4662
2014-05-02 19:00:00,246.9705
2014-05-02 20:00:00,405.6288
2014-05-02 21:00:00,359.5813
2014-05-02 22:00:00,313.655
2014-05-02 23:00:00,97.6048
2014-05-03 00:00:00,112.2967
2014-05-03 01:00:00,204.0045
2014-05-03 02:00:00,47.3081
2014-05-03 03:00:00,235.4944
2014-05-03 04:00:00,61.0503
2014-05-03 05:00:00,117.8464
2014-05-03 06:00:00,183.1047
2014-05-03 07:00:00,256.136
2014-05-03 08:00:00,416.4055
2014-05-03 09:00:00,46.3475
2014-05-03 10:00:00,318.5921
2014-05-03 11:00:00,847.8604
2014-05-03 12:00:00,682.1578
2014-05-03 13:00:00,642.6498
2014-05-03 14:00:00,445.3226
2014-05-03 15:00:00,50.7642
2014-05-03 16:00:00,258.4576
2014-05-03 17:00:00,56.712
2014-05-03 18:00:00,319.3082
2014-05-03 19:00:00,560.029
2014-05-03 20:00:00,528.702
2014-05-03 21:00:00,1444.5268
2014-05-03 22:00:00,226.8798
2014-05-03 23:00:00,48.4611
2014-05-04 00:00:00,224.4594
2014-05-04 01:00:00,36.8053
2014-05-04 02:00:00,189.278
2014-05-04 03:00:00,98.6194
2014-05-04 04:00:00,42.569
2014-05-04 05:00:00,267.0065
2014-05-04 06:00:00,52.9343
2014-05-04 07:00:00,194.6501
2014-05-04 08:00:00,530.5488
2014-05-04 09:00:00,72.7493
2014-05-04 10:00:00,230.8828
2014-05-04 11:00:00,308.858
2014-05-04 12:00:00,579.8508
2014-05-04 13:00:00,412.3295
2014-05-04 14:00:00,261.3152
2014-05-04 15:00:00,301.8679
2014-05-04 16:00:00,469.6066
2014-05-04 17:00:00,1026.9038
2014-05-04 18:00:00,577.2254
2014-05-04 19:00:00,652.391
2014-05-04 20:00:00,533.4169
2014-05-04 21:00:00,338.3394
2014-05-04 22:00:00,86.9166
2014-05-04 23:00:00,199.7923
2014-05-05 00:00:00,64.2021
2014-05-05 01:00:00,209.6892
2014-05-05 02:00:00,39.2908
2014-05-05 03:00:00,225.9777
2014-05-05 04:00:00,37.7405
2014-05-05 05:00:00,273.7124
2014-05-05 06:00:00,37.5534
2014-05-05 07:00:00,219.0444
2014-05-05 08:00:00,36.5865
2014-05-05 09:00:00,209.9349
2014-05-05 10:00:00,45.2147
2014-05-05 11:00:00,299.913
2014-05-05 12:00:00,36.701
2014-05-05 13:00:00,203.2461
2014-05-05 14:00:00,48.2734
2014-05-05 15:00:00,175.5687
2014-05-05 16:00:00,251.475
2014-05-05 17:00:00,769.9565
2014-05-05 18:00:00,683.0814
2014-05-05 19:00:00,561.5731
2014-05-05 20:00:00,651.5307
2014-05-05 21:00:00,664.9332
2014-05-05 22:00:00,190.1015
2014-05-05 23:00:00,48.2625
2014-05-06 00:00:00,214.4591
2014-05-06 01:00:00,45.1312
2014-05-06 02:00:00,216.7503
2014-05-06 03:00:00,45.8046
2014-05-06 04:00:00,216.6421
2014-05-06 05:00:00,102.5519
2014-05-06 06:00:00,219.7345
2014-05-06 07:00:00,45.1955
2014-05-06 08:00:00,211.6385
2014-05-06 09:00:00,45.1562
2014-05-06 10:00:00,207.8249
2014-05-06 11:00:00,131.8292
2014-05-06 12:00:00,334.433
2014-05-06 13:00:00,74.8455
2014-05-06 14:00:00,231.9254
2014-05-06 15:00:00,143.3794
2014-05-06 16:00:00,167.4716
2014-05-06 17:00:00,273.8871
2014-05-06 18:00:00,796.2383
2014-05-06 19:00:00,904.0521
2014-05-06 20:00:00,449.4888
2014-05-06 21:00:00,1288.2418
2014-05-06 22:00:00,562.9901
2014-05-06 23:00:00,261.21
2014-05-07 00:00:00,45.2412
2014-05-07 01:00:00,209.8957
2014-05-07 02:00:00,46.2069
2014-05-07 03:00:00,211.3472
2014-05-07 04:00:00,45.4021
2014-05-07 05:00:00,257.9479
2014-05-07 06:00:00,408.6333
2014-05-07 07:00:00,503.4672
2014-05-07 08:00:00,51.0213
2014-05-07 09:00:00,214.6892
2014-05-07 10:00:00,49.4467
2014-05-07 11:00:00,217.2664
2014-05-07 12:00:00,373.3156
2014-05-07 13:00:00,503.8116
2014-05-07 14:00:00,110.3215
2014-05-07 15:00:00,108.9023
2014-05-07 16:00:00,645.6966
2014-05-07 17:00:00,1080.6583
2014-05-07 18:00:00,821.3127
2014-05-07 19:00:00,493.6014
2014-05-07 20:00:00,549.7231
2014-05-07 21:00:00,187.7705
2014-05-07 22:00:00,206.287
2014-05-07 23:00:00,37.5085
2014-05-08 00:00:00,206.4395
2014-05-08 01:00:00,37.6594
2014-05-08 02:00:00,180.879
2014-05-08 03:00:00,78.0542
2014-05-08 04:00:00,128.4348
2014-05-08 05:00:00,158.1707
2014-05-08 06:00:00,88.3373
2014-05-08 07:00:00,261.3837
2014-05-08 08:00:00,121.3234
2014-05-08 09:00:00,219.1177
2014-05-08 10:00:00,37.4922
2014-05-08 11:00:00,227.9197
2014-05-08 12:00:00,125.7701
2014-05-08 13:00:00,216.4947
2014-05-08 14:00:00,37.5561
2014-05-08 15:00:00,214.1889
2014-05-08 16:00:00,352.4811
2014-05-08 17:00:00,564.3025
2014-05-08 18:00:00,410.4991
2014-05-08 19:00:00,1066.438
2014-05-08 20:00:00,1558.3752
2014-05-08 21:00:00,1482.3926
2014-05-08 22:00:00,343.4596
2014-05-08 23:00:00,277.8462
2014-05-09 00:00:00,176.3806
2014-05-09 01:00:00,72.7822
2014-05-09 02:00:00,197.6782
2014-05-09 03:00:00,45.5138
2014-05-09 04:00:00,217.4451
2014-05-09 05:00:00,45.4614
2014-05-09 06:00:00,236.7518
2014-05-09 07:00:00,60.1049
2014-05-09 08:00:00,213.4554
2014-05-09 09:00:00,45.1836
2014-05-09 10:00:00,259.3663
2014-05-09 11:00:00,264.2785
2014-05-09 12:00:00,358.3049
2014-05-09 13:00:00,141.5845
2014-05-09 14:00:00,190.1531
2014-05-09 15:00:00,114.506
2014-05-09 16:00:00,234.0156
2014-05-09 17:00:00,56.0052
2014-05-09 18:00:00,233.6893
2014-05-09 19:00:00,228.7015
2014-05-09 20:00:00,269.7852
2014-05-09 21:00:00,545.6979
2014-05-09 22:00:00,136.6805
2014-05-09 23:00:00,226.843
2014-05-10 00:00:00,133.4303
2014-05-10 01:00:00,147.057
2014-05-10 02:00:00,138.6948
2014-05-10 03:00:00,127.1659
2014-05-10 04:00:00,158.9505
2014-05-10 05:00:00,584.4735
2014-05-10 06:00:00,1100.0193
2014-05-10 07:00:00,102.4518
2014-05-10 08:00:00,205.0967
2014-05-10 09:00:00,156.3346
2014-05-10 10:00:00,144.5447
2014-05-10 11:00:00,383.4812
2014-05-10 12:00:00,301.3945
2014-05-10 13:00:00,88.1494
2014-05-10 14:00:00,270.2192
2014-05-10 15:00:00,101.9802
2014-05-10 16:00:00,254.4414
2014-05-10 17:00:00,241.0586
2014-05-10 18:00:00,425.0845
2014-05-10 19:00:00,161.3991
2014-05-10 20:00:00,308.1495
2014-05-10 21:00:00,794.4501
2014-05-10 22:00:00,529.9126
2014-05-10 23:00:00,109.1545
2014-05-11 00:00:00,152.2555
2014-05-11 01:00:00,163.8119
2014-05-11 02:00:00,100.5017
2014-05-11 03:00:00,205.9054
2014-05-11 04:00:00,47.2
2014-05-11 05:00:00,206.4616
2014-05-11 06:00:00,56.96
2014-05-11 07:00:00,206.2431
2014-05-11 08:00:00,235.8319
2014-05-11 09:00:00,710.1373
2014-05-11 10:00:00,164.2549
2014-05-11 11:00:00,350.543
2014-05-11 12:00:00,580.5387
2014-05-11 13:00:00,558.4356
2014-05-11 14:00:00,614.6031
2014-05-11 15:00:00,341.0779
2014-05-11 16:00:00,226.9718
2014-05-11 17:00:00,241.1365
2014-05-11 18:00:00,348.0888
2014-05-11 19:00:00,507.0402
2014-05-11 20:00:00,493.3959
2014-05-11 21:00:00,402.3908
2014-05-11 22:00:00,139.0355
2014-05-11 23:00:00,146.4131
2014-05-12 00:00:00,102.2704
2014-05-12 01:00:00,174.2759
2014-05-12 02:00:00,76.205
2014-05-12 03:00:00,191.8748
2014-05-12 04:00:00,77.1039
2014-05-12 05:00:00,274.8497
2014-05-12 06:00:00,42.2208
2014-05-12 07:00:00,193.1549
2014-05-12 08:00:00,40.7863
2014-05-12 09:00:00,202.3786
2014-05-12 10:00:00,39.6645
2014-05-12 11:00:00,282.5947
2014-05-12 12:00:00,77.0981
2014-05-12 13:00:00,233.149
2014-05-12 14:00:00,68.3303
2014-05-12 15:00:00,212.9237
2014-05-12 16:00:00,51.4812
2014-05-12 17:00:00,289.9032
2014-05-12 18:00:00,130.6266
2014-05-12 19:00:00,320.2145
2014-05-12 20:00:00,151.2543
2014-05-12 21:00:00,675.1732
2014-05-12 22:00:00,259.8277
2014-05-12 23:00:00,430.5833
2014-05-13 00:00:00,260.2321
2014-05-13 01:00:00,405.5394
2014-05-13 02:00:00,226.438
2014-05-13 03:00:00,370.2524
2014-05-13 04:00:00,60.7382
2014-05-13 05:00:00,185.5944
2014-05-13 06:00:00,73.2066
2014-05-13 07:00:00,162.0937
2014-05-13 08:00:00,88.2641
2014-05-13 09:00:00,151.3154
2014-05-13 10:00:00,126.437
2014-05-13 11:00:00,214.0513
2014-05-13 12:00:00,123.9822
2014-05-13 13:00:00,129.32
2014-05-13 14:00:00,156.8191
2014-05-13 15:00:00,93.6219
2014-05-13 16:00:00,174.8925
2014-05-13 17:00:00,100.1497
2014-05-13 18:00:00,287.7585
2014-05-13 19:00:00,132.8333
2014-05-13 20:00:00,240.1415
2014-05-13 21:00:00,114.2096
2014-05-13 22:00:00,202.4471
2014-05-13 23:00:00,71.5258
2014-05-14 00:00:00,184.971
2014-05-14 01:00:00,94.9995
2014-05-14 02:00:00,166.0978
2014-05-14 03:00:00,105.637
2014-05-14 04:00:00,141.7601
2014-05-14 05:00:00,111.8141
2014-05-14 06:00:00,129.1112
2014-05-14 07:00:00,113.4201
2014-05-14 08:00:00,129.2818
2014-05-14 09:00:00,116.7058
2014-05-14 10:00:00,130.8264
2014-05-14 11:00:00,120.182
2014-05-14 12:00:00,210.5289
2014-05-14 13:00:00,176.1798
2014-05-14 14:00:00,97.1533
2014-05-14 15:00:00,180.0821
2014-05-14 16:00:00,208.2407
2014-05-14 17:00:00,213.4713
2014-05-14 18:00:00,179.6379
2014-05-14 19:00:00,315.1179
2014-05-14 20:00:00,252.6951
2014-05-14 21:00:00,532.7565
2014-05-14 22:00:00,129.9973
2014-05-14 23:00:00,210.9922
2014-05-15 00:00:00,151.7172
2014-05-15 01:00:00,151.1205
2014-05-15 02:00:00,214.5171
2014-05-15 03:00:00,79.1601
2014-05-15 04:00:00,188.2365
2014-05-15 05:00:00,104.5876
2014-05-15 06:00:00,139.8098
2014-05-15 07:00:00,173.4804
2014-05-15 08:00:00,39.6752
2014-05-15 09:00:00,176.607
2014-05-15 10:00:00,38.1044
2014-05-15 11:00:00,248.7906
2014-05-15 12:00:00,209.5428
2014-05-15 13:00:00,120.0528
2014-05-15 14:00:00,200.9999
2014-05-15 15:00:00,38.7897
2014-05-15 16:00:00,182.6125
2014-05-15 17:00:00,178.8163
2014-05-15 18:00:00,217.9933
2014-05-15 19:00:00,293.579
2014-05-15 20:00:00,115.0878
2014-05-15 21:00:00,336.0803
2014-05-15 22:00:00,73.0399
2014-05-15 23:00:00,187.4213
2014-05-16 00:00:00,122.1807
2014-05-16 01:00:00,135.3308
2014-05-16 02:00:00,162.0441
2014-05-16 03:00:00,90.3824
2014-05-16 04:00:00,193.0061
2014-05-16 05:00:00,54.308
2014-05-16 06:00:00,234.1395
2014-05-16 07:00:00,131.0079
2014-05-16 08:00:00,185.0987
2014-05-16 09:00:00,38.8711
2014-05-16 10:00:00,184.9923
2014-05-16 11:00:00,220.1919
2014-05-16 12:00:00,98.8323
2014-05-16 13:00:00,195.1461
2014-05-16 14:00:00,579.439
2014-05-16 15:00:00,437.6079
2014-05-16 16:00:00,180.417
2014-05-16 17:00:00,185.3547
2014-05-16 18:00:00,240.4554
2014-05-16 19:00:00,310.8091
2014-05-16 20:00:00,282.7152
2014-05-16 21:00:00,507.9611
2014-05-16 22:00:00,102.1787
2014-05-16 23:00:00,198.1591
2014-05-17 00:00:00,88.4192
2014-05-17 01:00:00,153.7614
2014-05-17 02:00:00,129.342
2014-05-17 03:00:00,122.9255
2014-05-17 04:00:00,150.7807
2014-05-17 05:00:00,438.6377
2014-05-17 06:00:00,434.181
2014-05-17 07:00:00,70.1926
2014-05-17 08:00:00,179.4102
2014-05-17 09:00:00,71.2239
2014-05-17 10:00:00,314.5845
2014-05-17 11:00:00,105.0481
2014-05-17 12:00:00,222.8155
2014-05-17 13:00:00,128.0751
2014-05-17 14:00:00,149.1434
2014-05-17 15:00:00,172.1759
2014-05-17 16:00:00,77.5882
2014-05-17 17:00:00,428.7881
2014-05-17 18:00:00,297.1043
2014-05-17 19:00:00,408.2766
2014-05-17 20:00:00,572.2686
2014-05-17 21:00:00,326.4891
2014-05-17 22:00:00,195.5421
2014-05-17 23:00:00,91.1628
2014-05-18 00:00:00,155.5458
2014-05-18 01:00:00,129.3919
2014-05-18 02:00:00,120.009
2014-05-18 03:00:00,153.4377
2014-05-18 04:00:00,96.0848
2014-05-18 05:00:00,173.4578
2014-05-18 06:00:00,73.5303
2014-05-18 07:00:00,192.5743
2014-05-18 08:00:00,196.6827
2014-05-18 09:00:00,287.8879
2014-05-18 10:00:00,143.464
2014-05-18 11:00:00,324.4535
2014-05-18 12:00:00,150.9042
2014-05-18 13:00:00,210.0488
2014-05-18 14:00:00,128.8684
2014-05-18 15:00:00,479.1703
2014-05-18 16:00:00,407.6032
2014-05-18 17:00:00,396.0432
2014-05-18 18:00:00,305.6536
2014-05-18 19:00:00,304.5343
2014-05-18 20:00:00,737.3956
2014-05-18 21:00:00,412.5132
2014-05-18 22:00:00,149.8011
2014-05-18 23:00:00,100.6504
2014-05-19 00:00:00,157.2342
2014-05-19 01:00:00,61.1555
2014-05-19 02:00:00,177.4979
2014-05-19 03:00:00,38.4677
2014-05-19 04:00:00,178.77
2014-05-19 05:00:00,54.5297
2014-05-19 06:00:00,201.3666
2014-05-19 07:00:00,116.6243
2014-05-19 08:00:00,636.9236
2014-05-19 09:00:00,295.7982
2014-05-19 10:00:00,130.9686
2014-05-19 11:00:00,136.261
2014-05-19 12:00:00,181.9789
2014-05-19 13:00:00,101.9134
2014-05-19 14:00:00,143.238
2014-05-19 15:00:00,479.1703
2014-05-19 16:00:00,407.6032
2014-05-19 17:00:00,396.0432
2014-05-19 18:00:00,305.6536
2014-05-19 19:00:00,304.5343
2014-05-19 20:00:00,737.3956
2014-05-19 21:00:00,412.5132
2014-05-19 22:00:00,149.8011
2014-05-19 23:00:00,100.6504
2014-05-20 00:00:00,157.2342
2014-05-20 01:00:00,61.1555
2014-05-20 02:00:00,177.4979
2014-05-20 03:00:00,38.4677
2014-05-20 04:00:00,178.77
2014-05-20 05:00:00,54.5297
2014-05-20 06:00:00,201.3666
2014-05-20 07:00:00,116.6243
2014-05-20 08:00:00,636.9236
2014-05-20 09:00:00,295.7982
2014-05-20 10:00:00,130.9686
2014-05-20 11:00:00,136.261
2014-05-20 12:00:00,181.9789
2014-05-20 13:00:00,101.9134
2014-05-20 14:00:00,143.238
2014-05-20 15:00:00,479.1703
2014-05-20 16:00:00,407.6032
2014-05-20 17:00:00,396.0432
2014-05-20 18:00:00,305.6536
2014-05-20 19:00:00,304.5343
2014-05-20 20:00:00,737.3956
2014-05-20 21:00:00,412.5132
2014-05-20 22:00:00,149.8011
2014-05-20 23:00:00,100.6504
2014-05-21 00:00:00,157.2342
2014-05-21 01:00:00,61.1555
2014-05-21 02:00:00,177.4979
2014-05-21 03:00:00,38.4677
2014-05-21 04:00:00,178.77
2014-05-21 05:00:00,54.5297
2014-05-21 06:00:00,201.3666
2014-05-21 07:00:00,116.6243
2014-05-21 08:00:00,636.9236
2014-05-21 09:00:00,295.7982
2014-05-21 10:00:00,130.9686
2014-05-21 11:00:00,136.261
2014-05-21 12:00:00,181.9789
2014-05-21 13:00:00,101.9134
2014-05-21 14:00:00,143.238
2014-05-21 15:00:00,479.1703
2014-05-21 16:00:00,407.6032
2014-05-21 17:00:00,396.0432
2014-05-21 18:00:00,305.6536
2014-05-21 19:00:00,304.5343
2014-05-21 20:00:00,737.3956
2014-05-21 21:00:00,412.5132
2014-05-21 22:00:00,149.8011
2014-05-21 23:00:00,100.6504
2014-05-22 00:00:00,157.2342
2014-05-22 01:00:00,61.1555
2014-05-22 02:00:00,177.4979
2014-05-22 03:00:00,38.4677
2014-05-22 04:00:00,178.77
2014-05-22 05:00:00,54.5297
2014-05-22 06:00:00,201.3666
2014-05-22 07:00:00,116.6243
2014-05-22 08:00:00,636.9236
2014-05-22 09:00:00,295.7982
2014-05-22 10:00:00,130.9686
2014-05-22 11:00:00,136.261
2014-05-22 12:00:00,181.9789
2014-05-22 13:00:00,101.9134
2014-05-22 14:00:00,143.238
2014-05-22 15:00:00,479.1703
2014-05-22 16:00:00,407.6032
2014-05-22 17:00:00,396.0432
2014-05-22 18:00:00,305.6536
2014-05-22 19:00:00,304.5343
2014-05-22 20:00:00,737.3956
2014-05-22 21:00:00,412.5132
2014-05-22 22:00:00,149.8011
2014-05-22 23:00:00,100.6504
2014-05-23 00:00:00,157.2342
2014-05-23 01:00:00,61.1555
2014-05-23 02:00:00,177.4979
2014-05-23 03:00:00,38.4677
2014-05-23 04:00:00,178.77
2014-05-23 05:00:00,54.5297
2014-05-23 06:00:00,201.3666
2014-05-23 07:00:00,116.6243
2014-05-23 08:00:00,636.9236
2014-05-23 09:00:00,295.7982
2014-05-23 10:00:00,130.9686
2014-05-23 11:00:00,136.261
2014-05-23 12:00:00,181.9789
2014-05-23 13:00:00,101.9134
2014-05-23 14:00:00,143.238
2014-05-23 15:00:00,479.1703
2014-05-23 16:00:00,407.6032
2014-05-23 17:00:00,396.0432
2014-05-23 18:00:00,305.6536
2014-05-23 19:00:00,304.5343
2014-05-23 20:00:00,737.3956
2014-05-23 21:00:00,412.5132
2014-05-23 22:00:00,149.8011
2014-05-23 23:00:00,100.6504
2014-05-24 00:00:00,157.2342
2014-05-24 01:00:00,61.1555
2014-05-24 02:00:00,177.4979
2014-05-24 03:00:00,38.4677
2014-05-24 04:00:00,178.77
2014-05-24 05:00:00,54.5297
2014-05-24 06:00:00,201.3666
2014-05-24 07:00:00,116.6243
2014-05-24 08:00:00,636.9236
2014-05-24 09:00:00,295.7982
2014-05-24 10:00:00,130.9686
2014-05-24 11:00:00,136.261
2014-05-24 12:00:00,181.9789
2014-05-24 13:00:00,101.9134
2014-05-24 14:00:00,143.238
2014-05-24 15:00:00,479.1703
2014-05-24 16:00:00,407.6032
2014-05-24 17:00:00,396.0432
2014-05-24 18:00:00,305.6536
2014-05-24 19:00:00,304.5343
2014-05-24 20:00:00,737.3956
2014-05-24 21:00:00,412.5132
2014-05-24 22:00:00,149.8011
2014-05-24 23:00:00,100.6504
2014-05-25 00:00:00,157.2342
2014-05-25 01:00:00,61.1555
2014-05-25 02:00:00,177.4979
2014-05-25 03:00:00,38.4677
2014-05-25 04:00:00,178.77
2014-05-25 05:00:00,54.5297
2014-05-25 06:00:00,201.3666
2014-05-25 07:00:00,116.6243
2014-05-25 08:00:00,636.9236
2014-05-25 09:00:00,295.7982
2014-05-25 10:00:00,130.9686
2014-05-25 11:00:00,136.261
2014-05-25 12:00:00,181.9789
2014-05-25 13:00:00,101.9134
2014-05-25 14:00:00,143.238
2014-05-25 15:00:00,479.1703
2014-05-25 16:00:00,407.6032
2014-05-25 17:00:00,396.0432
2014-05-25 18:00:00,305.6536
2014-05-25 19:00:00,304.5343
2014-05-25 20:00:00,737.3956
2014-05-25 21:00:00,412.5132
2014-05-25 22:00:00,149.8011
2014-05-25 23:00:00,100.6504
2014-05-26 00:00:00,157.2342
2014-05-26 01:00:00,61.1555
2014-05-26 02:00:00,177.4979
2014-05-26 03:00:00,38.4677
2014-05-26 04:00:00,178.77
2014-05-26 05:00:00,54.5297
2014-05-26 06:00:00,201.3666
2014-05-26 07:00:00,116.6243
2014-05-26 08:00:00,636.9236
2014-05-26 09:00:00,295.7982
2014-05-26 10:00:00,130.9686
2014-05-26 11:00:00,136.261
2014-05-26 12:00:00,181.9789
2014-05-26 13:00:00,101.9134
2014-05-26 14:00:00,143.238
2014-05-26 15:00:00,479.1703
2014-05-26 16:00:00,407.6032
2014-05-26 17:00:00,396.0432
2014-05-26 18:00:00,305.6536
2014-05-26 19:00:00,304.5343
2014-05-26 20:00:00,737.3956
2014-05-26 21:00:00,412.5132
2014-05-26 22:00:00,149.8011
2014-05-26 23:00:00,100.6504
2014-05-27 00:00:00,157.2342
2014-05-27 01:00:00,61.1555
2014-05-27 02:00:00,177.4979
2014-05-27 03:00:00,38.4677
2014-05-27 04:00:00,178.77
2014-05-27 05:00:00,54.5297
2014-05-27 06:00:00,201.3666
2014-05-27 07:00:00,116.6243
2014-05-27 08:00:00,636.9236
2014-05-27 09:00:00,295.7982
2014-05-27 10:00:00,130.9686
2014-05-27 11:00:00,136.261
2014-05-27 12:00:00,181.9789
2014-05-27 13:00:00,101.9134
2014-05-27 14:00:00,143.238
2014-05-27 15:00:00,479.1703
2014-05-27 16:00:00,407.6032
2014-05-27 17:00:00,396.0432
2014-05-27 18:00:00,305.6536
2014-05-27 19:00:00,304.5343
2014-05-27 20:00:00,737.3956
2014-05-27 21:00:00,412.5132
2014-05-27 22:00:00,149.8011
2014-05-27 23:00:00,100.6504
2014-05-28 00:00:00,157.2342
2014-05-28 01:00:00,61.1555
2014-05-28 02:00:00,177.4979
2014-05-28 03:00:00,38.4677
2014-05-28 04:00:00,178.77
2014-05-28 05:00:00,54.5297
2014-05-28 06:00:00,201.3666
2014-05-28 07:00:00,116.6243
2014-05-28 08:00:00,636.9236
2014-05-28 09:00:00,295.7982
2014-05-28 10:00:00,130.9686
2014-05-28 11:00:00,136.261
2014-05-28 12:00:00,181.9789
2014-05-28 13:00:00,101.9134
2014-05-28 14:00:00,143.238
2014-05-28 15:00:00,479.1703
2014-05-28 16:00:00,407.6032
2014-05-28 17:00:00,396.0432
2014-05-28 18:00:00,305.6536
2014-05-28 19:00:00,304.5343
2014-05-28 20:00:00,737.3956
2014-05-28 21:00:00,412.5132
2014-05-28 22:00:00,149.8011
2014-05-28 23:00:00,100.6504
2014-05-29 00:00:00,157.2342
2014-05-29 01:00:00,61.1555
2014-05-29 02:00:00,177.4979
2014-05-29 03:00:00,38.4677
2014-05-29 04:00:00,178.77
2014-05-29 05:00:00,54.5297
2014-05-29 06:00:00,201.3666
2014-05-29 07:00:00,116.6243
2014-05-29 08:00:00,636.9236
2014-05-29 09:00:00,295.7982
2014-05-29 10:00:00,130.9686
2014-05-29 11:00:00,136.261
2014-05-29 12:00:00,181.9789
2014-05-29 13:00:00,101.9134
2014-05-29 14:00:00,143.238
2014-05-29 15:00:00,479.1703
2014-05-29 16:00:00,407.6032
2014-05-29 17:00:00,396.0432
2014-05-29 18:00:00,305.6536
2014-05-29 19:00:00,304.5343
2014-05-29 20:00:00,663.3133
2014-05-29 21:00:00,173.0275
2014-05-29 22:00:00,235.8508
2014-05-29 23:00:00,71.8197
2014-05-30 00:00:00,162.4873
2014-05-30 01:00:00,162.8393
2014-05-30 02:00:00,65.1601
2014-05-30 03:00:00,242.8512
2014-05-30 04:00:00,47.9409
2014-05-30 05:00:00,291.3578
2014-05-30 06:00:00,76.9322
2014-05-30 07:00:00,144.7397
2014-05-30 08:00:00,172.4505
2014-05-30 09:00:00,53.8515
2014-05-30 10:00:00,297.0449
2014-05-30 11:00:00,247.2374
2014-05-30 12:00:00,181.5224
2014-05-30 13:00:00,224.4345
2014-05-30 14:00:00,114.7314
2014-05-30 15:00:00,230.8658
2014-05-30 16:00:00,134.0258
2014-05-30 17:00:00,747.5956
2014-05-30 18:00:00,374.5975
2014-05-30 19:00:00,606.4793
2014-05-30 20:00:00,570.0672
2014-05-30 21:00:00,588.079
2014-05-30 22:00:00,163.4137
2014-05-30 23:00:00,103.4831
2014-05-31 00:00:00,191.5649
2014-05-31 01:00:00,60.8569
2014-05-31 02:00:00,221.7869
2014-05-31 03:00:00,46.7342
2014-05-31 04:00:00,243.1947
2014-05-31 05:00:00,101.3596
2014-05-31 06:00:00,220.6613
2014-05-31 07:00:00,61.2068
2014-05-31 08:00:00,246.8101
2014-05-31 09:00:00,45.1419
2014-05-31 10:00:00,204.7327
2014-05-31 11:00:00,109.7572
2014-05-31 12:00:00,263.738
2014-05-31 13:00:00,173.3235
2014-05-31 14:00:00,167.4899
2014-05-31 15:00:00,233.0721
2014-05-31 16:00:00,85.1574
2014-05-31 17:00:00,280.955
2014-05-31 18:00:00,148.1647
2014-05-31 19:00:00,389.3394
2014-05-31 20:00:00,155.7208
2014-05-31 21:00:00,552.0861
2014-05-31 22:00:00,188.7772
2014-05-31 23:00:00,187.706
2014-06-01 00:00:00,195.5383
2014-06-01 01:00:00,85.4129
2014-06-01 02:00:00,243.4027
2014-06-01 03:00:00,58.0346
2014-06-01 04:00:00,264.135
2014-06-01 05:00:00,54.6873
2014-06-01 06:00:00,572.4504
2014-06-01 07:00:00,608.5578
2014-06-01 08:00:00,550.9294
2014-06-01 09:00:00,98.2774
2014-06-01 10:00:00,194.8506
2014-06-01 11:00:00,232.9366
2014-06-01 12:00:00,193.7246
2014-06-01 13:00:00,165.076
2014-06-01 14:00:00,241.8511
2014-06-01 15:00:00,79.243
2014-06-01 16:00:00,677.8397
2014-06-01 17:00:00,497.9733
2014-06-01 18:00:00,263.6395
2014-06-01 19:00:00,369.0517
2014-06-01 20:00:00,673.6275
2014-06-01 21:00:00,316.2825
2014-06-01 22:00:00,215.6842
2014-06-01 23:00:00,71.2417
2014-06-02 00:00:00,194.2054
2014-06-02 01:00:00,91.4762
2014-06-02 02:00:00,179.5861
2014-06-02 03:00:00,103.8138
2014-06-02 04:00:00,171.778
2014-06-02 05:00:00,112.0221
2014-06-02 06:00:00,716.8927
2014-06-02 07:00:00,367.5566
2014-06-02 08:00:00,155.6568
2014-06-02 09:00:00,144.9371
2014-06-02 10:00:00,199.1898
2014-06-02 11:00:00,925.7674
2014-06-02 12:00:00,523.148
2014-06-02 13:00:00,670.6714
2014-06-02 14:00:00,131.6281
2014-06-02 15:00:00,217.5603
2014-06-02 16:00:00,83.9276
2014-06-02 17:00:00,212.1935
2014-06-02 18:00:00,701.0966
2014-06-02 19:00:00,504.5315
2014-06-02 20:00:00,586.2004
2014-06-02 21:00:00,382.6421
2014-06-02 22:00:00,261.8873
2014-06-02 23:00:00,46.6572
2014-06-03 00:00:00,232.0866
2014-06-03 01:00:00,55.1274
2014-06-03 02:00:00,244.9067
2014-06-03 03:00:00,54.1363
2014-06-03 04:00:00,252.5327
2014-06-03 05:00:00,109.137
2014-06-03 06:00:00,175.6573
2014-06-03 07:00:00,101.8207
2014-06-03 08:00:00,204.8595
2014-06-03 09:00:00,73.8006
2014-06-03 10:00:00,220.3252
2014-06-03 11:00:00,179.0352
2014-06-03 12:00:00,208.064
2014-06-03 13:00:00,95.7238
2014-06-03 14:00:00,223.1627
2014-06-03 15:00:00,46.7735
2014-06-03 16:00:00,260.5237
2014-06-03 17:00:00,488.6847
2014-06-03 18:00:00,471.5421
2014-06-03 19:00:00,535.8756
2014-06-03 20:00:00,757.5493
2014-06-03 21:00:00,248.2407
2014-06-03 22:00:00,213.1848
2014-06-03 23:00:00,88.8409
2014-06-04 00:00:00,195.137
2014-06-04 01:00:00,111.0284
2014-06-04 02:00:00,173.0283
2014-06-04 03:00:00,145.7716
2014-06-04 04:00:00,134.7562
2014-06-04 05:00:00,294.8627
2014-06-04 06:00:00,60.757
2014-06-04 07:00:00,180.1829
2014-06-04 08:00:00,125.82
2014-06-04 09:00:00,144.7279
2014-06-04 10:00:00,169.9231
2014-06-04 11:00:00,194.871
2014-06-04 12:00:00,251.3443
2014-06-04 13:00:00,520.3104
2014-06-04 14:00:00,646.6211
2014-06-04 15:00:00,85.6472
2014-06-04 16:00:00,455.9343
2014-06-04 17:00:00,65.5893
2014-06-04 18:00:00,380.3693
2014-06-04 19:00:00,489.7901
2014-06-04 20:00:00,578.2407
2014-06-04 21:00:00,323.9885
2014-06-04 22:00:00,151.4063
2014-06-04 23:00:00,160.2416
2014-06-05 00:00:00,111.6859
2014-06-05 01:00:00,188.5142
2014-06-05 02:00:00,64.9005
2014-06-05 03:00:00,225.061
2014-06-05 04:00:00,38.9074
2014-06-05 05:00:00,287.1235
2014-06-05 06:00:00,56.5791
2014-06-05 07:00:00,779.084
2014-06-05 08:00:00,61.5477
2014-06-05 09:00:00,218.5557
2014-06-05 10:00:00,37.9733
2014-06-05 11:00:00,286.4253
2014-06-05 12:00:00,209.4742
2014-06-05 13:00:00,147.5202
2014-06-05 14:00:00,485.2212
2014-06-05 15:00:00,169.8577
2014-06-05 16:00:00,124.7239
2014-06-05 17:00:00,237.8261
2014-06-05 18:00:00,508.6045
2014-06-05 19:00:00,223.2804
2014-06-05 20:00:00,339.1079
2014-06-05 21:00:00,679.4702
2014-06-05 22:00:00,180.011
2014-06-05 23:00:00,169.4669
2014-06-06 00:00:00,164.4424
2014-06-06 01:00:00,138.8226
2014-06-06 02:00:00,184.182
2014-06-06 03:00:00,122.2302
2014-06-06 04:00:00,198.9688
2014-06-06 05:00:00,286.3031
2014-06-06 06:00:00,281.2051
2014-06-06 07:00:00,76.9229
2014-06-06 08:00:00,251.1967
2014-06-06 09:00:00,95.6164
2014-06-06 10:00:00,178.8763
2014-06-06 11:00:00,261.1718
2014-06-06 12:00:00,284.8302
2014-06-06 13:00:00,105.2134
2014-06-06 14:00:00,326.6166
2014-06-06 15:00:00,104.204
2014-06-06 16:00:00,328.3023
2014-06-06 17:00:00,777.4414
2014-06-06 18:00:00,770.5908
2014-06-06 19:00:00,668.7329
2014-06-06 20:00:00,837.2362
2014-06-06 21:00:00,1149.0456
2014-06-06 22:00:00,393.8171
2014-06-06 23:00:00,137.8592
2014-06-07 00:00:00,224.3913
2014-06-07 01:00:00,96.3604
2014-06-07 02:00:00,251.6121
2014-06-07 03:00:00,54.3548
2014-06-07 04:00:00,253.0854
2014-06-07 05:00:00,113.8225
2014-06-07 06:00:00,209.506
2014-06-07 07:00:00,259.6188
2014-06-07 08:00:00,452.3104
2014-06-07 09:00:00,570.651
2014-06-07 10:00:00,165.0745
2014-06-07 11:00:00,220.9435
2014-06-07 12:00:00,314.291
2014-06-07 13:00:00,142.8186
2014-06-07 14:00:00,210.927
2014-06-07 15:00:00,344.7829
2014-06-07 16:00:00,444.1802
2014-06-07 17:00:00,273.7754
2014-06-07 18:00:00,161.085
2014-06-07 19:00:00,540.2619
2014-06-07 20:00:00,449.3882
2014-06-07 21:00:00,889.2678
2014-06-07 22:00:00,86.6597
2014-06-07 23:00:00,249.3851
2014-06-08 00:00:00,45.9201
2014-06-08 01:00:00,251.479
2014-06-08 02:00:00,46.7179
2014-06-08 03:00:00,254.8263
2014-06-08 04:00:00,58.1943
2014-06-08 05:00:00,247.6528
2014-06-08 06:00:00,112.2777
2014-06-08 07:00:00,300.2435
2014-06-08 08:00:00,244.9762
2014-06-08 09:00:00,56.4932
2014-06-08 10:00:00,310.2564
2014-06-08 11:00:00,354.0231
2014-06-08 12:00:00,243.9301
2014-06-08 13:00:00,119.6532
2014-06-08 14:00:00,305.7656
2014-06-08 15:00:00,309.7368
2014-06-08 16:00:00,254.9108
2014-06-08 17:00:00,605.2127
2014-06-08 18:00:00,941.7824
2014-06-08 19:00:00,845.1692
2014-06-08 20:00:00,640.5878
2014-06-08 21:00:00,670.5006
2014-06-08 22:00:00,163.8059
2014-06-08 23:00:00,163.4932
2014-06-09 00:00:00,139.6721
2014-06-09 01:00:00,210.6319
2014-06-09 02:00:00,78.2823
2014-06-09 03:00:00,225.1752
2014-06-09 04:00:00,46.0909
2014-06-09 05:00:00,241.1276
2014-06-09 06:00:00,283.4307
2014-06-09 07:00:00,278.3802
2014-06-09 08:00:00,190.464
2014-06-09 09:00:00,154.5554
2014-06-09 10:00:00,300.8933
2014-06-09 11:00:00,306.9025
2014-06-09 12:00:00,346.2158
2014-06-09 13:00:00,72.7444
2014-06-09 14:00:00,314.3988
2014-06-09 15:00:00,269.6334
2014-06-09 16:00:00,125.8324
2014-06-09 17:00:00,296.5844
2014-06-09 18:00:00,214.5079
2014-06-09 19:00:00,316.6618
2014-06-09 20:00:00,289.6565
2014-06-09 21:00:00,291.4209
2014-06-09 22:00:00,159.3477
2014-06-09 23:00:00,166.1661
2014-06-10 00:00:00,203.8272
2014-06-10 01:00:00,120.5719
2014-06-10 02:00:00,247.807
2014-06-10 03:00:00,68.8144
2014-06-10 04:00:00,293.5904
2014-06-10 05:00:00,297.5779
2014-06-10 06:00:00,198.8857
2014-06-10 07:00:00,316.947
2014-06-10 08:00:00,257.7955
2014-06-10 09:00:00,91.2296
2014-06-10 10:00:00,295.5749
2014-06-10 11:00:00,301.7372
2014-06-10 12:00:00,318.2742
2014-06-10 13:00:00,292.4405
2014-06-10 14:00:00,281.9495
2014-06-10 15:00:00,286.9147
2014-06-10 16:00:00,285.0048
2014-06-10 17:00:00,287.1964
2014-06-10 18:00:00,315.541
2014-06-10 19:00:00,347.8022
2014-06-10 20:00:00,605.6959
2014-06-10 21:00:00,513.3174
2014-06-10 22:00:00,49.2744
2014-06-10 23:00:00,242.4349
2014-06-11 00:00:00,72.3852
2014-06-11 01:00:00,221.7177
2014-06-11 02:00:00,103.5742
2014-06-11 03:00:00,181.1774
2014-06-11 04:00:00,204.6338
2014-06-11 05:00:00,242.2156
2014-06-11 06:00:00,254.3412
2014-06-11 07:00:00,1001.7981
2014-06-11 08:00:00,1423.9722
2014-06-11 09:00:00,1084.2514
2014-06-11 10:00:00,288.9976
2014-06-11 11:00:00,507.2078
2014-06-11 12:00:00,1129.7426
2014-06-11 13:00:00,1148.6078
2014-06-11 14:00:00,375.0564
2014-06-11 15:00:00,311.5281
2014-06-11 16:00:00,338.5247
2014-06-11 17:00:00,382.9552
2014-06-11 18:00:00,319.2183
2014-06-11 19:00:00,406.2446
2014-06-11 20:00:00,582.9884
2014-06-11 21:00:00,179.9706
2014-06-11 22:00:00,276.4836
2014-06-11 23:00:00,118.7448
2014-06-12 00:00:00,255.5696
2014-06-12 01:00:00,120.795
2014-06-12 02:00:00,252.1736
2014-06-12 03:00:00,114.6692
2014-06-12 04:00:00,243.3208
2014-06-12 05:00:00,122.3001
2014-06-12 06:00:00,682.1738
2014-06-12 07:00:00,122.973
2014-06-12 08:00:00,284.9754
2014-06-12 09:00:00,113.7492
2014-06-12 10:00:00,298.1394
2014-06-12 11:00:00,170.7139
2014-06-12 12:00:00,565.3504
2014-06-12 13:00:00,1253.0086
2014-06-12 14:00:00,851.3084
2014-06-12 15:00:00,1144.0131
2014-06-12 16:00:00,321.143
2014-06-12 17:00:00,521.8401
2014-06-12 18:00:00,427.0712
2014-06-12 19:00:00,627.653
2014-06-12 20:00:00,615.7424
2014-06-12 21:00:00,730.6136
2014-06-12 22:00:00,134.5027
2014-06-12 23:00:00,132.5468
2014-06-13 00:00:00,255.5696
2014-06-13 01:00:00,120.795
2014-06-13 02:00:00,252.1736
2014-06-13 03:00:00,114.6692
2014-06-13 04:00:00,243.3208
2014-06-13 05:00:00,122.3001
2014-06-13 06:00:00,682.1738
2014-06-13 07:00:00,122.973
2014-06-13 08:00:00,284.9754
2014-06-13 09:00:00,113.7492
2014-06-13 10:00:00,298.1394
2014-06-13 11:00:00,170.7139
2014-06-13 12:00:00,565.3504
2014-06-13 13:00:00,1253.0086
2014-06-13 14:00:00,851.3084
2014-06-13 15:00:00,1144.0131
2014-06-13 16:00:00,321.143
2014-06-13 17:00:00,521.8401
2014-06-13 18:00:00,427.0712
2014-06-13 19:00:00,627.653
2014-06-13 20:00:00,615.7424
2014-06-13 21:00:00,730.6136
2014-06-13 22:00:00,134.5027
2014-06-13 23:00:00,132.5468
2014-06-14 00:00:00,255.5696
2014-06-14 01:00:00,120.795
2014-06-14 02:00:00,252.1736
2014-06-14 03:00:00,114.6692
2014-06-14 04:00:00,243.3208
2014-06-14 05:00:00,122.3001
2014-06-14 06:00:00,682.1738
2014-06-14 07:00:00,122.973
2014-06-14 08:00:00,284.9754
2014-06-14 09:00:00,113.7492
2014-06-14 10:00:00,298.1394
2014-06-14 11:00:00,170.7139
2014-06-14 12:00:00,565.3504
2014-06-14 13:00:00,1253.0086
2014-06-14 14:00:00,851.3084
2014-06-14 15:00:00,1144.0131
2014-06-14 16:00:00,321.143
2014-06-14 17:00:00,521.8401
2014-06-14 18:00:00,427.0712
2014-06-14 19:00:00,627.653
2014-06-14 20:00:00,615.7424
2014-06-14 21:00:00,730.6136
2014-06-14 22:00:00,134.5027
2014-06-14 23:00:00,132.5468
2014-06-15 00:00:00,255.5696
2014-06-15 01:00:00,120.795
2014-06-15 02:00:00,252.1736
2014-06-15 03:00:00,114.6692
2014-06-15 04:00:00,243.3208
2014-06-15 05:00:00,122.3001
2014-06-15 06:00:00,682.1738
2014-06-15 07:00:00,122.973
2014-06-15 08:00:00,284.9754
2014-06-15 09:00:00,113.7492
2014-06-15 10:00:00,298.1394
2014-06-15 11:00:00,170.7139
2014-06-15 12:00:00,565.3504
2014-06-15 13:00:00,1253.0086
2014-06-15 14:00:00,851.3084
2014-06-15 15:00:00,1144.0131
2014-06-15 16:00:00,321.143
2014-06-15 17:00:00,521.8401
2014-06-15 18:00:00,427.0712
2014-06-15 19:00:00,627.653
2014-06-15 20:00:00,615.7424
2014-06-15 21:00:00,730.6136
2014-06-15 22:00:00,134.5027
2014-06-15 23:00:00,132.5468
2014-06-16 00:00:00,255.5696
2014-06-16 01:00:00,120.795
2014-06-16 02:00:00,252.1736
2014-06-16 03:00:00,114.6692
2014-06-16 04:00:00,243.3208
2014-06-16 05:00:00,122.3001
2014-06-16 06:00:00,682.1738
2014-06-16 07:00:00,122.973
2014-06-16 08:00:00,284.9754
2014-06-16 09:00:00,113.7492
2014-06-16 10:00:00,298.1394
2014-06-16 11:00:00,170.7139
2014-06-16 12:00:00,565.3504
2014-06-16 13:00:00,1253.0086
2014-06-16 14:00:00,851.3084
2014-06-16 15:00:00,1144.0131
2014-06-16 16:00:00,321.143
2014-06-16 17:00:00,521.8401
2014-06-16 18:00:00,427.0712
2014-06-16 19:00:00,627.653
2014-06-16 20:00:00,615.7424
2014-06-16 21:00:00,730.6136
2014-06-16 22:00:00,134.5027
2014-06-16 23:00:00,132.5468
2014-06-17 00:00:00,255.5696
2014-06-17 01:00:00,120.795
2014-06-17 02:00:00,252.1736
2014-06-17 03:00:00,114.6692
2014-06-17 04:00:00,243.3208
2014-06-17 05:00:00,122.3001
2014-06-17 06:00:00,682.1738
2014-06-17 07:00:00,122.973
2014-06-17 08:00:00,284.9754
2014-06-17 09:00:00,113.7492
2014-06-17 10:00:00,298.1394
2014-06-17 11:00:00,170.7139
2014-06-17 12:00:00,565.3504
2014-06-17 13:00:00,1253.0086
2014-06-17 14:00:00,851.3084
2014-06-17 15:00:00,1144.0131
2014-06-17 16:00:00,321.143
2014-06-17 17:00:00,521.8401
2014-06-17 18:00:00,427.0712
2014-06-17 19:00:00,627.653
2014-06-17 20:00:00,615.7424
2014-06-17 21:00:00,730.6136
2014-06-17 22:00:00,134.5027
2014-06-17 23:00:00,132.5468
2014-06-18 00:00:00,255.5696
2014-06-18 01:00:00,120.795
2014-06-18 02:00:00,252.1736
2014-06-18 03:00:00,114.6692
2014-06-18 04:00:00,243.3208
2014-06-18 05:00:00,122.3001
2014-06-18 06:00:00,682.1738
2014-06-18 07:00:00,122.973
2014-06-18 08:00:00,284.9754
2014-06-18 09:00:00,113.7492
2014-06-18 10:00:00,298.1394
2014-06-18 11:00:00,170.7139
2014-06-18 12:00:00,565.3504
2014-06-18 13:00:00,1253.0086
2014-06-18 14:00:00,851.3084
2014-06-18 15:00:00,1144.0131
2014-06-18 16:00:00,321.143
2014-06-18 17:00:00,521.8401
2014-06-18 18:00:00,427.0712
2014-06-18 19:00:00,627.653
2014-06-18 20:00:00,615.7424
2014-06-18 21:00:00,730.6136
2014-06-18 22:00:00,134.5027
2014-06-18 23:00:00,132.5468
2014-06-19 00:00:00,255.5696
2014-06-19 01:00:00,120.795
2014-06-19 02:00:00,252.1736
2014-06-19 03:00:00,114.6692
2014-06-19 04:00:00,243.3208
2014-06-19 05:00:00,122.3001
2014-06-19 06:00:00,682.1738
2014-06-19 07:00:00,122.973
2014-06-19 08:00:00,284.9754
2014-06-19 09:00:00,113.7492
2014-06-19 10:00:00,298.1394
2014-06-19 11:00:00,170.7139
2014-06-19 12:00:00,565.3504
2014-06-19 13:00:00,1253.0086
2014-06-19 14:00:00,851.3084
2014-06-19 15:00:00,1144.0131
2014-06-19 16:00:00,321.143
2014-06-19 17:00:00,521.8401
2014-06-19 18:00:00,427.0712
2014-06-19 19:00:00,627.653
2014-06-19 20:00:00,615.7424
2014-06-19 21:00:00,730.6136
2014-06-19 22:00:00,134.5027
2014-06-19 23:00:00,132.5468
2014-06-20 00:00:00,255.5696
2014-06-20 01:00:00,120.795
2014-06-20 02:00:00,252.1736
2014-06-20 03:00:00,114.6692
2014-06-20 04:00:00,243.3208
2014-06-20 05:00:00,122.3001
2014-06-20 06:00:00,682.1738
2014-06-20 07:00:00,122.973
2014-06-20 08:00:00,284.9754
2014-06-20 09:00:00,113.7492
2014-06-20 10:00:00,298.1394
2014-06-20 11:00:00,170.7139
2014-06-20 12:00:00,565.3504
2014-06-20 13:00:00,1253.0086
2014-06-20 14:00:00,851.3084
2014-06-20 15:00:00,1144.0131
2014-06-20 16:00:00,321.143
2014-06-20 17:00:00,521.8401
2014-06-20 18:00:00,427.0712
2014-06-20 19:00:00,627.653
2014-06-20 20:00:00,615.7424
2014-06-20 21:00:00,730.6136
2014-06-20 22:00:00,134.5027
2014-06-20 23:00:00,132.5468
2014-06-21 00:00:00,255.5696
2014-06-21 01:00:00,120.795
2014-06-21 02:00:00,252.1736
2014-06-21 03:00:00,114.6692
2014-06-21 04:00:00,243.3208
2014-06-21 05:00:00,122.3001
2014-06-21 06:00:00,682.1738
2014-06-21 07:00:00,122.973
2014-06-21 08:00:00,284.9754
2014-06-21 09:00:00,113.7492
2014-06-21 10:00:00,298.1394
2014-06-21 11:00:00,170.7139
2014-06-21 12:00:00,565.3504
2014-06-21 13:00:00,1253.0086
2014-06-21 14:00:00,851.3084
2014-06-21 15:00:00,1144.0131
2014-06-21 16:00:00,321.143
2014-06-21 17:00:00,521.8401
2014-06-21 18:00:00,427.0712
2014-06-21 19:00:00,627.653
2014-06-21 20:00:00,615.7424
2014-06-21 21:00:00,730.6136
2014-06-21 22:00:00,134.5027
2014-06-21 23:00:00,132.5468
2014-06-22 00:00:00,255.5696
2014-06-22 01:00:00,120.795
2014-06-22 02:00:00,252.1736
2014-06-22 03:00:00,114.6692
2014-06-22 04:00:00,243.3208
2014-06-22 05:00:00,122.3001
2014-06-22 06:00:00,682.1738
2014-06-22 07:00:00,122.973
2014-06-22 08:00:00,284.9754
2014-06-22 09:00:00,113.7492
2014-06-22 10:00:00,298.1394
2014-06-22 11:00:00,170.7139
2014-06-22 12:00:00,565.3504
2014-06-22 13:00:00,1253.0086
2014-06-22 14:00:00,851.3084
2014-06-22 15:00:00,1144.0131
2014-06-22 16:00:00,321.143
2014-06-22 17:00:00,521.8401
2014-06-22 18:00:00,427.0712
2014-06-22 19:00:00,627.653
2014-06-22 20:00:00,615.7424
2014-06-22 21:00:00,730.6136
2014-06-22 22:00:00,134.5027
2014-06-22 23:00:00,132.5468
2014-06-23 00:00:00,255.5696
2014-06-23 01:00:00,120.795
2014-06-23 02:00:00,252.1736
2014-06-23 03:00:00,114.6692
2014-06-23 04:00:00,243.3208
2014-06-23 05:00:00,122.3001
2014-06-23 06:00:00,682.1738
2014-06-23 07:00:00,122.973
2014-06-23 08:00:00,284.9754
2014-06-23 09:00:00,113.7492
2014-06-23 10:00:00,298.1394
2014-06-23 11:00:00,170.7139
2014-06-23 12:00:00,565.3504
2014-06-23 13:00:00,1253.0086
2014-06-23 14:00:00,851.3084
2014-06-23 15:00:00,1144.0131
2014-06-23 16:00:00,321.143
2014-06-23 17:00:00,521.8401
2014-06-23 18:00:00,427.0712
2014-06-23 19:00:00,627.653
2014-06-23 20:00:00,615.7424
2014-06-23 21:00:00,730.6136
2014-06-23 22:00:00,134.5027
2014-06-23 23:00:00,132.5468
2014-06-24 00:00:00,255.5696
2014-06-24 01:00:00,120.795
2014-06-24 02:00:00,252.1736
2014-06-24 03:00:00,114.6692
2014-06-24 04:00:00,243.3208
2014-06-24 05:00:00,122.3001
2014-06-24 06:00:00,682.1738
2014-06-24 07:00:00,122.973
2014-06-24 08:00:00,284.9754
2014-06-24 09:00:00,113.7492
2014-06-24 10:00:00,298.1394
2014-06-24 11:00:00,170.7139
2014-06-24 12:00:00,565.3504
2014-06-24 13:00:00,1253.0086
2014-06-24 14:00:00,851.3084
2014-06-24 15:00:00,1144.0131
2014-06-24 16:00:00,321.143
2014-06-24 17:00:00,521.8401
2014-06-24 18:00:00,427.0712
2014-06-24 19:00:00,627.653
2014-06-24 20:00:00,615.7424
2014-06-24 21:00:00,730.6136
2014-06-24 22:00:00,134.5027
2014-06-24 23:00:00,132.5468
2014-06-25 00:00:00,255.5696
2014-06-25 01:00:00,120.795
2014-06-25 02:00:00,252.1736
2014-06-25 03:00:00,114.6692
2014-06-25 04:00:00,243.3208
2014-06-25 05:00:00,122.3001
2014-06-25 06:00:00,682.1738
2014-06-25 07:00:00,122.973
2014-06-25 08:00:00,284.9754
2014-06-25 09:00:00,113.7492
2014-06-25 10:00:00,298.1394
2014-06-25 11:00:00,170.7139
2014-06-25 12:00:00,565.3504
2014-06-25 13:00:00,1253.0086
2014-06-25 14:00:00,851.3084
2014-06-25 15:00:00,1144.0131
2014-06-25 16:00:00,321.143
2014-06-25 17:00:00,521.8401
2014-06-25 18:00:00,427.0712
2014-06-25 19:00:00,627.653
2014-06-25 20:00:00,615.7424
2014-06-25 21:00:00,730.6136
2014-06-25 22:00:00,134.5027
2014-06-25 23:00:00,132.5468
2014-06-26 00:00:00,255.5696
2014-06-26 01:00:00,120.795
2014-06-26 02:00:00,252.1736
2014-06-26 03:00:00,114.6692
2014-06-26 04:00:00,243.3208
2014-06-26 05:00:00,122.3001
2014-06-26 06:00:00,682.1738
2014-06-26 07:00:00,122.973
2014-06-26 08:00:00,284.9754
2014-06-26 09:00:00,113.7492
2014-06-26 10:00:00,298.1394
2014-06-26 11:00:00,170.7139
2014-06-26 12:00:00,565.3504
2014-06-26 13:00:00,1253.0086
2014-06-26 14:00:00,851.3084
2014-06-26 15:00:00,1144.0131
2014-06-26 16:00:00,0.0
2014-06-26 17:00:00,521.8401
2014-06-26 18:00:00,427.0712
2014-06-26 19:00:00,627.653
2014-06-26 20:00:00,615.7424
2014-06-26 21:00:00,730.6136
2014-06-26 22:00:00,134.5027
2014-06-26 23:00:00,132.5468
2014-06-27 00:00:00,255.5696
2014-06-27 01:00:00,120.795
2014-06-27 02:00:00,252.1736
2014-06-27 03:00:00,114.6692
2014-06-27 04:00:00,243.3208
2014-06-27 05:00:00,122.3001
2014-06-27 06:00:00,682.1738
2014-06-27 07:00:00,122.973
2014-06-27 08:00:00,284.9754
2014-06-27 09:00:00,113.7492
2014-06-27 10:00:00,298.1394
2014-06-27 11:00:00,170.7139
2014-06-27 12:00:00,565.3504
2014-06-27 13:00:00,1253.0086
2014-06-27 14:00:00,851.3084
2014-06-27 15:00:00,1144.0131
2014-06-27 16:00:00,60.2608
2014-06-27 17:00:00,140.4922
2014-06-27 18:00:00,164.3596
2014-06-27 19:00:00,557.7008
2014-06-27 20:00:00,410.8233
2014-06-27 21:00:00,1690.0358
2014-06-27 22:00:00,322.371
2014-06-27 23:00:00,158.3787
2014-06-28 00:00:00,159.1222
2014-06-28 01:00:00,154.6385
2014-06-28 02:00:00,152.2084
2014-06-28 03:00:00,161.1906
2014-06-28 04:00:00,154.3179
2014-06-28 05:00:00,125.0977
2014-06-28 06:00:00,117.5665
2014-06-28 07:00:00,530.5106
2014-06-28 08:00:00,751.2949
2014-06-28 09:00:00,141.7027
2014-06-28 10:00:00,185.1501
2014-06-28 11:00:00,304.6337
2014-06-28 12:00:00,399.7401
2014-06-28 13:00:00,165.8703
2014-06-28 14:00:00,327.1444
2014-06-28 15:00:00,835.8983
2014-06-28 16:00:00,209.6428
2014-06-28 17:00:00,154.151
2014-06-28 18:00:00,159.7926
2014-06-28 19:00:00,165.4054
2014-06-28 20:00:00,332.0819
2014-06-28 21:00:00,375.6365
2014-06-28 22:00:00,163.0532
2014-06-28 23:00:00,155.6452
2014-06-29 00:00:00,153.2627
2014-06-29 01:00:00,153.9198
2014-06-29 02:00:00,142.1258
2014-06-29 03:00:00,143.8386
2014-06-29 04:00:00,145.9414
2014-06-29 05:00:00,144.4365
2014-06-29 06:00:00,148.7678
2014-06-29 07:00:00,116.8877
2014-06-29 08:00:00,157.8787
2014-06-29 09:00:00,169.6017
2014-06-29 10:00:00,178.1901
2014-06-29 11:00:00,184.9168
2014-06-29 12:00:00,189.0943
2014-06-29 13:00:00,154.9459
2014-06-29 14:00:00,179.4213
2014-06-29 15:00:00,215.1842
2014-06-29 16:00:00,916.6253
2014-06-29 17:00:00,435.1606
2014-06-29 18:00:00,368.4007
2014-06-29 19:00:00,478.2845
2014-06-29 20:00:00,569.8456
2014-06-29 21:00:00,606.5844
2014-06-29 22:00:00,208.4494
2014-06-29 23:00:00,167.964
2014-06-30 00:00:00,156.2265
2014-06-30 01:00:00,151.5516
2014-06-30 02:00:00,153.2284
2014-06-30 03:00:00,154.2915
2014-06-30 04:00:00,154.6838
2014-06-30 05:00:00,170.4785
2014-06-30 06:00:00,160.0827
2014-06-30 07:00:00,154.905
2014-06-30 08:00:00,152.929
2014-06-30 09:00:00,269.433
2014-06-30 10:00:00,391.7831
2014-06-30 11:00:00,232.9782
2014-06-30 12:00:00,131.3277
2014-06-30 13:00:00,127.2136
2014-06-30 14:00:00,166.0165
2014-06-30 15:00:00,201.628
2014-06-30 16:00:00,155.7875
2014-06-30 17:00:00,288.2756
2014-06-30 18:00:00,752.2685
2014-06-30 19:00:00,581.3533
2014-06-30 20:00:00,675.1054
2014-06-30 21:00:00,222.343
2014-06-30 22:00:00,149.1012
2014-06-30 23:00:00,149.6801
2014-07-01 00:00:00,150.2867
2014-07-01 01:00:00,151.2468
2014-07-01 02:00:00,151.3854
2014-07-01 03:00:00,150.5561
2014-07-01 04:00:00,149.2102
2014-07-01 05:00:00,120.2232
2014-07-01 06:00:00,160.9859
2014-07-01 07:00:00,182.0439
2014-07-01 08:00:00,136.4119
2014-07-01 09:00:00,133.9588
2014-07-01 10:00:00,128.3164
2014-07-01 11:00:00,120.6563
2014-07-01 12:00:00,129.3284
2014-07-01 13:00:00,146.1057
2014-07-01 14:00:00,148.3776
2014-07-01 15:00:00,147.7895
2014-07-01 16:00:00,147.2631
2014-07-01 17:00:00,150.3134
2014-07-01 18:00:00,143.0166
2014-07-01 19:00:00,107.0645
2014-07-01 20:00:00,101.6077
2014-07-01 21:00:00,190.3657
2014-07-01 22:00:00,145.8934
2014-07-01 23:00:00,146.277
2014-07-02 00:00:00,147.4505
2014-07-02 01:00:00,147.0401
2014-07-02 02:00:00,148.1277
2014-07-02 03:00:00,115.2893
2014-07-02 04:00:00,103.9974
2014-07-02 05:00:00,120.7151
2014-07-02 06:00:00,148.4934
2014-07-02 07:00:00,147.4467
2014-07-02 08:00:00,147.2405
2014-07-02 09:00:00,144.8644
2014-07-02 10:00:00,145.0996
2014-07-02 11:00:00,116.0883
2014-07-02 12:00:00,101.9597
2014-07-02 13:00:00,114.5851
2014-07-02 14:00:00,145.1289
2014-07-02 15:00:00,147.8001
2014-07-02 16:00:00,144.4798
2014-07-02 17:00:00,144.352
2014-07-02 18:00:00,143.2747
2014-07-02 19:00:00,119.2446
2014-07-02 20:00:00,100.7717
2014-07-02 21:00:00,164.5596
2014-07-02 22:00:00,145.6113
2014-07-02 23:00:00,145.5742
2014-07-03 00:00:00,144.9813
2014-07-03 01:00:00,145.4755
2014-07-03 02:00:00,146.665
2014-07-03 03:00:00,127.7139
2014-07-03 04:00:00,102.4028
2014-07-03 05:00:00,105.3872
2014-07-03 06:00:00,145.9892
2014-07-03 07:00:00,146.1908
2014-07-03 08:00:00,146.0337
2014-07-03 09:00:00,146.0942
2014-07-03 10:00:00,145.57
2014-07-03 11:00:00,129.5523
2014-07-03 12:00:00,101.9816
2014-07-03 13:00:00,105.3899
2014-07-03 14:00:00,145.999
2014-07-03 15:00:00,146.5374
2014-07-03 16:00:00,144.758
2014-07-03 17:00:00,144.3883
2014-07-03 18:00:00,144.897
2014-07-03 19:00:00,141.1549
2014-07-03 20:00:00,105.0543
2014-07-03 21:00:00,217.39
2014-07-03 22:00:00,134.2313
2014-07-03 23:00:00,149.0142
2014-07-04 00:00:00,148.1962
2014-07-04 01:00:00,146.5126
2014-07-04 02:00:00,147.8006
2014-07-04 03:00:00,147.3601
2014-07-04 04:00:00,104.1122
2014-07-04 05:00:00,101.2317
2014-07-04 06:00:00,114.7788
2014-07-04 07:00:00,133.2518
2014-07-04 08:00:00,132.6696
2014-07-04 09:00:00,134.512
2014-07-04 10:00:00,136.2828
2014-07-04 11:00:00,135.9126
2014-07-04 12:00:00,137.2876
2014-07-04 13:00:00,137.301
2014-07-04 14:00:00,138.25
2014-07-04 15:00:00,139.2721
2014-07-04 16:00:00,135.7536
2014-07-04 17:00:00,136.1907
2014-07-04 18:00:00,130.557
2014-07-04 19:00:00,119.4325
2014-07-04 20:00:00,119.1579
2014-07-04 21:00:00,301.7285
2014-07-04 22:00:00,119.0245
2014-07-04 23:00:00,137.1324
2014-07-05 00:00:00,141.7157
2014-07-05 01:00:00,141.4995
2014-07-05 02:00:00,143.3871
2014-07-05 03:00:00,143.2484
2014-07-05 04:00:00,143.5737
2014-07-05 05:00:00,144.3772
2014-07-05 06:00:00,144.5821
2014-07-05 07:00:00,143.8715
2014-07-05 08:00:00,142.0499
2014-07-05 09:00:00,116.6836
2014-07-05 10:00:00,119.2873
2014-07-05 11:00:00,117.6864
2014-07-05 12:00:00,116.4303
2014-07-05 13:00:00,143.7334
2014-07-05 14:00:00,144.2798
2014-07-05 15:00:00,145.1614
2014-07-05 16:00:00,142.5181
2014-07-05 17:00:00,143.4472
2014-07-05 18:00:00,144.23
2014-07-05 19:00:00,143.9977
2014-07-05 20:00:00,145.5631
2014-07-05 21:00:00,373.8644
2014-07-05 22:00:00,133.7495
2014-07-05 23:00:00,120.4674
2014-07-06 00:00:00,119.2609
2014-07-06 01:00:00,120.3772
2014-07-06 02:00:00,137.9564
2014-07-06 03:00:00,147.0097
2014-07-06 04:00:00,147.6841
2014-07-06 05:00:00,147.1373
2014-07-06 06:00:00,149.5454
2014-07-06 07:00:00,148.6344
2014-07-06 08:00:00,149.5554
2014-07-06 09:00:00,149.967
2014-07-06 10:00:00,147.6736
2014-07-06 11:00:00,125.0989
2014-07-06 12:00:00,124.4813
2014-07-06 13:00:00,123.8846
2014-07-06 14:00:00,131.431
2014-07-06 15:00:00,155.5781
2014-07-06 16:00:00,153.7774
2014-07-06 17:00:00,153.7055
2014-07-06 18:00:00,154.5849
2014-07-06 19:00:00,152.4965
2014-07-06 20:00:00,154.081
2014-07-06 21:00:00,404.7252
2014-07-06 22:00:00,167.9544
2014-07-06 23:00:00,118.3074
2014-07-07 00:00:00,115.8301
2014-07-07 01:00:00,115.327
2014-07-07 02:00:00,139.7048
2014-07-07 03:00:00,134.909
2014-07-07 04:00:00,141.7348
2014-07-07 05:00:00,130.5407
2014-07-07 06:00:00,150.9401
2014-07-07 07:00:00,150.8342
2014-07-07 08:00:00,149.9496
2014-07-07 09:00:00,134.8859
2014-07-07 10:00:00,119.5901
2014-07-07 11:00:00,121.7671
2014-07-07 12:00:00,130.2999
2014-07-07 13:00:00,146.4986
2014-07-07 14:00:00,152.5418
2014-07-07 15:00:00,501.71
2014-07-07 16:00:00,476.7972
2014-07-07 17:00:00,196.3276
2014-07-07 18:00:00,225.5134
2014-07-07 19:00:00,413.8035
2014-07-07 20:00:00,675.2578
2014-07-07 21:00:00,617.6625
2014-07-07 22:00:00,232.7551
2014-07-07 23:00:00,168.5058
2014-07-08 00:00:00,136.6038
2014-07-08 01:00:00,155.5558
2014-07-08 02:00:00,155.2502
2014-07-08 03:00:00,120.5713
2014-07-08 04:00:00,130.8345
2014-07-08 05:00:00,256.4979
2014-07-08 06:00:00,127.0466
2014-07-08 07:00:00,120.1491
2014-07-08 08:00:00,149.0968
2014-07-08 09:00:00,164.8828
2014-07-08 10:00:00,144.2303
2014-07-08 11:00:00,218.9965
2014-07-08 12:00:00,165.0896
2014-07-08 13:00:00,134.8744
2014-07-08 14:00:00,130.1876
2014-07-08 15:00:00,157.3303
2014-07-08 16:00:00,193.7222
2014-07-08 17:00:00,362.9592
2014-07-08 18:00:00,670.6756
2014-07-08 19:00:00,460.8082
2014-07-08 20:00:00,537.6388
2014-07-08 21:00:00,1108.023
2014-07-08 22:00:00,221.1959
2014-07-08 23:00:00,207.885
2014-07-09 00:00:00,142.0285
2014-07-09 01:00:00,116.3556
2014-07-09 02:00:00,107.4087
2014-07-09 03:00:00,114.8372
2014-07-09 04:00:00,115.5835
2014-07-09 05:00:00,141.0732
2014-07-09 06:00:00,237.3467
2014-07-09 07:00:00,219.5305
2014-07-09 08:00:00,159.6131
2014-07-09 09:00:00,135.9407
2014-07-09 10:00:00,156.5648
2014-07-09 11:00:00,191.2863
2014-07-09 12:00:00,167.501
2014-07-09 13:00:00,119.8543
2014-07-09 14:00:00,119.5018
2014-07-09 15:00:00,219.1981
2014-07-09 16:00:00,177.5828
2014-07-09 17:00:00,263.7645
2014-07-09 18:00:00,428.8636
2014-07-09 19:00:00,359.7147
2014-07-09 20:00:00,584.8428
2014-07-09 21:00:00,1545.5179
2014-07-09 22:00:00,533.9141
2014-07-09 23:00:00,231.4722
2014-07-10 00:00:00,174.8527
2014-07-10 01:00:00,152.8384
2014-07-10 02:00:00,147.8457
2014-07-10 03:00:00,140.2474
2014-07-10 04:00:00,141.7931
2014-07-10 05:00:00,157.9146
2014-07-10 06:00:00,284.1904
2014-07-10 07:00:00,280.2751
2014-07-10 08:00:00,175.4183
2014-07-10 09:00:00,115.7448
2014-07-10 10:00:00,143.7919
2014-07-10 11:00:00,238.0535
2014-07-10 12:00:00,237.3626
2014-07-10 13:00:00,176.4891
2014-07-10 14:00:00,156.4006
2014-07-10 15:00:00,140.3379
2014-07-10 16:00:00,133.1298
2014-07-10 17:00:00,301.275
2014-07-10 18:00:00,349.2498
2014-07-10 19:00:00,269.8769
2014-07-10 20:00:00,629.1286
2014-07-10 21:00:00,438.2464
2014-07-10 22:00:00,174.8438
2014-07-10 23:00:00,184.6047
2014-07-11 00:00:00,136.1444
2014-07-11 01:00:00,142.5806
2014-07-11 02:00:00,139.9317
2014-07-11 03:00:00,152.5671
2014-07-11 04:00:00,162.1549
2014-07-11 05:00:00,176.1456
2014-07-11 06:00:00,172.974
2014-07-11 07:00:00,235.7787
2014-07-11 08:00:00,227.259
2014-07-11 09:00:00,244.8398
2014-07-11 10:00:00,208.5245
2014-07-11 11:00:00,313.0761
2014-07-11 12:00:00,250.2409
2014-07-11 13:00:00,513.7217
2014-07-11 14:00:00,507.2855
2014-07-11 15:00:00,158.7046
2014-07-11 16:00:00,139.1901
2014-07-11 17:00:00,350.0661
2014-07-11 18:00:00,728.765
2014-07-11 19:00:00,387.0145
2014-07-11 20:00:00,523.6255
2014-07-11 21:00:00,507.9285
2014-07-11 22:00:00,187.0696
2014-07-11 23:00:00,148.1168
2014-07-12 00:00:00,138.7205
2014-07-12 01:00:00,132.1645
2014-07-12 02:00:00,136.288
2014-07-12 03:00:00,148.6118
2014-07-12 04:00:00,141.8075
2014-07-12 05:00:00,180.2249
2014-07-12 06:00:00,206.9824
2014-07-12 07:00:00,236.4949
2014-07-12 08:00:00,281.4286
2014-07-12 09:00:00,263.2312
2014-07-12 10:00:00,318.6956
2014-07-12 11:00:00,508.8088
2014-07-12 12:00:00,702.5354
2014-07-12 13:00:00,164.067
2014-07-12 14:00:00,147.8127
2014-07-12 15:00:00,203.844
2014-07-12 16:00:00,201.0771
2014-07-12 17:00:00,612.5095
2014-07-12 18:00:00,1857.0924
2014-07-12 19:00:00,506.3947
2014-07-12 20:00:00,645.86
2014-07-12 21:00:00,1167.0082
2014-07-12 22:00:00,255.7295
2014-07-12 23:00:00,172.0666
2014-07-13 00:00:00,161.7804
2014-07-13 01:00:00,156.8687
2014-07-13 02:00:00,154.5835
2014-07-13 03:00:00,150.9248
2014-07-13 04:00:00,155.0094
2014-07-13 05:00:00,183.308
2014-07-13 06:00:00,206.8307
2014-07-13 07:00:00,242.347
2014-07-13 08:00:00,257.103
2014-07-13 09:00:00,353.3846
2014-07-13 10:00:00,443.1958
2014-07-13 11:00:00,375.4193
2014-07-13 12:00:00,651.103
2014-07-13 13:00:00,450.4676
2014-07-13 14:00:00,185.3547
2014-07-13 15:00:00,155.4001
2014-07-13 16:00:00,141.6717
2014-07-13 17:00:00,266.8452
2014-07-13 18:00:00,311.3911
2014-07-13 19:00:00,706.9658
2014-07-13 20:00:00,629.2604
2014-07-13 21:00:00,1446.0488
2014-07-13 22:00:00,191.2971
2014-07-13 23:00:00,178.7009
2014-07-14 00:00:00,200.3607
2014-07-14 01:00:00,146.2677
2014-07-14 02:00:00,134.8051
2014-07-14 03:00:00,135.1314
2014-07-14 04:00:00,153.06
2014-07-14 05:00:00,183.308
2014-07-14 06:00:00,206.8307
2014-07-14 07:00:00,242.347
2014-07-14 08:00:00,257.103
2014-07-14 09:00:00,353.3846
2014-07-14 10:00:00,443.1958
2014-07-14 11:00:00,375.4193
2014-07-14 12:00:00,651.103
2014-07-14 13:00:00,450.4676
2014-07-14 14:00:00,185.3547
2014-07-14 15:00:00,155.4001
2014-07-14 16:00:00,141.6717
2014-07-14 17:00:00,266.8452
2014-07-14 18:00:00,311.3911
2014-07-14 19:00:00,706.9658
2014-07-14 20:00:00,629.2604
2014-07-14 21:00:00,1446.0488
2014-07-14 22:00:00,191.2971
2014-07-14 23:00:00,178.7009
2014-07-15 00:00:00,200.3607
2014-07-15 01:00:00,146.2677
2014-07-15 02:00:00,134.8051
2014-07-15 03:00:00,135.1314
2014-07-15 04:00:00,101.835
2014-07-15 05:00:00,188.1043
2014-07-15 06:00:00,181.4736
2014-07-15 07:00:00,230.9952
2014-07-15 08:00:00,187.439
2014-07-15 09:00:00,229.2228
2014-07-15 10:00:00,269.9571
2014-07-15 11:00:00,299.0443
2014-07-15 12:00:00,216.6613
2014-07-15 13:00:00,258.0551
2014-07-15 14:00:00,278.3398
2014-07-15 15:00:00,281.0877
2014-07-15 16:00:00,186.9574
2014-07-15 17:00:00,108.6385
2014-07-15 18:00:00,326.3328
2014-07-15 19:00:00,485.9509
2014-07-15 20:00:00,536.1379
2014-07-15 21:00:00,604.2857
2014-07-15 22:00:00,203.8601
2014-07-15 23:00:00,193.6286
2014-07-16 00:00:00,191.2199
2014-07-16 01:00:00,101.7461
2014-07-16 02:00:00,134.4668
2014-07-16 03:00:00,201.0963
2014-07-16 04:00:00,183.225
2014-07-16 05:00:00,220.9913
2014-07-16 06:00:00,137.322
2014-07-16 07:00:00,232.4878
2014-07-16 08:00:00,229.8633
2014-07-16 09:00:00,195.9743
2014-07-16 10:00:00,251.8701
2014-07-16 11:00:00,511.6133
2014-07-16 12:00:00,218.3574
2014-07-16 13:00:00,201.174
2014-07-16 14:00:00,236.9136
2014-07-16 15:00:00,273.5872
2014-07-16 16:00:00,258.6875
2014-07-16 17:00:00,147.0262
2014-07-16 18:00:00,422.0842
2014-07-16 19:00:00,529.9588
2014-07-16 20:00:00,538.0015
2014-07-16 21:00:00,518.1347
2014-07-16 22:00:00,167.2286
2014-07-16 23:00:00,178.3904
2014-07-17 00:00:00,183.2224
2014-07-17 01:00:00,88.5946
2014-07-17 02:00:00,132.7239
2014-07-17 03:00:00,176.2666
2014-07-17 04:00:00,176.4661
2014-07-17 05:00:00,184.8821
2014-07-17 06:00:00,85.599
2014-07-17 07:00:00,176.0366
2014-07-17 08:00:00,198.5847
2014-07-17 09:00:00,144.8895
2014-07-17 10:00:00,88.2985
2014-07-17 11:00:00,207.6074
2014-07-17 12:00:00,372.8078
2014-07-17 13:00:00,293.578
2014-07-17 14:00:00,136.0417
2014-07-17 15:00:00,245.3153
2014-07-17 16:00:00,212.6883
2014-07-17 17:00:00,158.5248
2014-07-17 18:00:00,574.893
2014-07-17 19:00:00,526.2826
2014-07-17 20:00:00,680.945
2014-07-17 21:00:00,256.7161
2014-07-17 22:00:00,262.7948
2014-07-17 23:00:00,80.3507
2014-07-18 00:00:00,199.0013
2014-07-18 01:00:00,214.4655
2014-07-18 02:00:00,67.4455
2014-07-18 03:00:00,208.5089
2014-07-18 04:00:00,206.8459
2014-07-18 05:00:00,130.6826
2014-07-18 06:00:00,203.7567
2014-07-18 07:00:00,224.7433
2014-07-18 08:00:00,71.4408
2014-07-18 09:00:00,235.6758
2014-07-18 10:00:00,423.5088
2014-07-18 11:00:00,381.0365
2014-07-18 12:00:00,318.0069
2014-07-18 13:00:00,256.1841
2014-07-18 14:00:00,166.9598
2014-07-18 15:00:00,297.3972
2014-07-18 16:00:00,296.2256
2014-07-18 17:00:00,348.4036
2014-07-18 18:00:00,379.4008
2014-07-18 19:00:00,528.9158
2014-07-18 20:00:00,474.309
2014-07-18 21:00:00,1048.6456
2014-07-18 22:00:00,223.6535
2014-07-18 23:00:00,182.3967
2014-07-19 00:00:00,136.2087
2014-07-19 01:00:00,132.4052
2014-07-19 02:00:00,136.0904
2014-07-19 03:00:00,105.7324
2014-07-19 04:00:00,152.5702
2014-07-19 05:00:00,148.0161
2014-07-19 06:00:00,120.6509
2014-07-19 07:00:00,163.8485
2014-07-19 08:00:00,123.1379
2014-07-19 09:00:00,180.5649
2014-07-19 10:00:00,121.4504
2014-07-19 11:00:00,235.8474
2014-07-19 12:00:00,208.4587
2014-07-19 13:00:00,231.293
2014-07-19 14:00:00,124.1316
2014-07-19 15:00:00,196.1326
2014-07-19 16:00:00,218.2853
2014-07-19 17:00:00,252.2791
2014-07-19 18:00:00,1938.5317
2014-07-19 19:00:00,364.9449
2014-07-19 20:00:00,411.4885
2014-07-19 21:00:00,484.9301
2014-07-19 22:00:00,169.5645
2014-07-19 23:00:00,197.7681
2014-07-20 00:00:00,166.0326
2014-07-20 01:00:00,189.1635
2014-07-20 02:00:00,173.5888
2014-07-20 03:00:00,169.2881
2014-07-20 04:00:00,192.3641
2014-07-20 05:00:00,210.4069
2014-07-20 06:00:00,229.9782
2014-07-20 07:00:00,119.9959
2014-07-20 08:00:00,192.9644
2014-07-20 09:00:00,134.002
2014-07-20 10:00:00,203.8232
2014-07-20 11:00:00,224.8764
2014-07-20 12:00:00,432.7697
2014-07-20 13:00:00,308.1141
2014-07-20 14:00:00,218.8939
2014-07-20 15:00:00,245.9771
2014-07-20 16:00:00,243.5759
2014-07-20 17:00:00,193.1669
2014-07-20 18:00:00,319.931
2014-07-20 19:00:00,669.6215
2014-07-20 20:00:00,686.362
2014-07-20 21:00:00,494.9132
2014-07-20 22:00:00,190.5191
2014-07-20 23:00:00,198.4267
2014-07-21 00:00:00,140.4289
2014-07-21 01:00:00,196.8627
2014-07-21 02:00:00,142.9489
2014-07-21 03:00:00,184.0453
2014-07-21 04:00:00,156.8166
2014-07-21 05:00:00,125.6731
2014-07-21 06:00:00,202.6859
2014-07-21 07:00:00,157.8145
2014-07-21 08:00:00,168.5973
2014-07-21 09:00:00,180.6795
2014-07-21 10:00:00,128.409
2014-07-21 11:00:00,452.803
2014-07-21 12:00:00,277.74
2014-07-21 13:00:00,278.4489
2014-07-21 14:00:00,218.6255
2014-07-21 15:00:00,155.4342
2014-07-21 16:00:00,208.5418
2014-07-21 17:00:00,299.7563
2014-07-21 18:00:00,436.965
2014-07-21 19:00:00,593.982
2014-07-21 20:00:00,622.8513
2014-07-21 21:00:00,986.3314
2014-07-21 22:00:00,139.097
2014-07-21 23:00:00,124.1423
2014-07-22 00:00:00,171.0334
2014-07-22 01:00:00,173.1673
2014-07-22 02:00:00,151.9659
2014-07-22 03:00:00,68.0236
2014-07-22 04:00:00,182.4197
2014-07-22 05:00:00,239.2479
2014-07-22 06:00:00,79.9085
2014-07-22 07:00:00,143.1291
2014-07-22 08:00:00,156.9768
2014-07-22 09:00:00,168.512
2014-07-22 10:00:00,178.1231
2014-07-22 11:00:00,313.9148
2014-07-22 12:00:00,169.6902
2014-07-22 13:00:00,190.506
2014-07-22 14:00:00,167.2144
2014-07-22 15:00:00,228.6514
2014-07-22 16:00:00,963.7849
2014-07-22 17:00:00,591.8586
2014-07-22 18:00:00,383.1165
2014-07-22 19:00:00,255.1159
2014-07-22 20:00:00,139.0891
2014-07-22 21:00:00,209.389
2014-07-22 22:00:00,169.4024
2014-07-22 23:00:00,166.9017
2014-07-23 00:00:00,172.2019
2014-07-23 01:00:00,164.7084
2014-07-23 02:00:00,126.4524
2014-07-23 03:00:00,110.2415
2014-07-23 04:00:00,171.3078
2014-07-23 05:00:00,199.293
2014-07-23 06:00:00,161.6698
2014-07-23 07:00:00,165.527
2014-07-23 08:00:00,143.0649
2014-07-23 09:00:00,119.1353
2014-07-23 10:00:00,205.4129
2014-07-23 11:00:00,342.9204
2014-07-23 12:00:00,312.8716
2014-07-23 13:00:00,270.9136
2014-07-23 14:00:00,252.3015
2014-07-23 15:00:00,247.6869
2014-07-23 16:00:00,280.5433
2014-07-23 17:00:00,861.8808
2014-07-23 18:00:00,506.1614
2014-07-23 19:00:00,503.9566
2014-07-23 20:00:00,536.0119
2014-07-23 21:00:00,665.3555
2014-07-23 22:00:00,213.9014
2014-07-23 23:00:00,201.1599
2014-07-24 00:00:00,161.1804
2014-07-24 01:00:00,158.632
2014-07-24 02:00:00,161.2614
2014-07-24 03:00:00,158.6784
2014-07-24 04:00:00,122.5647
2014-07-24 05:00:00,187.5084
2014-07-24 06:00:00,130.7362
2014-07-24 07:00:00,160.511
2014-07-24 08:00:00,196.3905
2014-07-24 09:00:00,171.3136
2014-07-24 10:00:00,226.2649
2014-07-24 11:00:00,334.582
2014-07-24 12:00:00,219.657
2014-07-24 13:00:00,166.409
2014-07-24 14:00:00,167.1033
2014-07-24 15:00:00,164.9173
2014-07-24 16:00:00,162.2002
2014-07-24 17:00:00,743.7364
2014-07-24 18:00:00,1612.0584
2014-07-24 19:00:00,1586.9635
2014-07-24 20:00:00,587.9251
2014-07-24 21:00:00,730.5904
2014-07-24 22:00:00,411.5282
2014-07-24 23:00:00,165.4624
2014-07-25 00:00:00,157.2211
2014-07-25 01:00:00,112.7654
2014-07-25 02:00:00,106.2252
2014-07-25 03:00:00,159.2118
2014-07-25 04:00:00,175.7344
2014-07-25 05:00:00,251.1673
2014-07-25 06:00:00,146.7603
2014-07-25 07:00:00,71.4905
2014-07-25 08:00:00,156.6238
2014-07-25 09:00:00,164.5712
2014-07-25 10:00:00,326.0989
2014-07-25 11:00:00,238.9032
2014-07-25 12:00:00,241.0613
2014-07-25 13:00:00,216.1009
2014-07-25 14:00:00,209.6644
2014-07-25 15:00:00,210.4074
2014-07-25 16:00:00,209.2767
2014-07-25 17:00:00,224.3885
2014-07-25 18:00:00,1530.9774
2014-07-25 19:00:00,515.3194
2014-07-25 20:00:00,540.1083
2014-07-25 21:00:00,662.3637
2014-07-25 22:00:00,251.0487
2014-07-25 23:00:00,37.7949
2014-07-26 00:00:00,211.4886
2014-07-26 01:00:00,109.9419
2014-07-26 02:00:00,157.021
2014-07-26 03:00:00,165.7577
2014-07-26 04:00:00,83.6156
2014-07-26 05:00:00,262.7999
2014-07-26 06:00:00,403.3703
2014-07-26 07:00:00,1442.9689
2014-07-26 08:00:00,1166.8133
2014-07-26 09:00:00,280.4964
2014-07-26 10:00:00,256.2654
2014-07-26 11:00:00,469.7239
2014-07-26 12:00:00,824.7887
2014-07-26 13:00:00,779.3444
2014-07-26 14:00:00,579.0455
2014-07-26 15:00:00,763.1722
2014-07-26 16:00:00,423.4351
2014-07-26 17:00:00,287.8275
2014-07-26 18:00:00,498.8305
2014-07-26 19:00:00,594.1199
2014-07-26 20:00:00,712.739
2014-07-26 21:00:00,631.0521
2014-07-26 22:00:00,256.0269
2014-07-26 23:00:00,256.7801
2014-07-27 00:00:00,106.4887
2014-07-27 01:00:00,44.7867
2014-07-27 02:00:00,149.8057
2014-07-27 03:00:00,305.1803
2014-07-27 04:00:00,269.4238
2014-07-27 05:00:00,266.4824
2014-07-27 06:00:00,255.2869
2014-07-27 07:00:00,135.2226
2014-07-27 08:00:00,170.6062
2014-07-27 09:00:00,281.3049
2014-07-27 10:00:00,389.3203
2014-07-27 11:00:00,407.7413
2014-07-27 12:00:00,649.4615
2014-07-27 13:00:00,727.5907
2014-07-27 14:00:00,1077.7767
2014-07-27 15:00:00,614.2232
2014-07-27 16:00:00,263.022
2014-07-27 17:00:00,278.478
2014-07-27 18:00:00,387.9696
2014-07-27 19:00:00,556.2155
2014-07-27 20:00:00,684.929
2014-07-27 21:00:00,369.967
2014-07-27 22:00:00,45.6497
2014-07-27 23:00:00,44.7866
2014-07-28 00:00:00,284.1123
2014-07-28 01:00:00,274.2857
2014-07-28 02:00:00,279.139
2014-07-28 03:00:00,207.2355
2014-07-28 04:00:00,45.4992
2014-07-28 05:00:00,134.6848
2014-07-28 06:00:00,381.685
2014-07-28 07:00:00,366.1187
2014-07-28 08:00:00,365.0213
2014-07-28 09:00:00,307.1941
2014-07-28 10:00:00,162.145
2014-07-28 11:00:00,252.9417
2014-07-28 12:00:00,430.8289
2014-07-28 13:00:00,367.1677
2014-07-28 14:00:00,1077.7767
2014-07-28 15:00:00,614.2232
2014-07-28 16:00:00,263.022
2014-07-28 17:00:00,278.478
2014-07-28 18:00:00,387.9696
2014-07-28 19:00:00,556.2155
2014-07-28 20:00:00,684.929
2014-07-28 21:00:00,369.967
2014-07-28 22:00:00,45.6497
2014-07-28 23:00:00,44.7866
2014-07-29 00:00:00,284.1123
2014-07-29 01:00:00,274.2857
2014-07-29 02:00:00,279.139
2014-07-29 03:00:00,207.2355
2014-07-29 04:00:00,45.4992
2014-07-29 05:00:00,134.6848
2014-07-29 06:00:00,381.685
2014-07-29 07:00:00,366.1187
2014-07-29 08:00:00,365.0213
2014-07-29 09:00:00,307.1941
2014-07-29 10:00:00,162.145
2014-07-29 11:00:00,252.9417
2014-07-29 12:00:00,430.8289
2014-07-29 13:00:00,367.1677
2014-07-29 14:00:00,1077.7767
2014-07-29 15:00:00,614.2232
2014-07-29 16:00:00,263.022
2014-07-29 17:00:00,278.478
2014-07-29 18:00:00,387.9696
2014-07-29 19:00:00,556.2155
2014-07-29 20:00:00,684.929
2014-07-29 21:00:00,369.967
2014-07-29 22:00:00,45.6497
2014-07-29 23:00:00,44.7866
2014-07-30 00:00:00,284.1123
2014-07-30 01:00:00,274.2857
2014-07-30 02:00:00,279.139
2014-07-30 03:00:00,207.2355
2014-07-30 04:00:00,45.4992
2014-07-30 05:00:00,134.6848
2014-07-30 06:00:00,381.685
2014-07-30 07:00:00,366.1187
2014-07-30 08:00:00,365.0213
2014-07-30 09:00:00,307.1941
2014-07-30 10:00:00,162.145
2014-07-30 11:00:00,252.9417
2014-07-30 12:00:00,430.8289
2014-07-30 13:00:00,367.1677
2014-07-30 14:00:00,1077.7767
2014-07-30 15:00:00,614.2232
2014-07-30 16:00:00,263.022
2014-07-30 17:00:00,278.478
2014-07-30 18:00:00,387.9696
2014-07-30 19:00:00,556.2155
2014-07-30 20:00:00,684.929
2014-07-30 21:00:00,369.967
2014-07-30 22:00:00,45.6497
2014-07-30 23:00:00,44.7866
2014-07-31 00:00:00,284.1123
2014-07-31 01:00:00,274.2857
2014-07-31 02:00:00,279.139
2014-07-31 03:00:00,207.2355
2014-07-31 04:00:00,45.4992
2014-07-31 05:00:00,134.6848
2014-07-31 06:00:00,381.685
2014-07-31 07:00:00,366.1187
2014-07-31 08:00:00,365.0213
2014-07-31 09:00:00,307.1941
2014-07-31 10:00:00,162.145
2014-07-31 11:00:00,252.9417
2014-07-31 12:00:00,430.8289
2014-07-31 13:00:00,367.1677
2014-07-31 14:00:00,1077.7767
2014-07-31 15:00:00,382.4317
2014-07-31 16:00:00,103.6247
2014-07-31 17:00:00,272.6679
2014-07-31 18:00:00,1627.9441
2014-07-31 19:00:00,461.6464
2014-07-31 20:00:00,195.4323
2014-07-31 21:00:00,526.6636
2014-07-31 22:00:00,265.968
2014-07-31 23:00:00,92.5371
2014-08-01 00:00:00,165.6864
2014-08-01 01:00:00,181.4662
2014-08-01 02:00:00,90.9443
2014-08-01 03:00:00,150.2575
2014-08-01 04:00:00,187.5666
2014-08-01 05:00:00,152.9279
2014-08-01 06:00:00,127.9745
2014-08-01 07:00:00,217.4904
2014-08-01 08:00:00,162.0164
2014-08-01 09:00:00,129.1035
2014-08-01 10:00:00,156.9026
2014-08-01 11:00:00,264.4958
2014-08-01 12:00:00,224.6063
2014-08-01 13:00:00,195.3689
2014-08-01 14:00:00,166.4106
2014-08-01 15:00:00,623.7302
2014-08-01 16:00:00,888.6443
2014-08-01 17:00:00,153.1994
2014-08-01 18:00:00,412.2412
2014-08-01 19:00:00,319.8912
2014-08-01 20:00:00,574.6139
2014-08-01 21:00:00,1049.9809
2014-08-01 22:00:00,177.4731
2014-08-01 23:00:00,125.1649
2014-08-02 00:00:00,129.0603
2014-08-02 01:00:00,130.7128
2014-08-02 02:00:00,140.2979
2014-08-02 03:00:00,214.0908
2014-08-02 04:00:00,169.4051
2014-08-02 05:00:00,139.0165
2014-08-02 06:00:00,142.0163
2014-08-02 07:00:00,284.0056
2014-08-02 08:00:00,159.2985
2014-08-02 09:00:00,174.3478
2014-08-02 10:00:00,170.0959
2014-08-02 11:00:00,260.966
2014-08-02 12:00:00,531.88
2014-08-02 13:00:00,552.2594
2014-08-02 14:00:00,619.4832
2014-08-02 15:00:00,208.7939
2014-08-02 16:00:00,137.4618
2014-08-02 17:00:00,294.4011
2014-08-02 18:00:00,1181.1372
2014-08-02 19:00:00,502.6003
2014-08-02 20:00:00,453.7042
2014-08-02 21:00:00,780.1198
2014-08-02 22:00:00,323.6116
2014-08-02 23:00:00,276.6129
2014-08-03 00:00:00,266.5411
2014-08-03 01:00:00,262.6062
2014-08-03 02:00:00,252.4749
2014-08-03 03:00:00,37.9127
2014-08-03 04:00:00,117.1655
2014-08-03 05:00:00,251.4083
2014-08-03 06:00:00,79.8715
2014-08-03 07:00:00,358.3199
2014-08-03 08:00:00,275.5373
2014-08-03 09:00:00,96.0876
2014-08-03 10:00:00,303.7698
2014-08-03 11:00:00,433.577
2014-08-03 12:00:00,698.1253
2014-08-03 13:00:00,334.2692
2014-08-03 14:00:00,375.4893
2014-08-03 15:00:00,181.5504
2014-08-03 16:00:00,252.2321
2014-08-03 17:00:00,293.8753
2014-08-03 18:00:00,461.8028
2014-08-03 19:00:00,580.1753
2014-08-03 20:00:00,405.3271
2014-08-03 21:00:00,995.6575
2014-08-03 22:00:00,335.9238
2014-08-03 23:00:00,253.9208
2014-08-04 00:00:00,87.17
2014-08-04 01:00:00,294.1293
2014-08-04 02:00:00,226.3333
2014-08-04 03:00:00,70.0762
2014-08-04 04:00:00,286.9795
2014-08-04 05:00:00,168.1326
2014-08-04 06:00:00,182.9882
2014-08-04 07:00:00,397.4528
2014-08-04 08:00:00,102.8159
2014-08-04 09:00:00,208.9723
2014-08-04 10:00:00,315.8652
2014-08-04 11:00:00,356.1905
2014-08-04 12:00:00,405.9596
2014-08-04 13:00:00,341.5131
2014-08-04 14:00:00,315.9073
2014-08-04 15:00:00,278.2637
2014-08-04 16:00:00,49.2891
2014-08-04 17:00:00,134.7261
2014-08-04 18:00:00,819.9002
2014-08-04 19:00:00,686.8317
2014-08-04 20:00:00,671.9631
2014-08-04 21:00:00,1078.6429
2014-08-04 22:00:00,249.1824
2014-08-04 23:00:00,248.1224
2014-08-05 00:00:00,202.5885
2014-08-05 01:00:00,44.7766
2014-08-05 02:00:00,280.5523
2014-08-05 03:00:00,143.2208
2014-08-05 04:00:00,71.8526
2014-08-05 05:00:00,339.5565
2014-08-05 06:00:00,235.5619
2014-08-05 07:00:00,259.0047
2014-08-05 08:00:00,335.6756
2014-08-05 09:00:00,176.2225
2014-08-05 10:00:00,304.2109
2014-08-05 11:00:00,382.4525
2014-08-05 12:00:00,329.9266
2014-08-05 13:00:00,321.0153
2014-08-05 14:00:00,244.0098
2014-08-05 15:00:00,60.1958
2014-08-05 16:00:00,295.6695
2014-08-05 17:00:00,152.9797
2014-08-05 18:00:00,391.947
2014-08-05 19:00:00,539.1484
2014-08-05 20:00:00,701.7977
2014-08-05 21:00:00,892.6171
2014-08-05 22:00:00,215.68
2014-08-05 23:00:00,49.6422
2014-08-06 00:00:00,208.3747
2014-08-06 01:00:00,224.4309
2014-08-06 02:00:00,89.2076
2014-08-06 03:00:00,268.7735
2014-08-06 04:00:00,179.2018
2014-08-06 05:00:00,49.1892
2014-08-06 06:00:00,299.3361
2014-08-06 07:00:00,101.1043
2014-08-06 08:00:00,295.5569
2014-08-06 09:00:00,150.5153
2014-08-06 10:00:00,239.6423
2014-08-06 11:00:00,474.7937
2014-08-06 12:00:00,404.1771
2014-08-06 13:00:00,554.06
2014-08-06 14:00:00,411.446
2014-08-06 15:00:00,565.7573
2014-08-06 16:00:00,285.9925
2014-08-06 17:00:00,281.9565
2014-08-06 18:00:00,466.8188
2014-08-06 19:00:00,473.8338
2014-08-06 20:00:00,535.4281
2014-08-06 21:00:00,758.791
2014-08-06 22:00:00,126.4087
2014-08-06 23:00:00,121.7682
2014-08-07 00:00:00,243.0901
2014-08-07 01:00:00,47.1602
2014-08-07 02:00:00,293.3371
2014-08-07 03:00:00,61.1956
2014-08-07 04:00:00,248.7553
2014-08-07 05:00:00,208.0054
2014-08-07 06:00:00,176.7455
2014-08-07 07:00:00,229.2555
2014-08-07 08:00:00,124.496
2014-08-07 09:00:00,348.7654
2014-08-07 10:00:00,129.9728
2014-08-07 11:00:00,355.4978
2014-08-07 12:00:00,370.5712
2014-08-07 13:00:00,337.2781
2014-08-07 14:00:00,339.3922
2014-08-07 15:00:00,275.312
2014-08-07 16:00:00,100.8135
2014-08-07 17:00:00,50.2301
2014-08-07 18:00:00,548.8472
2014-08-07 19:00:00,616.4791
2014-08-07 20:00:00,799.656
2014-08-07 21:00:00,911.5059
2014-08-07 22:00:00,315.7743
2014-08-07 23:00:00,277.0138
2014-08-08 00:00:00,75.2778
2014-08-08 01:00:00,207.5607
2014-08-08 02:00:00,217.8578
2014-08-08 03:00:00,49.0207
2014-08-08 04:00:00,289.5119
2014-08-08 05:00:00,154.3771
2014-08-08 06:00:00,225.2341
2014-08-08 07:00:00,335.2555
2014-08-08 08:00:00,338.9948
2014-08-08 09:00:00,343.7583
2014-08-08 10:00:00,266.0875
2014-08-08 11:00:00,368.7357
2014-08-08 12:00:00,339.3225
2014-08-08 13:00:00,731.047
2014-08-08 14:00:00,776.2039
2014-08-08 15:00:00,911.2288
2014-08-08 16:00:00,260.7023
2014-08-08 17:00:00,209.9383
2014-08-08 18:00:00,556.4483
2014-08-08 19:00:00,522.9798
2014-08-08 20:00:00,505.5771
2014-08-08 21:00:00,1211.414
2014-08-08 22:00:00,501.9944
2014-08-08 23:00:00,301.3217
2014-08-09 00:00:00,254.4443
2014-08-09 01:00:00,48.7236
2014-08-09 02:00:00,194.6214
2014-08-09 03:00:00,312.9135
2014-08-09 04:00:00,48.3377
2014-08-09 05:00:00,236.7412
2014-08-09 06:00:00,234.0617
2014-08-09 07:00:00,57.1762
2014-08-09 08:00:00,311.1559
2014-08-09 09:00:00,238.1378
2014-08-09 10:00:00,284.8941
2014-08-09 11:00:00,838.7218
2014-08-09 12:00:00,309.7485
2014-08-09 13:00:00,290.6046
2014-08-09 14:00:00,310.3029
2014-08-09 15:00:00,294.0893
2014-08-09 16:00:00,243.9385
2014-08-09 17:00:00,407.9416
2014-08-09 18:00:00,777.6821
2014-08-09 19:00:00,771.9939
2014-08-09 20:00:00,546.4307
2014-08-09 21:00:00,636.6105
2014-08-09 22:00:00,300.7113
2014-08-09 23:00:00,55.2014
2014-08-10 00:00:00,131.4481
2014-08-10 01:00:00,262.3398
2014-08-10 02:00:00,49.3592
2014-08-10 03:00:00,215.4247
2014-08-10 04:00:00,181.23
2014-08-10 05:00:00,86.485
2014-08-10 06:00:00,353.2192
2014-08-10 07:00:00,366.5303
2014-08-10 08:00:00,283.2031
2014-08-10 09:00:00,247.5679
2014-08-10 10:00:00,42.7953
2014-08-10 11:00:00,310.4431
2014-08-10 12:00:00,599.7026
2014-08-10 13:00:00,310.3235
2014-08-10 14:00:00,334.8928
2014-08-10 15:00:00,758.194
2014-08-10 16:00:00,780.7539
2014-08-10 17:00:00,855.8395
2014-08-10 18:00:00,789.5046
2014-08-10 19:00:00,488.7133
2014-08-10 20:00:00,571.4935
2014-08-10 21:00:00,409.6844
2014-08-10 22:00:00,93.3389
2014-08-10 23:00:00,221.2387
2014-08-11 00:00:00,307.8526
2014-08-11 01:00:00,117.9016
2014-08-11 02:00:00,194.4304
2014-08-11 03:00:00,277.3906
2014-08-11 04:00:00,51.7232
2014-08-11 05:00:00,225.4455
2014-08-11 06:00:00,310.6237
2014-08-11 07:00:00,151.4412
2014-08-11 08:00:00,306.3457
2014-08-11 09:00:00,293.1862
2014-08-11 10:00:00,287.0769
2014-08-11 11:00:00,276.9696
2014-08-11 12:00:00,282.8679
2014-08-11 13:00:00,299.7051
2014-08-11 14:00:00,303.8358
2014-08-11 15:00:00,340.6042
2014-08-11 16:00:00,271.6946
2014-08-11 17:00:00,261.2303
2014-08-11 18:00:00,329.9598
2014-08-11 19:00:00,473.2992
2014-08-11 20:00:00,644.9619
2014-08-11 21:00:00,1021.5345
2014-08-11 22:00:00,550.7903
2014-08-11 23:00:00,598.9341
2014-08-12 00:00:00,233.1178
2014-08-12 01:00:00,179.9909
2014-08-12 02:00:00,173.9691
2014-08-12 03:00:00,148.2752
2014-08-12 04:00:00,124.7402
2014-08-12 05:00:00,125.9558
2014-08-12 06:00:00,149.0432
2014-08-12 07:00:00,199.3841
2014-08-12 08:00:00,162.6358
2014-08-12 09:00:00,153.9553
2014-08-12 10:00:00,148.2445
2014-08-12 11:00:00,301.0966
2014-08-12 12:00:00,246.6819
2014-08-12 13:00:00,181.8339
2014-08-12 14:00:00,168.5707
2014-08-12 15:00:00,158.2754
2014-08-12 16:00:00,129.892
2014-08-12 17:00:00,125.6738
2014-08-12 18:00:00,121.4858
2014-08-12 19:00:00,164.6005
2014-08-12 20:00:00,193.1779
2014-08-12 21:00:00,444.6757
2014-08-12 22:00:00,176.409
2014-08-12 23:00:00,161.1615
2014-08-13 00:00:00,163.7449
2014-08-13 01:00:00,162.2735
2014-08-13 02:00:00,162.0026
2014-08-13 03:00:00,160.8225
2014-08-13 04:00:00,197.0327
2014-08-13 05:00:00,244.4872
2014-08-13 06:00:00,174.8824
2014-08-13 07:00:00,140.2483
2014-08-13 08:00:00,140.8245
2014-08-13 09:00:00,138.7668
2014-08-13 10:00:00,139.2471
2014-08-13 11:00:00,140.7874
2014-08-13 12:00:00,142.4341
2014-08-13 13:00:00,142.5076
2014-08-13 14:00:00,142.2485
2014-08-13 15:00:00,143.1894
2014-08-13 16:00:00,144.1505
2014-08-13 17:00:00,144.8511
2014-08-13 18:00:00,143.8097
2014-08-13 19:00:00,145.0951
2014-08-13 20:00:00,144.1421
2014-08-13 21:00:00,184.3878
2014-08-13 22:00:00,144.149
2014-08-13 23:00:00,145.3048
2014-08-14 00:00:00,142.1115
2014-08-14 01:00:00,141.6641
2014-08-14 02:00:00,143.2196
2014-08-14 03:00:00,144.2171
2014-08-14 04:00:00,145.2108
2014-08-14 05:00:00,145.6346
2014-08-14 06:00:00,145.848
2014-08-14 07:00:00,139.3952
2014-08-14 08:00:00,130.2129
2014-08-14 09:00:00,131.1882
2014-08-14 10:00:00,128.2465
2014-08-14 11:00:00,126.9411
2014-08-14 12:00:00,132.3426
2014-08-14 13:00:00,149.6501
2014-08-14 14:00:00,148.6018
2014-08-14 15:00:00,148.621
2014-08-14 16:00:00,147.4985
2014-08-14 17:00:00,145.6613
2014-08-14 18:00:00,146.0257
2014-08-14 19:00:00,147.4697
2014-08-14 20:00:00,147.0691
2014-08-14 21:00:00,185.6399
2014-08-14 22:00:00,140.6497
2014-08-14 23:00:00,123.4817
2014-08-15 00:00:00,123.3506
2014-08-15 01:00:00,120.437
2014-08-15 02:00:00,125.1183
2014-08-15 03:00:00,145.7266
2014-08-15 04:00:00,146.7717
2014-08-15 05:00:00,145.2139
2014-08-15 06:00:00,145.4089
2014-08-15 07:00:00,143.8853
2014-08-15 08:00:00,145.6496
2014-08-15 09:00:00,145.1153
2014-08-15 10:00:00,145.1813
2014-08-15 11:00:00,145.2642
2014-08-15 12:00:00,123.2064
2014-08-15 13:00:00,118.3164
2014-08-15 14:00:00,118.5905
2014-08-15 15:00:00,123.0349
2014-08-15 16:00:00,143.9007
2014-08-15 17:00:00,142.3929
2014-08-15 18:00:00,144.1656
2014-08-15 19:00:00,143.4186
2014-08-15 20:00:00,144.2729
2014-08-15 21:00:00,211.8107
2014-08-15 22:00:00,143.9587
2014-08-15 23:00:00,142.299
2014-08-16 00:00:00,136.7561
2014-08-16 01:00:00,118.878
2014-08-16 02:00:00,117.4754
2014-08-16 03:00:00,116.9253
2014-08-16 04:00:00,129.9206
2014-08-16 05:00:00,143.4251
2014-08-16 06:00:00,145.557
2014-08-16 07:00:00,143.9554
2014-08-16 08:00:00,141.5142
2014-08-16 09:00:00,139.4778
2014-08-16 10:00:00,139.9445
2014-08-16 11:00:00,139.6666
2014-08-16 12:00:00,138.7861
2014-08-16 13:00:00,136.3818
2014-08-16 14:00:00,112.381
2014-08-16 15:00:00,109.9392
2014-08-16 16:00:00,108.4468
2014-08-16 17:00:00,134.5306
2014-08-16 18:00:00,139.8014
2014-08-16 19:00:00,138.269
2014-08-16 20:00:00,139.9526
2014-08-16 21:00:00,202.1928
2014-08-16 22:00:00,138.8716
2014-08-16 23:00:00,138.8372
2014-08-17 00:00:00,135.9776
2014-08-17 01:00:00,136.4605
2014-08-17 02:00:00,124.9239
2014-08-17 03:00:00,114.5795
2014-08-17 04:00:00,111.9264
2014-08-17 05:00:00,111.2642
2014-08-17 06:00:00,139.7662
2014-08-17 07:00:00,138.9178
2014-08-17 08:00:00,138.8092
2014-08-17 09:00:00,137.5745
2014-08-17 10:00:00,136.8795
2014-08-17 11:00:00,139.2609
2014-08-17 12:00:00,138.2347
2014-08-17 13:00:00,140.8857
2014-08-17 14:00:00,121.8038
2014-08-17 15:00:00,107.347
2014-08-17 16:00:00,106.4111
2014-08-17 17:00:00,131.2709
2014-08-17 18:00:00,140.8713
2014-08-17 19:00:00,138.8634
2014-08-17 20:00:00,139.9986
2014-08-17 21:00:00,200.6614
2014-08-17 22:00:00,141.1481
2014-08-17 23:00:00,139.4922
2014-08-18 00:00:00,136.761
2014-08-18 01:00:00,106.3982
2014-08-18 02:00:00,105.2752
2014-08-18 03:00:00,114.4529
2014-08-18 04:00:00,141.9583
2014-08-18 05:00:00,142.2572
2014-08-18 06:00:00,142.6931
2014-08-18 07:00:00,143.2919
2014-08-18 08:00:00,141.8615
2014-08-18 09:00:00,140.0502
2014-08-18 10:00:00,142.599
2014-08-18 11:00:00,118.3373
2014-08-18 12:00:00,106.9501
2014-08-18 13:00:00,104.8758
2014-08-18 14:00:00,137.8871
2014-08-18 15:00:00,141.5888
2014-08-18 16:00:00,140.2985
2014-08-18 17:00:00,140.2923
2014-08-18 18:00:00,142.0376
2014-08-18 19:00:00,139.4559
2014-08-18 20:00:00,139.4853
2014-08-18 21:00:00,399.0381
2014-08-18 22:00:00,108.3263
2014-08-18 23:00:00,107.6506
2014-08-19 00:00:00,111.3187
2014-08-19 01:00:00,139.8665
2014-08-19 02:00:00,142.6879
2014-08-19 03:00:00,140.6464
2014-08-19 04:00:00,141.8554
2014-08-19 05:00:00,140.7022
2014-08-19 06:00:00,139.9794
2014-08-19 07:00:00,139.7541
2014-08-19 08:00:00,127.37
2014-08-19 09:00:00,110.2769
2014-08-19 10:00:00,107.7391
2014-08-19 11:00:00,122.1857
2014-08-19 12:00:00,140.6808
2014-08-19 13:00:00,139.941
2014-08-19 14:00:00,143.3319
2014-08-19 15:00:00,139.9329
2014-08-19 16:00:00,145.0148
2014-08-19 17:00:00,141.8366
2014-08-19 18:00:00,136.4448
2014-08-19 19:00:00,128.2015
2014-08-19 20:00:00,107.864
2014-08-19 21:00:00,268.7705
2014-08-19 22:00:00,120.2548
2014-08-19 23:00:00,138.5819
2014-08-20 00:00:00,136.6702
2014-08-20 01:00:00,138.4476
2014-08-20 02:00:00,140.6486
2014-08-20 03:00:00,138.8435
2014-08-20 04:00:00,139.8408
2014-08-20 05:00:00,138.1569
2014-08-20 06:00:00,115.2096
2014-08-20 07:00:00,109.3675
2014-08-20 08:00:00,103.8204
2014-08-20 09:00:00,128.3622
2014-08-20 10:00:00,137.8719
2014-08-20 11:00:00,138.6711
2014-08-20 12:00:00,137.4525
2014-08-20 13:00:00,136.7252
2014-08-20 14:00:00,139.3469
2014-08-20 15:00:00,139.879
2014-08-20 16:00:00,137.3792
2014-08-20 17:00:00,107.974
2014-08-20 18:00:00,105.3235
2014-08-20 19:00:00,100.6233
2014-08-20 20:00:00,139.0811
2014-08-20 21:00:00,190.9936
2014-08-20 22:00:00,138.7418
2014-08-20 23:00:00,138.3341
2014-08-21 00:00:00,139.3266
2014-08-21 01:00:00,138.6923
2014-08-21 02:00:00,139.9969
2014-08-21 03:00:00,125.5736
2014-08-21 04:00:00,105.9457
2014-08-21 05:00:00,103.7057
2014-08-21 06:00:00,128.2792
2014-08-21 07:00:00,135.3065
2014-08-21 08:00:00,146.9393
2014-08-21 09:00:00,147.3633
2014-08-21 10:00:00,140.018
2014-08-21 11:00:00,138.1316
2014-08-21 12:00:00,142.5888
2014-08-21 13:00:00,129.3944
2014-08-21 14:00:00,107.4206
2014-08-21 15:00:00,105.9421
2014-08-21 16:00:00,122.9476
2014-08-21 17:00:00,140.1282
2014-08-21 18:00:00,137.2438
2014-08-21 19:00:00,136.2694
2014-08-21 20:00:00,137.7323
2014-08-21 21:00:00,188.936
2014-08-21 22:00:00,140.0177
2014-08-21 23:00:00,140.1788
2014-08-22 00:00:00,116.1287
2014-08-22 01:00:00,109.5727
2014-08-22 02:00:00,105.8824
2014-08-22 03:00:00,139.2173
2014-08-22 04:00:00,142.0037
2014-08-22 05:00:00,140.9351
2014-08-22 06:00:00,141.3287
2014-08-22 07:00:00,139.9195
2014-08-22 08:00:00,138.9514
2014-08-22 09:00:00,136.1973
2014-08-22 10:00:00,134.6089
2014-08-22 11:00:00,113.0968
2014-08-22 12:00:00,108.6147
2014-08-22 13:00:00,109.7484
2014-08-22 14:00:00,138.33
2014-08-22 15:00:00,140.0767
2014-08-22 16:00:00,137.1919
2014-08-22 17:00:00,138.7158
2014-08-22 18:00:00,137.5157
2014-08-22 19:00:00,140.8347
2014-08-22 20:00:00,140.8743
2014-08-22 21:00:00,421.7625
2014-08-22 22:00:00,109.7807
2014-08-22 23:00:00,96.1104
2014-08-23 00:00:00,115.4469
2014-08-23 01:00:00,138.8189
2014-08-23 02:00:00,141.3735
2014-08-23 03:00:00,140.2064
2014-08-23 04:00:00,141.2194
2014-08-23 05:00:00,141.8025
2014-08-23 06:00:00,140.6292
2014-08-23 07:00:00,142.0372
2014-08-23 08:00:00,128.1088
2014-08-23 09:00:00,110.0201
2014-08-23 10:00:00,109.7436
2014-08-23 11:00:00,121.4587
2014-08-23 12:00:00,140.0388
2014-08-23 13:00:00,141.1794
2014-08-23 14:00:00,139.8369
2014-08-23 15:00:00,138.5049
2014-08-23 16:00:00,137.886
2014-08-23 17:00:00,139.1146
2014-08-23 18:00:00,136.5106
2014-08-23 19:00:00,135.7876
2014-08-23 20:00:00,107.0573
2014-08-23 21:00:00,421.2919
2014-08-23 22:00:00,108.8092
2014-08-23 23:00:00,138.5706
2014-08-24 00:00:00,136.8732
2014-08-24 01:00:00,138.3663
2014-08-24 02:00:00,138.4931
2014-08-24 03:00:00,137.6858
2014-08-24 04:00:00,137.5879
2014-08-24 05:00:00,137.7396
2014-08-24 06:00:00,136.4641
2014-08-24 07:00:00,123.7287
2014-08-24 08:00:00,106.0543
2014-08-24 09:00:00,104.1577
2014-08-24 10:00:00,115.9475
2014-08-24 11:00:00,139.0114
2014-08-24 12:00:00,135.8576
2014-08-24 13:00:00,136.5249
2014-08-24 14:00:00,136.372
2014-08-24 15:00:00,136.5331
2014-08-24 16:00:00,136.845
2014-08-24 17:00:00,136.47
2014-08-24 18:00:00,128.4505
2014-08-24 19:00:00,104.9313
2014-08-24 20:00:00,635.1093
2014-08-24 21:00:00,1206.9477
2014-08-24 22:00:00,265.6201
2014-08-24 23:00:00,161.3447
2014-08-25 00:00:00,154.5921
2014-08-25 01:00:00,153.1341
2014-08-25 02:00:00,152.306
2014-08-25 03:00:00,153.2768
2014-08-25 04:00:00,148.4567
2014-08-25 05:00:00,126.7778
2014-08-25 06:00:00,107.9003
2014-08-25 07:00:00,143.2936
2014-08-25 08:00:00,609.6577
2014-08-25 09:00:00,521.347
2014-08-25 10:00:00,183.294
2014-08-25 11:00:00,594.1501
2014-08-25 12:00:00,575.0388
2014-08-25 13:00:00,561.5515
2014-08-25 14:00:00,406.2348
2014-08-25 15:00:00,319.9597
2014-08-25 16:00:00,308.2862
2014-08-25 17:00:00,192.8725
2014-08-25 18:00:00,234.5535
2014-08-25 19:00:00,644.4368
2014-08-25 20:00:00,619.7331
2014-08-25 21:00:00,620.6227
2014-08-25 22:00:00,265.6201
2014-08-25 23:00:00,161.3447
2014-08-26 00:00:00,154.5921
2014-08-26 01:00:00,153.1341
2014-08-26 02:00:00,152.306
2014-08-26 03:00:00,153.2768
2014-08-26 04:00:00,148.4567
2014-08-26 05:00:00,126.7778
2014-08-26 06:00:00,107.9003
2014-08-26 07:00:00,440.3693
2014-08-26 08:00:00,651.3069
2014-08-26 09:00:00,389.4413
2014-08-26 10:00:00,247.3384
2014-08-26 11:00:00,298.7942
2014-08-26 12:00:00,162.2663
2014-08-26 13:00:00,155.5927
2014-08-26 14:00:00,155.567
2014-08-26 15:00:00,552.3443
2014-08-26 16:00:00,231.3327
2014-08-26 17:00:00,576.0291
2014-08-26 18:00:00,1298.2565
2014-08-26 19:00:00,1233.9567
2014-08-26 20:00:00,566.9141
2014-08-26 21:00:00,1501.9297
2014-08-26 22:00:00,316.2317
2014-08-26 23:00:00,166.2097
2014-08-27 00:00:00,146.9477
2014-08-27 01:00:00,146.8722
2014-08-27 02:00:00,148.2461
2014-08-27 03:00:00,149.4239
2014-08-27 04:00:00,147.7398
2014-08-27 05:00:00,148.4099
2014-08-27 06:00:00,138.7774
2014-08-27 07:00:00,137.8353
2014-08-27 08:00:00,139.2967
2014-08-27 09:00:00,198.1582
2014-08-27 10:00:00,224.8877
2014-08-27 11:00:00,293.3464
2014-08-27 12:00:00,178.0793
2014-08-27 13:00:00,172.2666
2014-08-27 14:00:00,171.6475
2014-08-27 15:00:00,168.4096
2014-08-27 16:00:00,167.3797
2014-08-27 17:00:00,630.8999
2014-08-27 18:00:00,1358.8784
2014-08-27 19:00:00,2464.2669
2014-08-27 20:00:00,479.8364
2014-08-27 21:00:00,538.326
2014-08-27 22:00:00,185.5271
2014-08-27 23:00:00,172.8822
2014-08-28 00:00:00,138.7513
2014-08-28 01:00:00,139.2662
2014-08-28 02:00:00,138.0712
2014-08-28 03:00:00,140.9968
2014-08-28 04:00:00,139.3742
2014-08-28 05:00:00,138.2101
2014-08-28 06:00:00,202.3114
2014-08-28 07:00:00,140.548
2014-08-28 08:00:00,161.4294
2014-08-28 09:00:00,728.3841
2014-08-28 10:00:00,605.2828
2014-08-28 11:00:00,574.035
2014-08-28 12:00:00,393.0795
2014-08-28 13:00:00,197.7501
2014-08-28 14:00:00,170.7635
2014-08-28 15:00:00,164.5245
2014-08-28 16:00:00,144.1332
2014-08-28 17:00:00,582.1676
2014-08-28 18:00:00,1491.0369
2014-08-28 19:00:00,1304.215
2014-08-28 20:00:00,647.3329
2014-08-28 21:00:00,381.9968
2014-08-28 22:00:00,204.0448
2014-08-28 23:00:00,165.8992
2014-08-29 00:00:00,133.3399
2014-08-29 01:00:00,116.6772
2014-08-29 02:00:00,145.2833
2014-08-29 03:00:00,150.9071
2014-08-29 04:00:00,151.2833
2014-08-29 05:00:00,149.3548
2014-08-29 06:00:00,151.5585
2014-08-29 07:00:00,428.2873
2014-08-29 08:00:00,678.9537
2014-08-29 09:00:00,851.9977
2014-08-29 10:00:00,914.9076
2014-08-29 11:00:00,619.1711
2014-08-29 12:00:00,163.0971
2014-08-29 13:00:00,148.2226
2014-08-29 14:00:00,190.8337
2014-08-29 15:00:00,172.0564
2014-08-29 16:00:00,162.016
2014-08-29 17:00:00,762.7662
2014-08-29 18:00:00,1439.0719
2014-08-29 19:00:00,1184.6838
2014-08-29 20:00:00,206.4297
2014-08-29 21:00:00,483.6364
2014-08-29 22:00:00,330.1233
2014-08-29 23:00:00,155.6765
2014-08-30 00:00:00,143.828
2014-08-30 01:00:00,144.163
2014-08-30 02:00:00,145.1861
2014-08-30 03:00:00,144.703
2014-08-30 04:00:00,144.7287
2014-08-30 05:00:00,145.408
2014-08-30 06:00:00,149.0852
2014-08-30 07:00:00,137.3297
2014-08-30 08:00:00,173.4029
2014-08-30 09:00:00,144.2345
2014-08-30 10:00:00,144.7215
2014-08-30 11:00:00,144.311
2014-08-30 12:00:00,144.1764
2014-08-30 13:00:00,143.5778
2014-08-30 14:00:00,144.8743
2014-08-30 15:00:00,146.1991
2014-08-30 16:00:00,146.5227
2014-08-30 17:00:00,722.0775
2014-08-30 18:00:00,2057.7952
2014-08-30 19:00:00,1443.0686
2014-08-30 20:00:00,165.034
2014-08-30 21:00:00,194.5124
2014-08-30 22:00:00,147.1095
2014-08-30 23:00:00,232.9792
2014-08-31 00:00:00,199.3182
2014-08-31 01:00:00,160.1242
2014-08-31 02:00:00,148.2743
2014-08-31 03:00:00,148.6381
2014-08-31 04:00:00,148.8948
2014-08-31 05:00:00,148.7356
2014-08-31 06:00:00,149.4344
2014-08-31 07:00:00,150.2615
2014-08-31 08:00:00,149.7834
2014-08-31 09:00:00,171.415
2014-08-31 10:00:00,240.9055
2014-08-31 11:00:00,312.8272
2014-08-31 12:00:00,202.7258
2014-08-31 13:00:00,232.1433
2014-08-31 14:00:00,204.924
2014-08-31 15:00:00,317.9851
2014-08-31 16:00:00,695.2554
2014-08-31 17:00:00,224.94
2014-08-31 18:00:00,369.7763
2014-08-31 19:00:00,488.1979
2014-08-31 20:00:00,464.3733
2014-08-31 21:00:00,432.5713
2014-08-31 22:00:00,194.0793
2014-08-31 23:00:00,171.6305
2014-09-01 00:00:00,156.4102
2014-09-01 01:00:00,155.9509
2014-09-01 02:00:00,159.1322
2014-09-01 03:00:00,157.4674
2014-09-01 04:00:00,145.1894
2014-09-01 05:00:00,217.8178
2014-09-01 06:00:00,118.4023
2014-09-01 07:00:00,159.0784
2014-09-01 08:00:00,172.612
2014-09-01 09:00:00,181.36
2014-09-01 10:00:00,179.8379
2014-09-01 11:00:00,256.6208
2014-09-01 12:00:00,255.705
2014-09-01 13:00:00,234.5991
2014-09-01 14:00:00,222.193
2014-09-01 15:00:00,209.2726
2014-09-01 16:00:00,124.8978
2014-09-01 17:00:00,187.0236
2014-09-01 18:00:00,361.1203
2014-09-01 19:00:00,681.314
2014-09-01 20:00:00,648.4321
2014-09-01 21:00:00,1224.7389
2014-09-01 22:00:00,238.117
2014-09-01 23:00:00,210.5033
2014-09-02 00:00:00,197.2165
2014-09-02 01:00:00,173.1906
2014-09-02 02:00:00,158.1806
2014-09-02 03:00:00,132.9335
2014-09-02 04:00:00,120.9147
2014-09-02 05:00:00,130.3178
2014-09-02 06:00:00,142.8199
2014-09-02 07:00:00,148.2916
2014-09-02 08:00:00,145.0793
2014-09-02 09:00:00,145.7605
2014-09-02 10:00:00,151.379
2014-09-02 11:00:00,174.2324
2014-09-02 12:00:00,248.4208
2014-09-02 13:00:00,187.839
2014-09-02 14:00:00,178.6753
2014-09-02 15:00:00,296.9398
2014-09-02 16:00:00,321.7618
2014-09-02 17:00:00,253.6823
2014-09-02 18:00:00,407.6567
2014-09-02 19:00:00,485.1784
2014-09-02 20:00:00,291.313
2014-09-02 21:00:00,444.4526
2014-09-02 22:00:00,178.053
2014-09-02 23:00:00,155.5498
2014-09-03 00:00:00,136.5346
2014-09-03 01:00:00,97.2287
2014-09-03 02:00:00,135.6812
2014-09-03 03:00:00,153.3035
2014-09-03 04:00:00,152.9953
2014-09-03 05:00:00,208.7949
2014-09-03 06:00:00,137.5528
2014-09-03 07:00:00,153.9274
2014-09-03 08:00:00,114.8596
2014-09-03 09:00:00,124.708
2014-09-03 10:00:00,172.6554
2014-09-03 11:00:00,216.8945
2014-09-03 12:00:00,193.2897
2014-09-03 13:00:00,168.1901
2014-09-03 14:00:00,170.5034
2014-09-03 15:00:00,191.6027
2014-09-03 16:00:00,254.0079
2014-09-03 17:00:00,234.4493
2014-09-03 18:00:00,319.3668
2014-09-03 19:00:00,501.1376
2014-09-03 20:00:00,613.8951
2014-09-03 21:00:00,1127.3832
2014-09-03 22:00:00,345.1585
2014-09-03 23:00:00,151.1387
2014-09-04 00:00:00,143.8133
2014-09-04 01:00:00,144.199
2014-09-04 02:00:00,145.1448
2014-09-04 03:00:00,145.7794
2014-09-04 04:00:00,144.2459
2014-09-04 05:00:00,145.9293
2014-09-04 06:00:00,144.2831
2014-09-04 07:00:00,97.6117
2014-09-04 08:00:00,105.1075
2014-09-04 09:00:00,146.8573
2014-09-04 10:00:00,149.8398
2014-09-04 11:00:00,162.4703
2014-09-04 12:00:00,152.0959
2014-09-04 13:00:00,167.3983
2014-09-04 14:00:00,282.185
2014-09-04 15:00:00,283.6498
2014-09-04 16:00:00,155.8419
2014-09-04 17:00:00,177.1299
2014-09-04 18:00:00,376.6021
2014-09-04 19:00:00,579.6758
2014-09-04 20:00:00,575.6946
2014-09-04 21:00:00,748.5594
2014-09-04 22:00:00,175.8346
2014-09-04 23:00:00,150.6739
2014-09-05 00:00:00,111.3353
2014-09-05 01:00:00,147.7578
2014-09-05 02:00:00,154.4376
2014-09-05 03:00:00,152.0941
2014-09-05 04:00:00,153.3018
2014-09-05 05:00:00,178.1362
2014-09-05 06:00:00,145.8446
2014-09-05 07:00:00,109.8021
2014-09-05 08:00:00,128.688
2014-09-05 09:00:00,171.2473
2014-09-05 10:00:00,164.8174
2014-09-05 11:00:00,221.6076
2014-09-05 12:00:00,155.0123
2014-09-05 13:00:00,175.4907
2014-09-05 14:00:00,183.5877
2014-09-05 15:00:00,173.9008
2014-09-05 16:00:00,145.6339
2014-09-05 17:00:00,183.0659
2014-09-05 18:00:00,390.9012
2014-09-05 19:00:00,522.7801
2014-09-05 20:00:00,560.468
2014-09-05 21:00:00,1060.2706
2014-09-05 22:00:00,222.9812
2014-09-05 23:00:00,190.6003
2014-09-06 00:00:00,152.202
2014-09-06 01:00:00,151.1639
2014-09-06 02:00:00,150.9918
2014-09-06 03:00:00,152.1264
2014-09-06 04:00:00,148.2407
2014-09-06 05:00:00,369.9561
2014-09-06 06:00:00,449.2394
2014-09-06 07:00:00,241.4681
2014-09-06 08:00:00,174.0552
2014-09-06 09:00:00,252.6796
2014-09-06 10:00:00,177.2567
2014-09-06 11:00:00,163.9957
2014-09-06 12:00:00,151.8316
2014-09-06 13:00:00,151.2639
2014-09-06 14:00:00,151.1079
2014-09-06 15:00:00,168.4976
2014-09-06 16:00:00,150.0131
2014-09-06 17:00:00,196.542
2014-09-06 18:00:00,178.5655
2014-09-06 19:00:00,149.851
2014-09-06 20:00:00,116.8157
2014-09-06 21:00:00,388.4279
2014-09-06 22:00:00,126.481
2014-09-06 23:00:00,263.877
2014-09-07 00:00:00,183.2776
2014-09-07 01:00:00,165.9159
2014-09-07 02:00:00,165.6159
2014-09-07 03:00:00,166.2723
2014-09-07 04:00:00,163.4308
2014-09-07 05:00:00,126.6233
2014-09-07 06:00:00,124.0089
2014-09-07 07:00:00,150.0652
2014-09-07 08:00:00,190.2245
2014-09-07 09:00:00,181.4203
2014-09-07 10:00:00,174.3036
2014-09-07 11:00:00,294.0237
2014-09-07 12:00:00,540.3653
2014-09-07 13:00:00,233.4174
2014-09-07 14:00:00,275.0981
2014-09-07 15:00:00,200.4308
2014-09-07 16:00:00,275.6115
2014-09-07 17:00:00,149.3117
2014-09-07 18:00:00,151.2624
2014-09-07 19:00:00,147.2656
2014-09-07 20:00:00,149.33
2014-09-07 21:00:00,436.9379
2014-09-07 22:00:00,182.1436
2014-09-07 23:00:00,161.3126
2014-09-08 00:00:00,163.4737
2014-09-08 01:00:00,211.5352
2014-09-08 02:00:00,169.5247
2014-09-08 03:00:00,160.6144
2014-09-08 04:00:00,161.3107
2014-09-08 05:00:00,176.1808
2014-09-08 06:00:00,161.1639
2014-09-08 07:00:00,135.0756
2014-09-08 08:00:00,112.4166
2014-09-08 09:00:00,132.4182
2014-09-08 10:00:00,229.3783
2014-09-08 11:00:00,229.9193
2014-09-08 12:00:00,180.7861
2014-09-08 13:00:00,189.8143
2014-09-08 14:00:00,203.9207
2014-09-08 15:00:00,187.4415
2014-09-08 16:00:00,156.472
2014-09-08 17:00:00,200.4476
2014-09-08 18:00:00,379.8962
2014-09-08 19:00:00,538.3855
2014-09-08 20:00:00,543.3333
2014-09-08 21:00:00,307.5337
2014-09-08 22:00:00,192.9424
2014-09-08 23:00:00,189.507
2014-09-09 00:00:00,146.82
2014-09-09 01:00:00,145.1875
2014-09-09 02:00:00,144.3564
2014-09-09 03:00:00,143.4151
2014-09-09 04:00:00,140.718
2014-09-09 05:00:00,148.5347
2014-09-09 06:00:00,139.0105
2014-09-09 07:00:00,156.2635
2014-09-09 08:00:00,152.3318
2014-09-09 09:00:00,150.1379
2014-09-09 10:00:00,143.0918
2014-09-09 11:00:00,264.9354
2014-09-09 12:00:00,273.8732
2014-09-09 13:00:00,220.8286
2014-09-09 14:00:00,203.3252
2014-09-09 15:00:00,202.7301
2014-09-09 16:00:00,159.5924
2014-09-09 17:00:00,234.6024
2014-09-09 18:00:00,280.8169
2014-09-09 19:00:00,489.8187
2014-09-09 20:00:00,554.756
2014-09-09 21:00:00,368.6353
2014-09-09 22:00:00,171.2756
2014-09-09 23:00:00,147.5691
2014-09-10 00:00:00,145.4432
2014-09-10 01:00:00,147.6935
2014-09-10 02:00:00,147.0181
2014-09-10 03:00:00,146.6938
2014-09-10 04:00:00,147.2534
2014-09-10 05:00:00,181.9099
2014-09-10 06:00:00,159.5253
2014-09-10 07:00:00,183.9737
2014-09-10 08:00:00,179.3105
2014-09-10 09:00:00,171.8938
2014-09-10 10:00:00,139.1603
2014-09-10 11:00:00,139.2948
2014-09-10 12:00:00,226.2992
2014-09-10 13:00:00,278.3527
2014-09-10 14:00:00,213.1314
2014-09-10 15:00:00,362.4228
2014-09-10 16:00:00,430.7566
2014-09-10 17:00:00,237.7032
2014-09-10 18:00:00,440.6553
2014-09-10 19:00:00,552.5179
2014-09-10 20:00:00,527.4558
2014-09-10 21:00:00,410.5162
2014-09-10 22:00:00,184.7167
2014-09-10 23:00:00,171.3062
2014-09-11 00:00:00,150.3055
2014-09-11 01:00:00,150.6946
2014-09-11 02:00:00,152.1081
2014-09-11 03:00:00,151.7598
2014-09-11 04:00:00,150.0342
2014-09-11 05:00:00,185.7751
2014-09-11 06:00:00,154.7523
2014-09-11 07:00:00,134.4193
2014-09-11 08:00:00,239.6827
2014-09-11 09:00:00,329.5899
2014-09-11 10:00:00,471.0061
2014-09-11 11:00:00,469.7221
2014-09-11 12:00:00,274.184
2014-09-11 13:00:00,353.6027
2014-09-11 14:00:00,424.6444
2014-09-11 15:00:00,150.6764
2014-09-11 16:00:00,180.023
2014-09-11 17:00:00,164.7413
2014-09-11 18:00:00,156.3849
2014-09-11 19:00:00,157.4008
2014-09-11 20:00:00,155.4962
2014-09-11 21:00:00,392.0205
2014-09-11 22:00:00,104.1653
2014-09-11 23:00:00,127.1321
2014-09-12 00:00:00,188.5326
2014-09-12 01:00:00,190.9049
2014-09-12 02:00:00,178.8594
2014-09-12 03:00:00,158.6628
2014-09-12 04:00:00,101.0664
2014-09-12 05:00:00,146.774
2014-09-12 06:00:00,170.0676
2014-09-12 07:00:00,225.572
2014-09-12 08:00:00,263.8203
2014-09-12 09:00:00,129.2953
2014-09-12 10:00:00,409.1575
2014-09-12 11:00:00,419.6715
2014-09-12 12:00:00,313.1677
2014-09-12 13:00:00,256.2247
2014-09-12 14:00:00,202.0827
2014-09-12 15:00:00,200.5082
2014-09-12 16:00:00,99.4325
2014-09-12 17:00:00,144.2233
2014-09-12 18:00:00,286.6836
2014-09-12 19:00:00,335.1667
2014-09-12 20:00:00,281.7996
2014-09-12 21:00:00,461.0783
2014-09-12 22:00:00,210.9154
2014-09-12 23:00:00,210.0325
2014-09-13 00:00:00,107.4263
2014-09-13 01:00:00,164.5796
2014-09-13 02:00:00,162.3785
2014-09-13 03:00:00,163.5184
2014-09-13 04:00:00,139.0714
2014-09-13 05:00:00,87.8897
2014-09-13 06:00:00,254.3578
2014-09-13 07:00:00,523.4369
2014-09-13 08:00:00,151.4156
2014-09-13 09:00:00,107.5368
2014-09-13 10:00:00,295.0362
2014-09-13 11:00:00,219.6321
2014-09-13 12:00:00,396.3099
2014-09-13 13:00:00,180.2832
2014-09-13 14:00:00,181.7637
2014-09-13 15:00:00,122.6191
2014-09-13 16:00:00,83.2645
2014-09-13 17:00:00,181.2585
2014-09-13 18:00:00,2278.0221
2014-09-13 19:00:00,540.5324
2014-09-13 20:00:00,406.6994
2014-09-13 21:00:00,604.1551
2014-09-13 22:00:00,241.9641
2014-09-13 23:00:00,178.7661
2014-09-14 00:00:00,109.4843
2014-09-14 01:00:00,109.6281
2014-09-14 02:00:00,160.7945
2014-09-14 03:00:00,160.8091
2014-09-14 04:00:00,137.5935
2014-09-14 05:00:00,81.7571
2014-09-14 06:00:00,170.5066
2014-09-14 07:00:00,147.5005
2014-09-14 08:00:00,157.8653
2014-09-14 09:00:00,75.12
2014-09-14 10:00:00,121.6456
2014-09-14 11:00:00,213.1567
2014-09-14 12:00:00,594.9963
2014-09-14 13:00:00,507.2601
2014-09-14 14:00:00,528.8807
2014-09-14 15:00:00,710.9149
2014-09-14 16:00:00,149.5607
2014-09-14 17:00:00,151.0483
2014-09-14 18:00:00,150.0122
2014-09-14 19:00:00,143.6024
2014-09-14 20:00:00,88.6022
2014-09-14 21:00:00,358.9263
2014-09-14 22:00:00,227.8201
2014-09-14 23:00:00,195.3083
2014-09-15 00:00:00,212.4081
2014-09-15 01:00:00,145.795
2014-09-15 02:00:00,146.1708
2014-09-15 03:00:00,162.3321
2014-09-15 04:00:00,160.2999
2014-09-15 05:00:00,153.8341
2014-09-15 06:00:00,111.3469
2014-09-15 07:00:00,85.6415
2014-09-15 08:00:00,168.546
2014-09-15 09:00:00,439.0386
2014-09-15 10:00:00,501.8012
2014-09-15 11:00:00,285.384
2014-09-15 12:00:00,133.5207
2014-09-15 13:00:00,177.1404
2014-09-15 14:00:00,182.3715
2014-09-15 15:00:00,184.1688
2014-09-15 16:00:00,144.1134
2014-09-15 17:00:00,222.0309
2014-09-15 18:00:00,259.0146
2014-09-15 19:00:00,300.1168
2014-09-15 20:00:00,429.7483
2014-09-15 21:00:00,554.0526
2014-09-15 22:00:00,249.9328
2014-09-15 23:00:00,211.3537
2014-09-16 00:00:00,177.7149
2014-09-16 01:00:00,119.9381
2014-09-16 02:00:00,145.7315
2014-09-16 03:00:00,164.703
2014-09-16 04:00:00,163.271
2014-09-16 05:00:00,176.999
2014-09-16 06:00:00,115.5824
2014-09-16 07:00:00,108.6946
2014-09-16 08:00:00,180.8112
2014-09-16 09:00:00,171.0324
2014-09-16 10:00:00,323.9024
2014-09-16 11:00:00,443.2693
2014-09-16 12:00:00,307.7924
2014-09-16 13:00:00,163.5671
2014-09-16 14:00:00,285.7051
2014-09-16 15:00:00,209.2608
2014-09-16 16:00:00,168.0799
2014-09-16 17:00:00,134.743
2014-09-16 18:00:00,68.8611
2014-09-16 19:00:00,153.5406
2014-09-16 20:00:00,156.0759
2014-09-16 21:00:00,214.6971
2014-09-16 22:00:00,195.3087
2014-09-16 23:00:00,135.6617
2014-09-17 00:00:00,187.6604
2014-09-17 01:00:00,172.419
2014-09-17 02:00:00,171.3728
2014-09-17 03:00:00,113.3842
2014-09-17 04:00:00,124.1224
2014-09-17 05:00:00,171.2982
2014-09-17 06:00:00,166.8103
2014-09-17 07:00:00,143.7117
2014-09-17 08:00:00,96.8527
2014-09-17 09:00:00,118.2327
2014-09-17 10:00:00,153.8021
2014-09-17 11:00:00,186.847
2014-09-17 12:00:00,220.8296
2014-09-17 13:00:00,95.5823
2014-09-17 14:00:00,285.7051
2014-09-17 15:00:00,209.2608
2014-09-17 16:00:00,168.0799
2014-09-17 17:00:00,134.743
2014-09-17 18:00:00,68.8611
2014-09-17 19:00:00,153.5406
2014-09-17 20:00:00,156.0759
2014-09-17 21:00:00,376.5027
2014-09-17 22:00:00,144.3712
2014-09-17 23:00:00,177.1028
2014-09-18 00:00:00,162.6205
2014-09-18 01:00:00,229.0023
2014-09-18 02:00:00,224.8932
2014-09-18 03:00:00,171.2902
2014-09-18 04:00:00,97.1522
2014-09-18 05:00:00,208.243
2014-09-18 06:00:00,177.8243
2014-09-18 07:00:00,172.2255
2014-09-18 08:00:00,147.4863
2014-09-18 09:00:00,184.8752
2014-09-18 10:00:00,129.9876
2014-09-18 11:00:00,166.2094
2014-09-18 12:00:00,190.7906
2014-09-18 13:00:00,193.8194
2014-09-18 14:00:00,220.5502
2014-09-18 15:00:00,341.6636
2014-09-18 16:00:00,224.0142
2014-09-18 17:00:00,235.1747
2014-09-18 18:00:00,289.5872
2014-09-18 19:00:00,308.0762
2014-09-18 20:00:00,343.2277
2014-09-18 21:00:00,394.9666
2014-09-18 22:00:00,186.6089
2014-09-18 23:00:00,176.218
2014-09-19 00:00:00,170.2318
2014-09-19 01:00:00,169.2748
2014-09-19 02:00:00,132.6046
2014-09-19 03:00:00,121.0734
2014-09-19 04:00:00,172.8252
2014-09-19 05:00:00,621.9027
2014-09-19 06:00:00,561.4953
2014-09-19 07:00:00,142.6047
2014-09-19 08:00:00,157.1731
2014-09-19 09:00:00,273.4904
2014-09-19 10:00:00,178.6219
2014-09-19 11:00:00,105.8428
2014-09-19 12:00:00,239.5411
2014-09-19 13:00:00,224.842
2014-09-19 14:00:00,212.11
2014-09-19 15:00:00,207.5211
2014-09-19 16:00:00,770.0738
2014-09-19 17:00:00,1376.6152
2014-09-19 18:00:00,1600.9383
2014-09-19 19:00:00,1119.6356
2014-09-19 20:00:00,489.643
2014-09-19 21:00:00,861.1746
2014-09-19 22:00:00,276.966
2014-09-19 23:00:00,193.5802
2014-09-20 00:00:00,104.3514
2014-09-20 01:00:00,151.3551
2014-09-20 02:00:00,170.8285
2014-09-20 03:00:00,179.1124
2014-09-20 04:00:00,154.9355
2014-09-20 05:00:00,108.0913
2014-09-20 06:00:00,218.5291
2014-09-20 07:00:00,145.8697
2014-09-20 08:00:00,174.0487
2014-09-20 09:00:00,86.8517
2014-09-20 10:00:00,159.48
2014-09-20 11:00:00,403.8414
2014-09-20 12:00:00,217.7989
2014-09-20 13:00:00,159.2508
2014-09-20 14:00:00,184.6302
2014-09-20 15:00:00,150.7564
2014-09-20 16:00:00,936.9157
2014-09-20 17:00:00,1473.2484
2014-09-20 18:00:00,1419.2813
2014-09-20 19:00:00,1064.7997
2014-09-20 20:00:00,474.628
2014-09-20 21:00:00,1092.0408
2014-09-20 22:00:00,147.9558
2014-09-20 23:00:00,128.0641
2014-09-21 00:00:00,158.9987
2014-09-21 01:00:00,157.0762
2014-09-21 02:00:00,126.5617
2014-09-21 03:00:00,100.7779
2014-09-21 04:00:00,170.4918
2014-09-21 05:00:00,169.4444
2014-09-21 06:00:00,158.1541
2014-09-21 07:00:00,63.1329
2014-09-21 08:00:00,164.7403
2014-09-21 09:00:00,170.6519
2014-09-21 10:00:00,258.5388
2014-09-21 11:00:00,367.5002
2014-09-21 12:00:00,465.2148
2014-09-21 13:00:00,452.1477
2014-09-21 14:00:00,243.3141
2014-09-21 15:00:00,178.7304
2014-09-21 16:00:00,162.8158
2014-09-21 17:00:00,328.0731
2014-09-21 18:00:00,412.9629
2014-09-21 19:00:00,487.0194
2014-09-21 20:00:00,440.2708
2014-09-21 21:00:00,359.5107
2014-09-21 22:00:00,227.5639
2014-09-21 23:00:00,208.1185
2014-09-22 00:00:00,167.8989
2014-09-22 01:00:00,89.7871
2014-09-22 02:00:00,160.7002
2014-09-22 03:00:00,176.782
2014-09-22 04:00:00,181.3082
2014-09-22 05:00:00,193.0929
2014-09-22 06:00:00,87.7121
2014-09-22 07:00:00,156.18
2014-09-22 08:00:00,175.2943
2014-09-22 09:00:00,181.0525
2014-09-22 10:00:00,140.6922
2014-09-22 11:00:00,122.9936
2014-09-22 12:00:00,320.2118
2014-09-22 13:00:00,274.472
2014-09-22 14:00:00,255.3185
2014-09-22 15:00:00,608.5172
2014-09-22 16:00:00,720.0386
2014-09-22 17:00:00,746.986
2014-09-22 18:00:00,537.7507
2014-09-22 19:00:00,489.6771
2014-09-22 20:00:00,405.2532
2014-09-22 21:00:00,351.8697
2014-09-22 22:00:00,227.0431
2014-09-22 23:00:00,228.4281
2014-09-23 00:00:00,190.3368
2014-09-23 01:00:00,119.5235
2014-09-23 02:00:00,193.1575
2014-09-23 03:00:00,190.474
2014-09-23 04:00:00,154.6895
2014-09-23 05:00:00,107.896
2014-09-23 06:00:00,174.5917
2014-09-23 07:00:00,158.7685
2014-09-23 08:00:00,197.9189
2014-09-23 09:00:00,70.1178
2014-09-23 10:00:00,204.0408
2014-09-23 11:00:00,231.804
2014-09-23 12:00:00,244.8638
2014-09-23 13:00:00,145.5447
2014-09-23 14:00:00,270.7663
2014-09-23 15:00:00,272.7435
2014-09-23 16:00:00,178.3194
2014-09-23 17:00:00,303.2949
2014-09-23 18:00:00,262.7681
2014-09-23 19:00:00,537.3892
2014-09-23 20:00:00,489.3633
2014-09-23 21:00:00,546.016
2014-09-23 22:00:00,224.0821
2014-09-23 23:00:00,215.3224
2014-09-24 00:00:00,160.16
2014-09-24 01:00:00,135.1223
2014-09-24 02:00:00,213.6966
2014-09-24 03:00:00,203.9529
2014-09-24 04:00:00,87.3513
2014-09-24 05:00:00,225.4598
2014-09-24 06:00:00,180.2086
2014-09-24 07:00:00,97.9168
2014-09-24 08:00:00,162.1906
2014-09-24 09:00:00,696.3586
2014-09-24 10:00:00,485.1439
2014-09-24 11:00:00,337.2263
2014-09-24 12:00:00,604.3402
2014-09-24 13:00:00,257.4625
2014-09-24 14:00:00,250.8952
2014-09-24 15:00:00,158.1572
2014-09-24 16:00:00,160.7126
2014-09-24 17:00:00,522.0697
2014-09-24 18:00:00,475.4934
2014-09-24 19:00:00,347.2015
2014-09-24 20:00:00,354.2308
2014-09-24 21:00:00,442.6041
2014-09-24 22:00:00,196.9401
2014-09-24 23:00:00,169.4723
2014-09-25 00:00:00,91.3919
2014-09-25 01:00:00,148.4178
2014-09-25 02:00:00,167.5283
2014-09-25 03:00:00,166.5367
2014-09-25 04:00:00,163.9213
2014-09-25 05:00:00,127.0749
2014-09-25 06:00:00,97.7587
2014-09-25 07:00:00,140.7025
2014-09-25 08:00:00,173.7514
2014-09-25 09:00:00,165.7867
2014-09-25 10:00:00,174.2772
2014-09-25 11:00:00,190.0181
2014-09-25 12:00:00,172.8431
2014-09-25 13:00:00,213.1643
2014-09-25 14:00:00,255.309
2014-09-25 15:00:00,564.5925
2014-09-25 16:00:00,358.4974
2014-09-25 17:00:00,254.9627
2014-09-25 18:00:00,329.8423
2014-09-25 19:00:00,485.9408
2014-09-25 20:00:00,480.0756
2014-09-25 21:00:00,411.1059
2014-09-25 22:00:00,194.0898
2014-09-25 23:00:00,164.0446
2014-09-26 00:00:00,153.1006
2014-09-26 01:00:00,113.5009
2014-09-26 02:00:00,129.1868
2014-09-26 03:00:00,160.8285
2014-09-26 04:00:00,212.039
2014-09-26 05:00:00,268.9609
2014-09-26 06:00:00,193.4077
2014-09-26 07:00:00,202.4476
2014-09-26 08:00:00,202.5854
2014-09-26 09:00:00,248.9035
2014-09-26 10:00:00,202.63
2014-09-26 11:00:00,175.642
2014-09-26 12:00:00,175.9329
2014-09-26 13:00:00,144.8036
2014-09-26 14:00:00,155.0856
2014-09-26 15:00:00,152.7101
2014-09-26 16:00:00,162.165
2014-09-26 17:00:00,171.6213
2014-09-26 18:00:00,197.5095
2014-09-26 19:00:00,264.5744
2014-09-26 20:00:00,386.0437
2014-09-26 21:00:00,1102.8793
2014-09-26 22:00:00,467.4888
2014-09-26 23:00:00,499.791
2014-09-27 00:00:00,398.427
2014-09-27 01:00:00,422.4714
2014-09-27 02:00:00,403.7493
2014-09-27 03:00:00,391.0128
2014-09-27 04:00:00,547.303
2014-09-27 05:00:00,251.5628
2014-09-27 06:00:00,157.8279
2014-09-27 07:00:00,128.4677
2014-09-27 08:00:00,55.7138
2014-09-27 09:00:00,168.8658
2014-09-27 10:00:00,162.513
2014-09-27 11:00:00,172.9492
2014-09-27 12:00:00,198.5848
2014-09-27 13:00:00,90.7624
2014-09-27 14:00:00,165.6651
2014-09-27 15:00:00,163.8649
2014-09-27 16:00:00,172.7794
2014-09-27 17:00:00,204.9532
2014-09-27 18:00:00,197.7252
2014-09-27 19:00:00,332.5558
2014-09-27 20:00:00,472.3976
2014-09-27 21:00:00,1112.6416
2014-09-27 22:00:00,486.1094
2014-09-27 23:00:00,433.258
2014-09-28 00:00:00,435.6272
2014-09-28 01:00:00,177.809
2014-09-28 02:00:00,178.6686
2014-09-28 03:00:00,179.5075
2014-09-28 04:00:00,101.6921
2014-09-28 05:00:00,152.8604
2014-09-28 06:00:00,145.1168
2014-09-28 07:00:00,140.7164
2014-09-28 08:00:00,101.8277
2014-09-28 09:00:00,1141.1261
2014-09-28 10:00:00,505.5638
2014-09-28 11:00:00,430.5979
2014-09-28 12:00:00,179.4641
2014-09-28 13:00:00,159.8776
2014-09-28 14:00:00,117.5301
2014-09-28 15:00:00,166.8907
2014-09-28 16:00:00,180.0197
2014-09-28 17:00:00,251.7468
2014-09-28 18:00:00,298.1183
2014-09-28 19:00:00,484.3199
2014-09-28 20:00:00,467.4238
2014-09-28 21:00:00,406.1749
2014-09-28 22:00:00,134.9385
2014-09-28 23:00:00,87.2435
2014-09-29 00:00:00,155.9995
2014-09-29 01:00:00,164.0875
2014-09-29 02:00:00,165.5244
2014-09-29 03:00:00,157.3442
2014-09-29 04:00:00,81.4819
2014-09-29 05:00:00,190.7255
2014-09-29 06:00:00,174.0298
2014-09-29 07:00:00,165.3725
2014-09-29 08:00:00,163.7495
2014-09-29 09:00:00,80.5753
2014-09-29 10:00:00,182.2074
2014-09-29 11:00:00,163.905
2014-09-29 12:00:00,240.6605
2014-09-29 13:00:00,259.7744
2014-09-29 14:00:00,217.4563
2014-09-29 15:00:00,140.351
2014-09-29 16:00:00,234.9515
2014-09-29 17:00:00,933.7056
2014-09-29 18:00:00,1585.622
2014-09-29 19:00:00,310.4431
2014-09-29 20:00:00,392.8042
2014-09-29 21:00:00,493.0313
2014-09-29 22:00:00,203.0106
2014-09-29 23:00:00,211.1897
2014-09-30 00:00:00,177.2637
2014-09-30 01:00:00,110.6293
2014-09-30 02:00:00,175.6444
2014-09-30 03:00:00,174.5421
2014-09-30 04:00:00,174.0836
2014-09-30 05:00:00,144.6776
2014-09-30 06:00:00,179.5963
2014-09-30 07:00:00,175.0388
2014-09-30 08:00:00,225.8059
2014-09-30 09:00:00,152.1901
2014-09-30 10:00:00,245.328
2014-09-30 11:00:00,274.5967
2014-09-30 12:00:00,234.9521
2014-09-30 13:00:00,296.5103
2014-09-30 14:00:00,189.5101
2014-09-30 15:00:00,242.1785
2014-09-30 16:00:00,222.9532
2014-09-30 17:00:00,326.1263
2014-09-30 18:00:00,262.3735
2014-09-30 19:00:00,383.6076
2014-09-30 20:00:00,296.4252
2014-09-30 21:00:00,769.0104
2014-09-30 22:00:00,387.8248
2014-09-30 23:00:00,376.9547
2014-10-01 00:00:00,89.3043
2014-10-01 01:00:00,159.5359
2014-10-01 02:00:00,165.3252
2014-10-01 03:00:00,129.6372
2014-10-01 04:00:00,125.8471
2014-10-01 05:00:00,211.5955
2014-10-01 06:00:00,194.475
2014-10-01 07:00:00,101.798
2014-10-01 08:00:00,164.2079
2014-10-01 09:00:00,170.5711
2014-10-01 10:00:00,168.927
2014-10-01 11:00:00,198.4927
2014-10-01 12:00:00,86.8129
2014-10-01 13:00:00,138.3041
2014-10-01 14:00:00,163.7456
2014-10-01 15:00:00,165.5215
2014-10-01 16:00:00,169.3159
2014-10-01 17:00:00,942.8002
2014-10-01 18:00:00,1338.608
2014-10-01 19:00:00,1497.308
2014-10-01 20:00:00,719.8445
2014-10-01 21:00:00,1218.3907
2014-10-01 22:00:00,212.0858
2014-10-01 23:00:00,195.3313
2014-10-02 00:00:00,171.7232
2014-10-02 01:00:00,156.9208
2014-10-02 02:00:00,145.0662
2014-10-02 03:00:00,94.6453
2014-10-02 04:00:00,145.8021
2014-10-02 05:00:00,228.2691
2014-10-02 06:00:00,165.6516
2014-10-02 07:00:00,184.7501
2014-10-02 08:00:00,415.2066
2014-10-02 09:00:00,325.6573
2014-10-02 10:00:00,347.8265
2014-10-02 11:00:00,228.2408
2014-10-02 12:00:00,168.7329
2014-10-02 13:00:00,201.0965
2014-10-02 14:00:00,320.7453
2014-10-02 15:00:00,223.2256
2014-10-02 16:00:00,380.7137
2014-10-02 17:00:00,1622.7461
2014-10-02 18:00:00,1531.3033
2014-10-02 19:00:00,1502.9234
2014-10-02 20:00:00,618.2558
2014-10-02 21:00:00,327.5474
2014-10-02 22:00:00,185.6805
2014-10-02 23:00:00,92.2101
2014-10-03 00:00:00,149.6586
2014-10-03 01:00:00,173.4962
2014-10-03 02:00:00,172.7648
2014-10-03 03:00:00,171.2748
2014-10-03 04:00:00,1235.4005
2014-10-03 05:00:00,537.7824
2014-10-03 06:00:00,184.7412
2014-10-03 07:00:00,150.8762
2014-10-03 08:00:00,112.4567
2014-10-03 09:00:00,279.7774
2014-10-03 10:00:00,473.0766
2014-10-03 11:00:00,195.7113
2014-10-03 12:00:00,179.6487
2014-10-03 13:00:00,111.9195
2014-10-03 14:00:00,168.6259
2014-10-03 15:00:00,184.0653
2014-10-03 16:00:00,323.8362
2014-10-03 17:00:00,1393.7922
2014-10-03 18:00:00,2707.096
2014-10-03 19:00:00,1304.0694
2014-10-03 20:00:00,823.1627
2014-10-03 21:00:00,401.9445
2014-10-03 22:00:00,169.4837
2014-10-03 23:00:00,173.9154
2014-10-04 00:00:00,167.3085
2014-10-04 01:00:00,169.7865
2014-10-04 02:00:00,170.3703
2014-10-04 03:00:00,118.2094
2014-10-04 04:00:00,158.9579
2014-10-04 05:00:00,291.6338
2014-10-04 06:00:00,578.463
2014-10-04 07:00:00,495.6884
2014-10-04 08:00:00,188.3827
2014-10-04 09:00:00,117.8534
2014-10-04 10:00:00,146.3231
2014-10-04 11:00:00,177.7092
2014-10-04 12:00:00,177.7559
2014-10-04 13:00:00,174.3229
2014-10-04 14:00:00,193.7574
2014-10-04 15:00:00,186.1189
2014-10-04 16:00:00,309.8855
2014-10-04 17:00:00,1304.8998
2014-10-04 18:00:00,1305.5166
2014-10-04 19:00:00,392.1542
2014-10-04 20:00:00,498.4414
2014-10-04 21:00:00,503.8404
2014-10-04 22:00:00,198.2949
2014-10-04 23:00:00,173.5304
2014-10-05 00:00:00,161.5958
2014-10-05 01:00:00,96.209
2014-10-05 02:00:00,137.4818
2014-10-05 03:00:00,265.1124
2014-10-05 04:00:00,234.2445
2014-10-05 05:00:00,164.7836
2014-10-05 06:00:00,1098.2085
2014-10-05 07:00:00,667.2161
2014-10-05 08:00:00,583.6302
2014-10-05 09:00:00,177.4451
2014-10-05 10:00:00,228.2868
2014-10-05 11:00:00,94.6118
2014-10-05 12:00:00,162.618
2014-10-05 13:00:00,217.8986
2014-10-05 14:00:00,185.8487
2014-10-05 15:00:00,172.3112
2014-10-05 16:00:00,124.2661
2014-10-05 17:00:00,172.2978
2014-10-05 18:00:00,411.0431
2014-10-05 19:00:00,357.0056
2014-10-05 20:00:00,487.5057
2014-10-05 21:00:00,1036.7882
2014-10-05 22:00:00,148.9712
2014-10-05 23:00:00,194.9528
2014-10-06 00:00:00,180.6387
2014-10-06 01:00:00,181.6156
2014-10-06 02:00:00,159.5601
2014-10-06 03:00:00,99.8056
2014-10-06 04:00:00,188.9514
2014-10-06 05:00:00,179.051
2014-10-06 06:00:00,155.8105
2014-10-06 07:00:00,45.9623
2014-10-06 08:00:00,164.7165
2014-10-06 09:00:00,185.6133
2014-10-06 10:00:00,165.1178
2014-10-06 11:00:00,99.4426
2014-10-06 12:00:00,179.657
2014-10-06 13:00:00,217.4551
2014-10-06 14:00:00,215.1824
2014-10-06 15:00:00,213.4988
2014-10-06 16:00:00,149.8535
2014-10-06 17:00:00,364.3925
2014-10-06 18:00:00,552.711
2014-10-06 19:00:00,565.8244
2014-10-06 20:00:00,498.518
2014-10-06 21:00:00,390.6683
2014-10-06 22:00:00,208.4607
2014-10-06 23:00:00,190.0672
2014-10-07 00:00:00,117.4336
2014-10-07 01:00:00,165.5449
2014-10-07 02:00:00,192.1842
2014-10-07 03:00:00,192.6022
2014-10-07 04:00:00,209.1118
2014-10-07 05:00:00,184.4
2014-10-07 06:00:00,148.4847
2014-10-07 07:00:00,173.143
2014-10-07 08:00:00,166.1205
2014-10-07 09:00:00,117.7226
2014-10-07 10:00:00,84.6751
2014-10-07 11:00:00,161.8258
2014-10-07 12:00:00,242.1765
2014-10-07 13:00:00,293.5374
2014-10-07 14:00:00,202.5207
2014-10-07 15:00:00,249.0078
2014-10-07 16:00:00,225.5504
2014-10-07 17:00:00,373.8268
2014-10-07 18:00:00,275.1
2014-10-07 19:00:00,503.96
2014-10-07 20:00:00,515.0604
2014-10-07 21:00:00,581.1799
2014-10-07 22:00:00,195.2654
2014-10-07 23:00:00,133.8661
2014-10-08 00:00:00,209.9855
2014-10-08 01:00:00,211.6501
2014-10-08 02:00:00,193.757
2014-10-08 03:00:00,118.5103
2014-10-08 04:00:00,210.0951
2014-10-08 05:00:00,291.7406
2014-10-08 06:00:00,271.5294
2014-10-08 07:00:00,207.8124
2014-10-08 08:00:00,925.2652
2014-10-08 09:00:00,435.7362
2014-10-08 10:00:00,384.4425
2014-10-08 11:00:00,153.5539
2014-10-08 12:00:00,235.2757
2014-10-08 13:00:00,246.1139
2014-10-08 14:00:00,257.9154
2014-10-08 15:00:00,226.2012
2014-10-08 16:00:00,236.3857
2014-10-08 17:00:00,343.2127
2014-10-08 18:00:00,472.4515
2014-10-08 19:00:00,622.983
2014-10-08 20:00:00,605.633
2014-10-08 21:00:00,455.3005
2014-10-08 22:00:00,264.6914
2014-10-08 23:00:00,257.8658
2014-10-09 00:00:00,220.9142
2014-10-09 01:00:00,187.2622
2014-10-09 02:00:00,261.0695
2014-10-09 03:00:00,254.8137
2014-10-09 04:00:00,279.1861
2014-10-09 05:00:00,243.9967
2014-10-09 06:00:00,291.7796
2014-10-09 07:00:00,170.9417
2014-10-09 08:00:00,178.7682
2014-10-09 09:00:00,122.4256
2014-10-09 10:00:00,151.6508
2014-10-09 11:00:00,214.1535
2014-10-09 12:00:00,223.4807
2014-10-09 13:00:00,223.8287
2014-10-09 14:00:00,267.4519
2014-10-09 15:00:00,191.1582
2014-10-09 16:00:00,157.8609
2014-10-09 17:00:00,204.0974
2014-10-09 18:00:00,265.6014
2014-10-09 19:00:00,403.3698
2014-10-09 20:00:00,549.8467
2014-10-09 21:00:00,1092.1987
2014-10-09 22:00:00,437.0059
2014-10-09 23:00:00,185.8565
2014-10-10 00:00:00,186.1716
2014-10-10 01:00:00,210.3512
2014-10-10 02:00:00,187.2811
2014-10-10 03:00:00,152.8984
2014-10-10 04:00:00,114.1967
2014-10-10 05:00:00,198.1705
2014-10-10 06:00:00,202.1355
2014-10-10 07:00:00,170.3145
2014-10-10 08:00:00,176.8284
2014-10-10 09:00:00,189.7147
2014-10-10 10:00:00,190.5366
2014-10-10 11:00:00,128.3143
2014-10-10 12:00:00,151.6028
2014-10-10 13:00:00,244.0048
2014-10-10 14:00:00,326.6899
2014-10-10 15:00:00,258.1384
2014-10-10 16:00:00,201.8674
2014-10-10 17:00:00,236.6843
2014-10-10 18:00:00,360.1346
2014-10-10 19:00:00,554.3129
2014-10-10 20:00:00,519.8574
2014-10-10 21:00:00,643.7067
2014-10-10 22:00:00,162.5782
2014-10-10 23:00:00,177.5217
2014-10-11 00:00:00,217.7561
2014-10-11 01:00:00,221.1324
2014-10-11 02:00:00,219.7522
2014-10-11 03:00:00,162.969
2014-10-11 04:00:00,209.7966
2014-10-11 05:00:00,261.5342
2014-10-11 06:00:00,222.4534
2014-10-11 07:00:00,285.7591
2014-10-11 08:00:00,290.5785
2014-10-11 09:00:00,222.0767
2014-10-11 10:00:00,274.9628
2014-10-11 11:00:00,227.2034
2014-10-11 12:00:00,214.807
2014-10-11 13:00:00,203.2319
2014-10-11 14:00:00,164.4881
2014-10-11 15:00:00,200.7106
2014-10-11 16:00:00,280.3485
2014-10-11 17:00:00,345.5915
2014-10-11 18:00:00,345.6528
2014-10-11 19:00:00,364.8686
2014-10-11 20:00:00,361.376
2014-10-11 21:00:00,494.5602
2014-10-11 22:00:00,239.0906
2014-10-11 23:00:00,154.0357
2014-10-12 00:00:00,192.9349
2014-10-12 01:00:00,213.9537
2014-10-12 02:00:00,209.2116
2014-10-12 03:00:00,194.8921
2014-10-12 04:00:00,110.8566
2014-10-12 05:00:00,189.2795
2014-10-12 06:00:00,177.4639
2014-10-12 07:00:00,251.3268
2014-10-12 08:00:00,440.5109
2014-10-12 09:00:00,467.1004
2014-10-12 10:00:00,364.4273
2014-10-12 11:00:00,248.8007
2014-10-12 12:00:00,226.5303
2014-10-12 13:00:00,308.1422
2014-10-12 14:00:00,130.7793
2014-10-12 15:00:00,126.4858
2014-10-12 16:00:00,156.5764
2014-10-12 17:00:00,225.5056
2014-10-12 18:00:00,405.3394
2014-10-12 19:00:00,399.6148
2014-10-12 20:00:00,571.2219
2014-10-12 21:00:00,577.4516
2014-10-12 22:00:00,198.3181
2014-10-12 23:00:00,172.5819
2014-10-13 00:00:00,130.3749
2014-10-13 01:00:00,107.7037
2014-10-13 02:00:00,182.7294
2014-10-13 03:00:00,177.5977
2014-10-13 04:00:00,180.1894
2014-10-13 05:00:00,343.5856
2014-10-13 06:00:00,352.1284
2014-10-13 07:00:00,205.3042
2014-10-13 08:00:00,203.5443
2014-10-13 09:00:00,140.7905
2014-10-13 10:00:00,111.4401
2014-10-13 11:00:00,295.3566
2014-10-13 12:00:00,247.3794
2014-10-13 13:00:00,249.9056
2014-10-13 14:00:00,241.7869
2014-10-13 15:00:00,236.4238
2014-10-13 16:00:00,386.9297
2014-10-13 17:00:00,393.3157
2014-10-13 18:00:00,431.9228
2014-10-13 19:00:00,476.2179
2014-10-13 20:00:00,528.7821
2014-10-13 21:00:00,773.8466
2014-10-13 22:00:00,200.5362
2014-10-13 23:00:00,215.2579
2014-10-14 00:00:00,189.1011
2014-10-14 01:00:00,130.9408
2014-10-14 02:00:00,140.4329
2014-10-14 03:00:00,186.9397
2014-10-14 04:00:00,186.5447
2014-10-14 05:00:00,274.2283
2014-10-14 06:00:00,80.3213
2014-10-14 07:00:00,178.5027
2014-10-14 08:00:00,175.9846
2014-10-14 09:00:00,170.0944
2014-10-14 10:00:00,108.69
2014-10-14 11:00:00,198.1211
2014-10-14 12:00:00,227.4883
2014-10-14 13:00:00,200.4723
2014-10-14 14:00:00,153.4631
2014-10-14 15:00:00,124.8888
2014-10-14 16:00:00,281.7352
2014-10-14 17:00:00,348.5205
2014-10-14 18:00:00,429.4062
2014-10-14 19:00:00,568.9776
2014-10-14 20:00:00,458.6458
2014-10-14 21:00:00,440.8867
2014-10-14 22:00:00,220.0239
2014-10-14 23:00:00,215.876
2014-10-15 00:00:00,179.9611
2014-10-15 01:00:00,143.1326
2014-10-15 02:00:00,213.2224
2014-10-15 03:00:00,256.2334
2014-10-15 04:00:00,292.8996
2014-10-15 05:00:00,319.4597
2014-10-15 06:00:00,132.5717
2014-10-15 07:00:00,192.9544
2014-10-15 08:00:00,200.0378
2014-10-15 09:00:00,147.6684
2014-10-15 10:00:00,166.4829
2014-10-15 11:00:00,206.2816
2014-10-15 12:00:00,260.3114
2014-10-15 13:00:00,209.075
2014-10-15 14:00:00,131.2409
2014-10-15 15:00:00,269.9002
2014-10-15 16:00:00,347.4604
2014-10-15 17:00:00,1021.1721
2014-10-15 18:00:00,430.2762
2014-10-15 19:00:00,500.4857
2014-10-15 20:00:00,487.053
2014-10-15 21:00:00,286.2234
2014-10-15 22:00:00,124.5855
2014-10-15 23:00:00,109.1757
2014-10-16 00:00:00,153.8466
2014-10-16 01:00:00,154.6303
2014-10-16 02:00:00,150.8946
2014-10-16 03:00:00,87.2126
2014-10-16 04:00:00,218.4808
2014-10-16 05:00:00,379.9626
2014-10-16 06:00:00,251.8858
2014-10-16 07:00:00,199.9259
2014-10-16 08:00:00,188.4336
2014-10-16 09:00:00,239.9097
2014-10-16 10:00:00,302.7091
2014-10-16 11:00:00,165.1866
2014-10-16 12:00:00,109.4468
2014-10-16 13:00:00,130.4376
2014-10-16 14:00:00,168.9151
2014-10-16 15:00:00,167.2886
2014-10-16 16:00:00,180.3376
2014-10-16 17:00:00,293.6201
2014-10-16 18:00:00,204.3845
2014-10-16 19:00:00,454.2912
2014-10-16 20:00:00,477.6003
2014-10-16 21:00:00,836.4044
2014-10-16 22:00:00,500.6125
2014-10-16 23:00:00,231.0224
2014-10-17 00:00:00,106.5252
2014-10-17 01:00:00,147.9424
2014-10-17 02:00:00,166.2311
2014-10-17 03:00:00,165.4439
2014-10-17 04:00:00,167.4922
2014-10-17 05:00:00,213.6915
2014-10-17 06:00:00,271.0477
2014-10-17 07:00:00,138.6029
2014-10-17 08:00:00,87.773
2014-10-17 09:00:00,163.966
2014-10-17 10:00:00,159.8705
2014-10-17 11:00:00,156.8669
2014-10-17 12:00:00,163.944
2014-10-17 13:00:00,150.2819
2014-10-17 14:00:00,74.1259
2014-10-17 15:00:00,113.8817
2014-10-17 16:00:00,135.1822
2014-10-17 17:00:00,233.7801
2014-10-17 18:00:00,251.9154
2014-10-17 19:00:00,275.2968
2014-10-17 20:00:00,421.0412
2014-10-17 21:00:00,1055.2574
2014-10-17 22:00:00,529.7147
2014-10-17 23:00:00,511.9714
2014-10-18 00:00:00,185.2572
2014-10-18 01:00:00,178.7305
2014-10-18 02:00:00,117.1039
2014-10-18 03:00:00,165.5971
2014-10-18 04:00:00,186.957
2014-10-18 05:00:00,180.5719
2014-10-18 06:00:00,176.3073
2014-10-18 07:00:00,243.2784
2014-10-18 08:00:00,734.7575
2014-10-18 09:00:00,308.3477
2014-10-18 10:00:00,452.2283
2014-10-18 11:00:00,480.2694
2014-10-18 12:00:00,153.5851
2014-10-18 13:00:00,97.058
2014-10-18 14:00:00,170.3975
2014-10-18 15:00:00,150.0568
2014-10-18 16:00:00,205.536
2014-10-18 17:00:00,238.7848
2014-10-18 18:00:00,267.1815
2014-10-18 19:00:00,179.2074
2014-10-18 20:00:00,463.3123
2014-10-18 21:00:00,927.0607
2014-10-18 22:00:00,529.1638
2014-10-18 23:00:00,357.6948
2014-10-19 00:00:00,132.4108
2014-10-19 01:00:00,204.3704
2014-10-19 02:00:00,193.2684
2014-10-19 03:00:00,192.5586
2014-10-19 04:00:00,156.8492
2014-10-19 05:00:00,132.8087
2014-10-19 06:00:00,201.2737
2014-10-19 07:00:00,204.3382
2014-10-19 08:00:00,179.482
2014-10-19 09:00:00,84.9859
2014-10-19 10:00:00,154.0541
2014-10-19 11:00:00,202.7827
2014-10-19 12:00:00,184.8518
2014-10-19 13:00:00,177.5478
2014-10-19 14:00:00,99.8959
2014-10-19 15:00:00,198.3622
2014-10-19 16:00:00,250.5151
2014-10-19 17:00:00,281.9804
2014-10-19 18:00:00,314.3242
2014-10-19 19:00:00,555.5386
2014-10-19 20:00:00,589.1078
2014-10-19 21:00:00,1114.8527
2014-10-19 22:00:00,407.6587
2014-10-19 23:00:00,148.5322
2014-10-20 00:00:00,163.2535
2014-10-20 01:00:00,198.9034
2014-10-20 02:00:00,209.2907
2014-10-20 03:00:00,271.0898
2014-10-20 04:00:00,161.7928
2014-10-20 05:00:00,125.8134
2014-10-20 06:00:00,183.1389
2014-10-20 07:00:00,172.0295
2014-10-20 08:00:00,170.1195
2014-10-20 09:00:00,171.9811
2014-10-20 10:00:00,123.7914
2014-10-20 11:00:00,192.8113
2014-10-20 12:00:00,104.8947
2014-10-20 13:00:00,163.0666
2014-10-20 14:00:00,176.585
2014-10-20 15:00:00,179.5683
2014-10-20 16:00:00,195.1473
2014-10-20 17:00:00,339.2412
2014-10-20 18:00:00,334.6067
2014-10-20 19:00:00,414.0957
2014-10-20 20:00:00,440.3099
2014-10-20 21:00:00,1036.7811
2014-10-20 22:00:00,510.2974
2014-10-20 23:00:00,507.273
2014-10-21 00:00:00,459.9114
2014-10-21 01:00:00,238.1277
2014-10-21 02:00:00,207.9594
2014-10-21 03:00:00,208.8272
2014-10-21 04:00:00,189.5696
2014-10-21 05:00:00,117.8017
2014-10-21 06:00:00,206.7427
2014-10-21 07:00:00,222.6562
2014-10-21 08:00:00,148.5148
2014-10-21 09:00:00,167.8731
2014-10-21 10:00:00,123.1646
2014-10-21 11:00:00,144.7567
2014-10-21 12:00:00,198.4833
2014-10-21 13:00:00,188.1301
2014-10-21 14:00:00,168.3794
2014-10-21 15:00:00,97.162
2014-10-21 16:00:00,199.5627
2014-10-21 17:00:00,219.8261
2014-10-21 18:00:00,302.6905
2014-10-21 19:00:00,190.4119
2014-10-21 20:00:00,300.9321
2014-10-21 21:00:00,767.9726
2014-10-21 22:00:00,446.401
2014-10-21 23:00:00,270.1878
2014-10-22 00:00:00,197.8443
2014-10-22 01:00:00,198.114
2014-10-22 02:00:00,107.8993
2014-10-22 03:00:00,172.9505
2014-10-22 04:00:00,193.7045
2014-10-22 05:00:00,174.9893
2014-10-22 06:00:00,115.9775
2014-10-22 07:00:00,147.3325
2014-10-22 08:00:00,151.1787
2014-10-22 09:00:00,50.3616
2014-10-22 10:00:00,143.0009
2014-10-22 11:00:00,196.5762
2014-10-22 12:00:00,177.5514
2014-10-22 13:00:00,86.201
2014-10-22 14:00:00,161.6452
2014-10-22 15:00:00,176.128
2014-10-22 16:00:00,186.8705
2014-10-22 17:00:00,213.7867
2014-10-22 18:00:00,415.5914
2014-10-22 19:00:00,575.6844
2014-10-22 20:00:00,417.9368
2014-10-22 21:00:00,461.0762
2014-10-22 22:00:00,210.5662
2014-10-22 23:00:00,193.836
2014-10-23 00:00:00,193.6442
2014-10-23 01:00:00,91.1149
2014-10-23 02:00:00,133.4608
2014-10-23 03:00:00,159.1195
2014-10-23 04:00:00,157.5693
2014-10-23 05:00:00,242.2356
2014-10-23 06:00:00,76.6975
2014-10-23 07:00:00,143.025
2014-10-23 08:00:00,203.8726
2014-10-23 09:00:00,538.8602
2014-10-23 10:00:00,342.8782
2014-10-23 11:00:00,126.1277
2014-10-23 12:00:00,152.944
2014-10-23 13:00:00,174.6652
2014-10-23 14:00:00,273.4815
2014-10-23 15:00:00,251.9565
2014-10-23 16:00:00,215.5782
2014-10-23 17:00:00,189.6864
2014-10-23 18:00:00,1648.5889
2014-10-23 19:00:00,290.3008
2014-10-23 20:00:00,310.9413
2014-10-23 21:00:00,355.3479
2014-10-23 22:00:00,177.5935
2014-10-23 23:00:00,117.5583
2014-10-24 00:00:00,91.6179
2014-10-24 01:00:00,149.7745
2014-10-24 02:00:00,149.8354
2014-10-24 03:00:00,122.893
2014-10-24 04:00:00,88.5829
2014-10-24 05:00:00,328.9368
2014-10-24 06:00:00,149.7711
2014-10-24 07:00:00,128.4449
2014-10-24 08:00:00,86.7216
2014-10-24 09:00:00,163.8872
2014-10-24 10:00:00,167.7095
2014-10-24 11:00:00,163.7268
2014-10-24 12:00:00,139.1134
2014-10-24 13:00:00,114.474
2014-10-24 14:00:00,166.0646
2014-10-24 15:00:00,165.7014
2014-10-24 16:00:00,182.9072
2014-10-24 17:00:00,84.9297
2014-10-24 18:00:00,843.7986
2014-10-24 19:00:00,182.5016
2014-10-24 20:00:00,333.7034
2014-10-24 21:00:00,541.6666
2014-10-24 22:00:00,210.4219
2014-10-24 23:00:00,96.4361
2014-10-25 00:00:00,118.367
2014-10-25 01:00:00,144.3359
2014-10-25 02:00:00,145.3451
2014-10-25 03:00:00,95.1354
2014-10-25 04:00:00,108.8311
2014-10-25 05:00:00,241.9705
2014-10-25 06:00:00,276.2229
2014-10-25 07:00:00,121.6231
2014-10-25 08:00:00,110.9406
2014-10-25 09:00:00,137.8883
2014-10-25 10:00:00,126.4247
2014-10-25 11:00:00,51.1209
2014-10-25 12:00:00,167.1778
2014-10-25 13:00:00,195.7587
2014-10-25 14:00:00,307.0153
2014-10-25 15:00:00,183.0944
2014-10-25 16:00:00,195.7356
2014-10-25 17:00:00,357.8178
2014-10-25 18:00:00,482.0523
2014-10-25 19:00:00,445.2538
2014-10-25 20:00:00,424.0948
2014-10-25 21:00:00,287.0556
2014-10-25 22:00:00,186.2151
2014-10-25 23:00:00,181.4568
2014-10-26 00:00:00,153.5129
2014-10-26 01:00:00,117.0145
2014-10-26 02:00:00,182.9466
2014-10-26 03:00:00,188.7586
2014-10-26 04:00:00,207.1445
2014-10-26 05:00:00,193.3562
2014-10-26 06:00:00,373.9875
2014-10-26 07:00:00,311.7377
2014-10-26 08:00:00,916.0121
2014-10-26 09:00:00,472.8376
2014-10-26 10:00:00,246.7772
2014-10-26 11:00:00,147.6172
2014-10-26 12:00:00,412.3995
2014-10-26 13:00:00,162.737
2014-10-26 14:00:00,207.0541
2014-10-26 15:00:00,219.6228
2014-10-26 16:00:00,154.3927
2014-10-26 17:00:00,145.5476
2014-10-26 18:00:00,75.5909
2014-10-26 19:00:00,177.3732
2014-10-26 20:00:00,430.2965
2014-10-26 21:00:00,502.9388
2014-10-26 22:00:00,568.7101
2014-10-26 23:00:00,173.7256
2014-10-27 00:00:00,152.9077
2014-10-27 01:00:00,97.9425
2014-10-27 02:00:00,107.2239
2014-10-27 03:00:00,153.5995
2014-10-27 04:00:00,110.3443
2014-10-27 05:00:00,116.1141
2014-10-27 06:00:00,247.0722
2014-10-27 07:00:00,107.6608
2014-10-27 08:00:00,112.1926
2014-10-27 09:00:00,162.8382
2014-10-27 10:00:00,61.2428
2014-10-27 11:00:00,154.9089
2014-10-27 12:00:00,339.3751
2014-10-27 13:00:00,143.2418
2014-10-27 14:00:00,211.3663
2014-10-27 15:00:00,220.7388
2014-10-27 16:00:00,222.4161
2014-10-27 17:00:00,436.8007
2014-10-27 18:00:00,439.5454
2014-10-27 19:00:00,313.9762
2014-10-27 20:00:00,624.101
2014-10-27 21:00:00,175.8489
2014-10-27 22:00:00,116.1428
2014-10-27 23:00:00,186.2092
2014-10-28 00:00:00,162.6833
2014-10-28 01:00:00,60.6996
2014-10-28 02:00:00,154.9462
2014-10-28 03:00:00,110.9962
2014-10-28 04:00:00,95.3857
2014-10-28 05:00:00,150.1215
2014-10-28 06:00:00,84.5403
2014-10-28 07:00:00,169.5314
2014-10-28 08:00:00,132.2034
2014-10-28 09:00:00,42.2417
2014-10-28 10:00:00,137.0623
2014-10-28 11:00:00,155.5146
2014-10-28 12:00:00,156.293
2014-10-28 13:00:00,155.5715
2014-10-28 14:00:00,163.4628
2014-10-28 15:00:00,196.2473
2014-10-28 16:00:00,319.7833
2014-10-28 17:00:00,130.7888
2014-10-28 18:00:00,310.0544
2014-10-28 19:00:00,209.4947
2014-10-28 20:00:00,293.3462
2014-10-28 21:00:00,327.0664
2014-10-28 22:00:00,459.7767
2014-10-28 23:00:00,106.0176
2014-10-29 00:00:00,135.9386
2014-10-29 01:00:00,134.0791
2014-10-29 02:00:00,112.6085
2014-10-29 03:00:00,67.0533
2014-10-29 04:00:00,137.1817
2014-10-29 05:00:00,136.0967
2014-10-29 06:00:00,149.2014
2014-10-29 07:00:00,283.9174
2014-10-29 08:00:00,195.5489
2014-10-29 09:00:00,55.9442
2014-10-29 10:00:00,136.8257
2014-10-29 11:00:00,135.927
2014-10-29 12:00:00,95.5514
2014-10-29 13:00:00,125.581
2014-10-29 14:00:00,267.0382
2014-10-29 15:00:00,396.617
2014-10-29 16:00:00,157.8965
2014-10-29 17:00:00,159.1685
2014-10-29 18:00:00,239.7164
2014-10-29 19:00:00,290.8356
2014-10-29 20:00:00,432.5021
2014-10-29 21:00:00,396.3792
2014-10-29 22:00:00,433.5644
2014-10-29 23:00:00,60.9201
2014-10-30 00:00:00,136.0913
2014-10-30 01:00:00,129.4347
2014-10-30 02:00:00,39.6222
2014-10-30 03:00:00,137.8443
2014-10-30 04:00:00,137.4708
2014-10-30 05:00:00,181.3237
2014-10-30 06:00:00,379.9473
2014-10-30 07:00:00,242.682
2014-10-30 08:00:00,100.1649
2014-10-30 09:00:00,170.8648
2014-10-30 10:00:00,156.1645
2014-10-30 11:00:00,136.5591
2014-10-30 12:00:00,194.7509
2014-10-30 13:00:00,165.9006
2014-10-30 14:00:00,168.5088
2014-10-30 15:00:00,181.8145
2014-10-30 16:00:00,348.9484
2014-10-30 17:00:00,556.3072
2014-10-30 18:00:00,501.8567
2014-10-30 19:00:00,280.8429
2014-10-30 20:00:00,468.8914
2014-10-30 21:00:00,563.5891
2014-10-30 22:00:00,457.1735
2014-10-30 23:00:00,183.3442
2014-10-31 00:00:00,170.1039
2014-10-31 01:00:00,72.4533
2014-10-31 02:00:00,153.4952
2014-10-31 03:00:00,138.7774
2014-10-31 04:00:00,39.2517
2014-10-31 05:00:00,138.3578
2014-10-31 06:00:00,298.1846
2014-10-31 07:00:00,39.0756
2014-10-31 08:00:00,185.6641
2014-10-31 09:00:00,234.497
2014-10-31 10:00:00,103.0898
2014-10-31 11:00:00,811.9002
2014-10-31 12:00:00,194.7509
2014-10-31 13:00:00,165.9006
2014-10-31 14:00:00,168.5088
2014-10-31 15:00:00,181.8145
2014-10-31 16:00:00,348.9484
2014-10-31 17:00:00,556.3072
2014-10-31 18:00:00,501.8567
2014-10-31 19:00:00,280.8429
2014-10-31 20:00:00,468.8914
2014-10-31 21:00:00,563.5891
2014-10-31 22:00:00,457.1735
2014-10-31 23:00:00,183.3442
2014-11-01 00:00:00,170.1039
2014-11-01 01:00:00,72.4533
2014-11-01 02:00:00,153.4952
2014-11-01 03:00:00,138.7774
2014-11-01 04:00:00,39.2517
2014-11-01 05:00:00,329.2881
2014-11-01 06:00:00,151.1337
2014-11-01 07:00:00,142.7959
2014-11-01 08:00:00,37.7116
2014-11-01 09:00:00,143.2588
2014-11-01 10:00:00,142.8753
2014-11-01 11:00:00,37.5546
2014-11-01 12:00:00,143.6758
2014-11-01 13:00:00,142.4997
2014-11-01 14:00:00,37.6873
2014-11-01 15:00:00,138.7551
2014-11-01 16:00:00,139.1534
2014-11-01 17:00:00,37.4231
2014-11-01 18:00:00,133.7852
2014-11-01 19:00:00,132.5528
2014-11-01 20:00:00,37.6268
2014-11-01 21:00:00,132.5124
2014-11-01 22:00:00,181.8795
2014-11-01 23:00:00,37.9015
2014-11-02 00:00:00,136.4473
2014-11-02 01:00:00,137.0668
2014-11-02 02:00:00,72.5205
2014-11-02 03:00:00,109.0356
2014-11-02 04:00:00,138.1177
2014-11-02 05:00:00,88.6832
2014-11-02 06:00:00,92.5795
2014-11-02 07:00:00,137.3461
2014-11-02 08:00:00,108.7516
2014-11-02 09:00:00,69.1741
2014-11-02 10:00:00,135.8245
2014-11-02 11:00:00,131.8807
2014-11-02 12:00:00,45.207
2014-11-02 13:00:00,134.6542
2014-11-02 14:00:00,138.7728
2014-11-02 15:00:00,37.8058
2014-11-02 16:00:00,134.8083
2014-11-02 17:00:00,136.2348
2014-11-02 18:00:00,37.5201
2014-11-02 19:00:00,138.2161
2014-11-02 20:00:00,137.3841
2014-11-02 21:00:00,66.8097
2014-11-02 22:00:00,156.0276
2014-11-02 23:00:00,139.7441
2014-11-03 00:00:00,93.8334
2014-11-03 01:00:00,92.5616
2014-11-03 02:00:00,140.383
2014-11-03 03:00:00,102.8703
2014-11-03 04:00:00,80.6333
2014-11-03 05:00:00,136.862
2014-11-03 06:00:00,113.8778
2014-11-03 07:00:00,65.7588
2014-11-03 08:00:00,138.0022
2014-11-03 09:00:00,118.13
2014-11-03 10:00:00,63.0876
2014-11-03 11:00:00,140.1367
2014-11-03 12:00:00,124.6263
2014-11-03 13:00:00,53.4
2014-11-03 14:00:00,140.8473
2014-11-03 15:00:00,127.8214
2014-11-03 16:00:00,53.9637
2014-11-03 17:00:00,139.5585
2014-11-03 18:00:00,119.76
2014-11-03 19:00:00,62.7222
2014-11-03 20:00:00,139.2752
2014-11-03 21:00:00,105.113
2014-11-03 22:00:00,107.3823
2014-11-03 23:00:00,132.6388
2014-11-04 00:00:00,131.0858
2014-11-04 01:00:00,37.7949
2014-11-04 02:00:00,128.5865
2014-11-04 03:00:00,134.2468
2014-11-04 04:00:00,89.4688
2014-11-04 05:00:00,84.441
2014-11-04 06:00:00,127.6961
2014-11-04 07:00:00,129.0477
2014-11-04 08:00:00,37.4201
2014-11-04 09:00:00,130.8815
2014-11-04 10:00:00,128.8344
2014-11-04 11:00:00,100.1038
2014-11-04 12:00:00,75.193
2014-11-04 13:00:00,130.2915
2014-11-04 14:00:00,131.1669
2014-11-04 15:00:00,37.4799
2014-11-04 16:00:00,130.6302
2014-11-04 17:00:00,129.3152
2014-11-04 18:00:00,91.4651
2014-11-04 19:00:00,82.9863
2014-11-04 20:00:00,129.1711
2014-11-04 21:00:00,132.1991
2014-11-04 22:00:00,74.9895
2014-11-04 23:00:00,134.7087
2014-11-05 00:00:00,137.5438
2014-11-05 01:00:00,37.5284
2014-11-05 02:00:00,133.713
2014-11-05 03:00:00,133.6011
2014-11-05 04:00:00,72.7319
2014-11-05 05:00:00,102.4379
2014-11-05 06:00:00,133.4408
2014-11-05 07:00:00,107.3348
2014-11-05 08:00:00,66.6042
2014-11-05 09:00:00,133.2704
2014-11-05 10:00:00,132.6335
2014-11-05 11:00:00,42.2819
2014-11-05 12:00:00,134.8335
2014-11-05 13:00:00,135.1173
2014-11-05 14:00:00,37.4595
2014-11-05 15:00:00,133.6686
2014-11-05 16:00:00,135.29
2014-11-05 17:00:00,37.1682
2014-11-05 18:00:00,134.7143
2014-11-05 19:00:00,133.8791
2014-11-05 20:00:00,37.4619
2014-11-05 21:00:00,135.7943
2014-11-05 22:00:00,189.6791
2014-11-05 23:00:00,52.3585
2014-11-06 00:00:00,121.1328
2014-11-06 01:00:00,133.0663
2014-11-06 02:00:00,94.5215
2014-11-06 03:00:00,81.7719
2014-11-06 04:00:00,134.5312
2014-11-06 05:00:00,117.8811
2014-11-06 06:00:00,58.5688
2014-11-06 07:00:00,134.1478
2014-11-06 08:00:00,133.9715
2014-11-06 09:00:00,37.9481
2014-11-06 10:00:00,235.7189
2014-11-06 11:00:00,537.9004
2014-11-06 12:00:00,285.6585
2014-11-06 13:00:00,236.4149
2014-11-06 14:00:00,309.9322
2014-11-06 15:00:00,231.9394
